Name,Term,ES,NES,NOM p-val,FDR q-val,FWER p-val,Tag %,Gene %,Lead_genes
prerank,Maintenance Of Blood-Brain Barrier (GO:0035633),-0.7836108414924424,-2.108738362472738,0.0,0.0,0.0,12/25,10.37%,GJB6;CDH5;DMD;LAMA2;ESAM;TJP1;OCLN;CLDN5;LAMC1;LSR;IL6;JAM2
prerank,Cellular Defense Response (GO:0006968),0.6842604914350047,2.0438297157339838,0.0,0.11091758830613531,0.072,11/39,9.68%,NCF2;TYROBP;LSP1;LY96;LGALS3BP;RELA;BECN1;PTK2B;C5AR1;GNLY;RAB23
prerank,Cellular Response To Low-Density Lipoprotein Particle Stimulus (GO:0071404),0.7763461277861804,2.0426151123758673,0.0,0.05847285905269089,0.077,9/22,5.68%,SYK;CD68;TREM2;ITGB2;CD9;PPARG;FCER1G;AKT1;MYD88
prerank,Superoxide Metabolic Process (GO:0006801),0.7364176245761376,2.026737848019387,0.0,0.05063629031367046,0.103,9/26,13.14%,CYBA;NCF2;SOD2;PREX1;CYBB;NCF4;CCS;CYB5R4;SH3PXD2B
prerank,Multicellular Organismal-Level Water Homeostasis (GO:0050891),0.88450969009182,2.009643091309264,0.0,0.05184191627351976,0.135,2/12,0.56%,AQP1;AQP4
prerank,Positive Regulation Of Phagocytosis (GO:0050766),0.6338358805311357,2.009503997863357,0.0,0.0414735330188158,0.135,15/54,5.57%,CYBA;TREM2;PYCARD;CD300LF;C3;CCL2;PTPRJ;SIRPA;C2;MERTK;NCKAP1L;SLC11A1;MYO18A;FCER1G;RAB27A
prerank,Regulation Of B Cell Differentiation (GO:0045577),0.8064529900706874,2.0046319607700185,0.0,0.03878096837515237,0.152,7/17,5.51%,SPI1;SYK;XBP1;SLAMF8;NCKAP1L;INHBA;MMP14
prerank,Regulation Of Interleukin-6 Production (GO:0032675),0.5841378135981657,2.0038110571531154,0.0,0.03392975915575878,0.155,25/99,11.35%,LILRB4;CYBA;TYROBP;LILRA2;LGALS9;SYK;TREM2;CD74;PYCARD;XBP1;SCIMP;SIRPA;NCKAP1L;AIF1;PTPN6;TLR7;MYD88;CD84;NMB;TLR2;HSPD1;TLR3;MAPKAPK2;BCL10;LCP1
prerank,Acylglycerol Metabolic Process (GO:0006639),0.6838194785766255,1.9984278770813442,0.0,0.0330040106508745,0.172,4/33,1.62%,APOBR;APOE;APOC1;SEL1L
prerank,Cellular Response To Inorganic Substance (GO:0071241),0.814247607756103,1.9976006346021864,0.0,0.0296048152362994,0.173,2/16,3.32%,AQP1;RTF2
prerank,Negative Regulation Of Immune Response (GO:0050777),0.6096256867737412,1.9848028908731308,0.0,0.03460146504767481,0.209,15/58,9.13%,SPI1;HAVCR2;SYK;TREM2;HCK;LGALS3;LILRB1;TYRO3;LYN;SAMSN1;AKT1;CD300A;PARP1;FCGR2B;TRIM27
prerank,Negative Regulation Of Interleukin-2 Production (GO:0032703),0.7433471785001806,1.9804076702753366,0.00234192037470726,0.033757526875780305,0.221,5/20,1.60%,LILRB4;HAVCR2;HOMER3;LAPTM5;EZR
prerank,Renal Water Homeostasis (GO:0003091),0.908558562601277,1.979641059705217,0.0,0.031245806126094268,0.222,2/10,0.56%,AQP1;AQP4
prerank,Positive Regulation Of B Cell Activation (GO:0050871),0.6326502561129881,1.9784338219936277,0.0,0.029398725328632854,0.227,13/46,7.83%,SPI1;SYK;CD74;XBP1;IRS2;TNFSF13B;NCKAP1L;SASH3;CD38;CLCF1;MMP14;TNIP2;BTK
prerank,Negative Regulation Of Cysteine-Type Endopeptidase Activity Involved In Apoptotic Process (GO:0043154),0.641064889917268,1.9729503397283912,0.0,0.031087926536114013,0.25,8/41,8.63%,AQP1;CD44;USP47;SFN;NOL3;LAMTOR5;RNF34;SNCA
prerank,Positive Regulation Of Calcium Ion Transmembrane Transport (GO:1904427),-0.6917665077461636,-1.9683510092913235,0.0,0.03829642493993575,0.085,7/34,6.94%,CEMIP;CACNB2;THY1;P2RX5;PLCG1;PPP3R1;GRIN1
prerank,Positive Regulation Of Interleukin-4 Production (GO:0032753),0.7886643594503238,1.9585453068887368,0.002347417840375587,0.03729402969133824,0.306,6/16,6.04%,HAVCR2;LGALS9;SYK;FCER1G;CEBPB;GATA3
prerank,Negative Regulation Of Type II Interferon Production (GO:0032689),0.7372641740124417,1.9583799079650224,0.0,0.03511385608061077,0.308,6/21,3.69%,LILRB4;HAVCR2;LGALS9;LAPTM5;LILRB1;INHBA
prerank,Nitric Oxide Mediated Signal Transduction (GO:0007263),0.8335716762220924,1.9573184378565853,0.0,0.033473850179345184,0.31,5/15,6.85%,APOE;DDAH1;DDAH2;RILPL1;FPR1
prerank,Positive Regulation Of Pattern Recognition Receptor Signaling Pathway (GO:0062208),0.6656589336430818,1.9568064338377589,0.0022935779816513763,0.031681171056039854,0.31,12/34,17.07%,CYBA;NINJ1;LTF;SLC15A4;IFI35;CD14;TLR2;TLR3;WDFY1;OASL;TLR1;ZCCHC3
prerank,Regulation Of Fibroblast Proliferation (GO:0048145),0.6395496253016024,1.9514028437788922,0.0,0.033186440894799066,0.337,12/43,6.32%,AQP1;S100A6;CD74;FTH1;DDR2;PARP10;CDKN1A;CDC73;PDGFA;MED9;CD300A;GSTP1
prerank,Regulation Of Lamellipodium Morphogenesis (GO:2000392),0.9154078617400976,1.9461442183370157,0.0,0.03405893336574263,0.355,5/9,2.03%,CD44;PDPN;CORO1C;CORO1B;ARPIN
prerank,Protein Localization To Cell-Cell Junction (GO:0150105),-0.8685985616713656,-1.934991757839174,0.0,0.04911932764035238,0.152,5/12,9.09%,DSP;CDH5;CGNL1;TJP1;LSR
prerank,Negative Regulation Of T Cell Proliferation (GO:0042130),0.6885593335381222,1.933583517192245,0.0,0.04013012123498374,0.42,8/30,4.97%,LILRB4;LGALS9;GPNMB;LILRB1;SDC4;PRKAR1A;CEBPB;DLG5
prerank,Negative Regulation Of Immune Effector Process (GO:0002698),0.8315799561195676,1.9291408820075402,0.002207505518763797,0.040443270834944596,0.431,6/12,6.09%,HAVCR2;GRN;LGALS3;SLAMF8;LILRB1;CD300A
prerank,Positive Regulation Of Heart Rate (GO:0010460),-0.8032080454536771,-1.9155263139995293,0.0,0.0555714427117546,0.217,7/15,6.19%,PDE4D;RYR2;TPM1;EDN3;HRC;ADRA1D;ADRA1B
prerank,Phospholipid Efflux (GO:0033700),0.8900687502009897,1.9144536959496412,0.0,0.0510032199536246,0.527,4/9,1.39%,APOE;APOC1;ABCG1;APOC2
prerank,Negative Regulation Of Myeloid Leukocyte Differentiation (GO:0002762),0.7061050167567041,1.9138465997771221,0.0,0.04917949227885256,0.529,8/25,9.11%,LILRB4;MAFB;C1QC;GPR137B;INHBA;PTPN2;TMEM178A;TLR3
prerank,Triglyceride Metabolic Process (GO:0006641),0.6448008167878446,1.9103007449636062,0.0,0.04952711443060911,0.549,10/37,11.35%,APOBR;APOE;APOC1;SEL1L;GPAT4;LIPE;GPIHBP1;CETP;LCP1;GCK
prerank,Negative Regulation Of Lymphocyte Proliferation (GO:0050672),0.6652204551080285,1.9076615988286927,0.0,0.04956977504149608,0.562,10/32,6.09%,LILRB4;TYROBP;LST1;GPNMB;LILRB1;LYN;SDC4;CEBPB;DLG5;CD300A
prerank,Positive Regulation Of B Cell Differentiation (GO:0045579),0.8976967213719976,1.9071227454604913,0.0,0.047957121514005364,0.562,5/9,5.51%,SPI1;SYK;XBP1;NCKAP1L;MMP14
prerank,Positive Regulation Of Interleukin-6 Production (GO:0032755),0.5844706529293093,1.9049886063275154,0.0,0.047579167344052604,0.576,17/65,11.35%,CYBA;TYROBP;LILRA2;LGALS9;SYK;CD74;PYCARD;XBP1;SCIMP;AIF1;TLR7;MYD88;TLR2;HSPD1;TLR3;BCL10;LCP1
prerank,Negative Regulation Of Endocytosis (GO:0045806),0.6592473951933205,1.9045680794903215,0.002506265664160401,0.04610479963699553,0.577,9/33,9.02%,APOC1;LGALS3;APOC2;PACSIN3;LILRB1;SIRPA;ARF6;TLR2;FCGR2B
prerank,Negative Regulation Of Intrinsic Apoptotic Signaling Pathway By P53 Class Mediator (GO:1902254),0.7794130117096607,1.8989213128825402,0.0021598272138228943,0.04931010175783623,0.605,4/15,7.33%,CD44;CD74;ZNF385A;MUC1
prerank,Lipopolysaccharide-Mediated Signaling Pathway (GO:0031663),0.7276855787045226,1.8962031698757575,0.0,0.04958622899380172,0.622,6/20,8.01%,HCK;CCL2;MTDH;TGFB1;LYN;CD6
prerank,Astral Microtubule Organization (GO:0030953),0.9107119497460825,1.8943159804701193,0.0,0.04976974665502878,0.643,4/8,4.01%,EZR;KPNB1;TPPP;LIMK2
prerank,Superoxide Anion Generation (GO:0042554),0.8160324018725544,1.8933284843058957,0.0022222222222222222,0.04906532315386684,0.648,4/12,6.21%,CYBA;NCF2;CYBB;NCF4
prerank,Lipid Translocation (GO:0034204),-0.7228044271090868,-1.8929770976982991,0.0,0.06976609586883947,0.324,10/23,11.91%,ABCB1;ATP8B2;ATP10D;TMEM30B;ATP10A;ATP9B;ATP8B1;ABCA7;ATP8A2;ATP10B
prerank,Cell-Cell Adhesion Mediated By Cadherin (GO:0044331),-0.7409501778513081,-1.8924066327574984,0.0,0.05841592354968461,0.324,6/21,6.16%,CDH5;CDH18;CDH11;CDH12;CDH13;CDH6
prerank,Toll-Like Receptor Signaling Pathway (GO:0002224),0.6883889863097228,1.8919241655727959,0.0,0.04854417467746139,0.653,12/28,10.91%,MAPKAPK3;CTSS;SCIMP;TLR7;TNIP1;LY96;TLR2;BTK;HSPD1;TLR3;MAP3K7;MAPKAPK2
prerank,Protein Catabolic Process (GO:0030163),0.5417473244795027,1.8864164290804182,0.0,0.05111854069761018,0.677,21/90,9.88%,APOE;CTSZ;RAB7A;TPP1;CTSB;CTSD;CTSL;CTSS;CTSH;BAG6;YME1L1;SOCS6;NEU4;USE1;BNIP3L;DDB1;LGMN;CLN6;SLC16A3;PPT1;CTSC
prerank,Release Of Cytochrome C From Mitochondria (GO:0001836),0.7317252109964568,1.8860811315306627,0.0023148148148148147,0.05003347733374581,0.681,11/19,9.55%,SOD2;SFN;BCL2L1;CLU;BCL2A1;BAX;FIS1;BID;GGCT;BBC3;BOK
prerank,Positive Regulation Of Defense Response (GO:0031349),0.5283105255666326,1.8852997596899497,0.0,0.04910481949980784,0.687,27/103,11.70%,PLA2G7;CYBA;GPSM3;PYCARD;NINJ1;GRN;CEBPA;TRADD;SLC15A4;IFI35;TLR7;AGT;EMILIN1;ADAM8;EMILIN2;TNIP1;RNF185;TRIM56;NLRC4;FADD;TNFRSF1A;TLR2;SNCA;TLR3;NLRP3;LCP1;MEF2C
prerank,Phospholipid Translocation (GO:0045332),-0.673771486327462,-1.8806922888121385,0.0,0.0642238182222525,0.386,10/30,11.91%,ABCB1;ATP8B2;ATP10D;TMEM30B;ATP10A;ATP9B;ATP8B1;ABCA7;ATP8A2;ATP10B
prerank,Negative Regulation Of Cysteine-Type Endopeptidase Activity (GO:2000117),0.63802173257578,1.8806615170382932,0.0,0.05123910329359511,0.713,6/39,5.40%,AQP1;CD44;USP47;SFN;LTF;LAMTOR5
prerank,Negative Regulation Of Nitrogen Compound Metabolic Process (GO:0051172),0.8360595500668263,1.87965576617547,0.0,0.05060537682752048,0.718,2/11,1.93%,APOE;TGFB1
prerank,Fc-gamma Receptor Signaling Pathway (GO:0038094),0.700802692332673,1.879110231883605,0.0,0.049732070843783484,0.722,12/24,11.80%,SYK;HCK;LYN;VAV1;MYO1G;FCER1G;PLPP4;FCGR3A;PTK2;FCGR2B;PRKCD;FGR
prerank,High-Density Lipoprotein Particle Remodeling (GO:0034375),0.7759483840979272,1.8759787852647756,0.00228310502283105,0.050665695824886295,0.733,3/14,0.47%,APOE;APOC1;ABCG1
prerank,Neutrophil Activation Involved In Immune Response (GO:0002283),0.8310595454413907,1.8752123031793397,0.002232142857142857,0.05017700423372787,0.737,6/11,7.04%,TYROBP;LILRA2;SYK;STXBP2;FCER1G;VAMP8
prerank,Negative Regulation Of Activated T Cell Proliferation (GO:0046007),0.8757072566994705,1.8741112752779516,0.0,0.049823193736097685,0.742,3/9,3.48%,LILRB4;LGALS9;PRKAR1A
prerank,Pattern Recognition Receptor Signaling Pathway (GO:0002221),0.6074248101533892,1.872326417739557,0.0,0.049841673203769796,0.749,17/47,13.90%,MAPKAPK3;PYCARD;CTSS;TLR7;LY96;NLRC4;CD14;TLR2;TLR3;MAP3K7;MAPKAPK2;BCL10;NLRP3;TIFA;LACC1;MAVS;IRF3
prerank,Positive Regulation Of Interleukin-8 Production (GO:0032757),0.5955795116583636,1.8715746006465586,0.0,0.04921633084984796,0.75,17/51,11.71%,LILRA2;LGALS9;SYK;CD74;PYCARD;CHI3L1;TLR7;LAMTOR5;MYD88;FADD;CD14;TLR2;RELA;TLR3;BCL10;ZNF580;CD244
prerank,Defense Response To Gram-negative Bacterium (GO:0050829),0.6354303496255593,1.8705987512360096,0.0,0.04908994397386376,0.755,7/36,3.02%,AQP1;TREM2;LYZ;PYCARD;LTF;RNASE6;SLC11A1
prerank,Retina Homeostasis (GO:0001895),0.6785010493209338,1.8682040970738476,0.0,0.04986674182866028,0.765,8/25,8.98%,LYZ;CRB2;IGHA1;F3;LTF;ATP1B2;AZGP1;WHRN
prerank,Apoptotic Mitochondrial Changes (GO:0008637),0.6446046225428633,1.8652959313669746,0.0,0.050912579596135925,0.779,13/32,9.55%,SOD2;SFN;BCL2L1;CLU;HK2;BCL2A1;BAX;FIS1;BID;HSPD1;GGCT;BBC3;BOK
prerank,Regulation Of Intrinsic Apoptotic Signaling Pathway In Response To DNA Damage By P53 Class Mediator (GO:1902165),0.8195481942907616,1.8651205982445305,0.0,0.04897252648907843,0.779,4/11,7.33%,CD44;CD74;ZNF385A;MUC1
prerank,Negative Regulation Of Intrinsic Apoptotic Signaling Pathway In Response To DNA Damage By P53 Class Mediator (GO:1902166),0.8195481942907616,1.8651205982445305,0.0,0.04897252648907843,0.779,4/11,7.33%,CD44;CD74;ZNF385A;MUC1
prerank,Positive Regulation Of Fibroblast Proliferation (GO:0048146),0.6919477250631113,1.8628511827103191,0.0,0.04976162049966215,0.792,5/25,2.59%,AQP1;S100A6;CD74;DDR2;CDKN1A
prerank,Regulation Of Nitric-Oxide Synthase Activity (GO:0050999),0.718142720922567,1.8574429629051206,0.0,0.05235198879499446,0.811,7/22,6.49%,APOE;DDAH1;DDAH2;AKT1;NOSIP;GLA;S100A1
prerank,Negative Regulation Of Protein Localization (GO:1903828),0.6323427021960609,1.8556401711352541,0.0,0.05266083201983249,0.816,5/37,0.97%,SPI1;LILRB4;TAX1BP3;CTNNA1;OTUD7B
prerank,Negative Regulation Of Neuron Death (GO:1901215),0.5458465979440135,1.8544768390841948,0.0,0.052734972540074795,0.82,18/77,8.99%,APOE;SOD2;PTPRZ1;GRN;CCL2;SORL1;GPNMB;CPEB4;TYRO3;CLU;CLCF1;AKT1;ATF4;LGMN;PTK2B;SNCA;PPT1;CLN3
prerank,Positive Regulation Of Superoxide Anion Generation (GO:0032930),0.8170834263503404,1.8535738791379852,0.0,0.052543371377432084,0.825,6/12,10.58%,TYROBP;SYK;ITGB2;TGFB1;GSTP1;PRKCD
prerank,Negative Regulation Of Type I Interferon Production (GO:0032480),0.6210751388758479,1.8508619027176467,0.0022026431718061676,0.05371494231828563,0.839,13/36,14.75%,TYROBP;HAVCR2;PYCARD;LILRB1;SIRPA;YY1;TRIM27;GPATCH3;LILRA4;RELB;PPM1B;BANF1;OTUD5
prerank,Regulation Of T Cell Receptor Signaling Pathway (GO:0050856),0.6461931900835968,1.8507546643765336,0.002127659574468085,0.05281487757445078,0.839,12/32,9.85%,LILRB4;LGALS3;LAPTM5;EZR;PTPRJ;PTPN2;RAB29;CD300A;RELA;CARD11;CD226;DUSP3
prerank,Endolysosomal Toll-Like Receptor Signaling Pathway (GO:0140894),0.7930932342277924,1.85007421009203,0.006726457399103139,0.05256944918032538,0.842,7/13,7.30%,PIK3AP1;RFTN1;SCIMP;TLR7;MYD88;TNIP2;UNC93B1
prerank,Response To Thyroid Hormone (GO:0097066),0.82991868724958,1.8491940299276957,0.0021008403361344537,0.05237320906938555,0.848,5/11,4.93%,CTSB;CTSL;CTSS;CTSH;GAS2L1
prerank,Regulation Of Leukocyte Activation (GO:0002694),0.7841843843012338,1.8474376562543053,0.0,0.0529671671693791,0.852,7/13,13.68%,CD74;GPR137B;LYN;MYO18A;CD84;SHPK;PLSCR1
prerank,Positive Regulation Of Dendrite Extension (GO:1903861),-0.76328988271942,-1.8470002337425016,0.0,0.10500296946846514,0.566,8/16,10.80%,SYT3;RIMS1;SYT2;SYT1;SYT4;CPNE6;CPNE9;RIMS2
prerank,Response To Hydrogen Peroxide (GO:0042542),0.6026009175547082,1.8468949165106234,0.0,0.05257319759342834,0.854,9/40,11.01%,AQP1;HMOX1;SIRPA;CLU;MAP3K5;RELA;CAT;PRKCD;ZNF580
prerank,Negative Regulation Of Leukocyte Activation (GO:0002695),0.7387885200929241,1.846766738532197,0.004524886877828055,0.051939144173507604,0.854,10/16,13.04%,LILRB4;HAVCR2;CD300LF;GRN;MILR1;CD300A;CD84;FCGR2B;FN1;CD33
prerank,Calcium-Ion Regulated Exocytosis (GO:0017156),-0.6901755819338475,-1.8456665125137162,0.0,0.09574106234983937,0.577,8/24,10.80%,SYT3;RIMS1;SYT2;SYT1;RAB3A;SYT4;SYT5;RIMS2
prerank,Synapse Pruning (GO:0098883),0.8857770844730151,1.8454341902995917,0.0,0.05195673779350541,0.858,4/8,1.89%,TREM2;C1QC;C3;C1QB
prerank,Regulation Of Toll-Like Receptor 2 Signaling Pathway (GO:0034135),0.8499464517481605,1.8436773221851408,0.00205761316872428,0.05250124297031235,0.865,3/10,2.73%,CYBA;TREM2;LYN
prerank,Cellular Response To Thyroid Hormone Stimulus (GO:0097067),0.8476133814006426,1.8379697668234367,0.0021008403361344537,0.056497487287707045,0.888,5/10,4.93%,CTSB;CTSL;CTSS;CTSH;GAS2L1
prerank,Negative Regulation Of T Cell Activation (GO:0050868),0.610988503227057,1.837796947285707,0.0045662100456621,0.05571453299303568,0.888,11/41,4.97%,LILRB4;HAVCR2;LGALS3;LAPTM5;GPNMB;LILRB1;NCKAP1L;SDC4;PAG1;CEBPB;DLG5
prerank,"Wound Healing, Spreading Of Cells (GO:0044319)",0.6828258940238241,1.8368642163815512,0.006696428571428571,0.05563873832617949,0.888,5/24,4.78%,CD44;DDR1;PDPN;RHOA;RHOC
prerank,Heme Biosynthetic Process (GO:0006783),0.7268196467118226,1.836744338827798,0.006369426751592357,0.05492690034725179,0.891,5/18,5.99%,TSPO;ALAD;UROD;HMBS;CPOX
prerank,Hexose Metabolic Process (GO:0019318),0.6075715970137316,1.832719718667763,0.0,0.05722355099284706,0.91,24/43,24.16%,IRS2;GALK1;FUOM;PGM1;FBP1;FUCA1;HK2;KCNJ11;PMM1;ADPGK;SORD;G6PD;GCK;H6PD;GAA;FUCA2;OAS1;KHK;DCXR;KHSRP;GALM;ALDOB;PPARD;GALK2
prerank,Regulation Of Primary Metabolic Process (GO:0080090),0.6124145832471855,1.8321889253853818,0.0022935779816513763,0.0569399917608825,0.911,9/37,7.74%,APOE;TREM2;ADIPOR1;IRS2;PSAP;PPARG;LACTB;SIRT6;SERPINA3
prerank,Positive Regulation Of Leukocyte Mediated Cytotoxicity (GO:0001912),0.6361797269811063,1.8321234548416339,0.006787330316742082,0.05617198134058413,0.911,11/30,17.00%,SPI1;TYROBP;LAMP1;FADD;CD226;IL12RB1;MICA;CADM1;ITGAM;NECTIN2;RASGRP1
prerank,Myeloid Cell Activation Involved In Immune Response (GO:0002275),0.7515395097012255,1.831959959190993,0.0021231422505307855,0.05545879415306765,0.911,6/16,3.83%,TYROBP;LILRA2;SYK;PYCARD;IFI35;FCER1G
prerank,Negative Regulation Of NF-kappaB Transcription Factor Activity (GO:0032088),0.5397403113398158,1.8315671576855246,0.0,0.05497984685394944,0.913,14/75,7.00%,SPI1;HAVCR2;PYCARD;ARRB2;CDKN2A;NFKBIB;PARP10;PPP2CB;TMSB4X;USP7;ADORA3;CHUK;TMIGD3;ERBIN
prerank,Negative Regulation Of Leukocyte Degranulation (GO:0043301),0.8992326687066711,1.8290785372959442,0.0,0.05622452955999896,0.923,6/7,9.02%,SPI1;LGALS9;NCKAP1L;CD300A;CD84;FCGR2B
prerank,Intracellular pH Reduction (GO:0051452),0.6485496037294491,1.8275547135233996,0.0,0.05687339527929083,0.928,6/29,9.41%,RAB7A;RAB20;SLAMF8;SLC11A1;ATP6V1F;CLCN3
prerank,Positive Regulation Of Endocytosis (GO:0045807),0.5497059489124926,1.8269393411951533,0.0,0.05664855661344525,0.93,16/74,9.02%,APOE;CYBA;TREM2;PYCARD;C3;SIRPA;MERTK;F3;SLC11A1;FCER1G;CLU;RAB27A;SNCA;PPT1;CLN3;FCGR2B
prerank,Triglyceride Homeostasis (GO:0070328),0.668973295315431,1.8266788522453066,0.0020876826722338203,0.05621035319297371,0.93,8/26,11.35%,APOE;XBP1;APOC2;APOC4;PNPLA8;GPIHBP1;CETP;LCP1
prerank,Cell Morphogenesis Involved In Differentiation (GO:0000904),0.7014874154804898,1.822545788819693,0.0022026431718061676,0.058859277629565665,0.941,8/21,12.96%,SPI1;ACTN1;ATF4;RILPL1;PROX1;RAB25;MEF2C;SIPA1
prerank,Positive Regulation Of Tumor Necrosis Factor Production (GO:0032760),0.5506745041999129,1.82166623829317,0.0,0.05873992809442967,0.942,16/69,9.11%,CYBA;TYROBP;HAVCR2;LILRA2;LGALS9;SYK;PYCARD;PTPRJ;CLU;FCGR3A;LY96;FADD;CD84;CD14;TLR2;TLR3
prerank,Antigen Processing And Presentation Of Peptide Antigen Via MHC Class II (GO:0002495),0.822877127360082,1.8204912478972177,0.004651162790697674,0.05839099556159001,0.944,7/12,9.02%,IFI30;CTSD;CTSL;CTSS;FCER1G;LGMN;FCGR2B
prerank,Antigen Processing And Presentation Of Exogenous Peptide Antigen Via MHC Class II (GO:0019886),0.822877127360082,1.8204912478972177,0.004651162790697674,0.05839099556159001,0.944,7/12,9.02%,IFI30;CTSD;CTSL;CTSS;FCER1G;LGMN;FCGR2B
prerank,Regulation Of Tumor Necrosis Factor Production (GO:0032680),0.507948864921227,1.8192598173472196,0.0,0.058678697631201746,0.947,27/115,11.67%,LILRB4;CYBA;TYROBP;HAVCR2;LILRA2;LGALS9;SYK;PYCARD;LILRB1;PTPRJ;SIRPA;LTF;PTPN6;CLU;FCGR3A;LY96;FADD;GSTP1;CD84;CD14;TLR2;TLR3;TRIM27;MAPKAPK2;CLEC4A;LCP1;LILRA4
prerank,Negative Regulation Of Antigen Receptor-Mediated Signaling Pathway (GO:0050858),0.6830518619136504,1.8148464720762654,0.004366812227074236,0.061835538687692246,0.954,10/22,9.85%,LILRB4;LGALS3;LAPTM5;EZR;PTPRJ;CD22;PTPN2;CD300A;FCGR2B;DUSP3
prerank,Cellular Response To Hydrogen Peroxide (GO:0070301),0.6275012808608633,1.8135009875320252,0.0021598272138228943,0.062333732662208284,0.957,8/30,11.01%,AQP1;SIRPA;CLU;MAP3K5;RELA;CAT;PRKCD;ZNF580
prerank,Negative Regulation Of Tumor Necrosis Factor Superfamily Cytokine Production (GO:1903556),0.5868378559120642,1.8130282233534745,0.0,0.06196917433625385,0.957,12/46,13.04%,LILRB4;HAVCR2;LGALS9;LILRB1;SIRPA;LTF;PTPN6;GSTP1;TRIM27;CLEC4A;LILRA4;CD33
prerank,Cellular Response To Glucocorticoid Stimulus (GO:0071385),0.7378414171871956,1.8119266589167928,0.0044943820224719105,0.06227198271686716,0.959,3/16,4.15%,AQP1;FAM107A;PCK2
prerank,Regulation Of Toll-Like Receptor 4 Signaling Pathway (GO:0034143),0.6901370481136456,1.811277903687683,0.007263922518159807,0.062290674592213664,0.96,9/22,12.67%,LILRA2;TREM2;NINJ1;LYN;LTF;IFI35;CD14;WDFY1;DAB2IP
prerank,Cellular Response To Oxidised Low-Density Lipoprotein Particle Stimulus (GO:0140052),0.8355651665714323,1.8112495836659352,0.0,0.06163762719729529,0.961,4/9,5.68%,CD68;TREM2;AKT1;MYD88
prerank,Regulation Of Myeloid Cell Differentiation (GO:0045637),0.6629131110888963,1.8090951964541557,0.0,0.06300411617145033,0.968,7/25,11.70%,SPI1;MAFB;LYN;PURB;PTK2B;LEO1;MEF2C
prerank,Regulation Of Interferon-Alpha Production (GO:0032647),0.6847627083257373,1.8080660023742368,0.002136752136752137,0.06317480029610316,0.97,10/23,13.90%,HAVCR2;IRF5;TLR7;IRF7;NMB;HSPD1;TLR3;LILRA4;MAVS;IRF3
prerank,Regulation Of Dendritic Cell Differentiation (GO:2001198),0.890821931976877,1.8079675077873376,0.0,0.06252031763218498,0.97,5/7,9.02%,LGALS9;LGALS3;TMEM176B;LILRB1;FCGR2B
prerank,Detection Of Mechanical Stimulus Involved In Sensory Perception (GO:0050974),-0.8102407437973487,-1.8049988425254309,0.0018083182640144665,0.18040946270617558,0.818,5/11,7.24%,KCNA1;COL11A1;KCNK4;PDZD7;KIT
prerank,Regulation Of Adaptive Immune Response (GO:0002819),0.7366981509196272,1.8018813044490134,0.0069605568445475635,0.06657152039167856,0.973,7/16,9.13%,PYCARD;SASH3;SAMSN1;IRF7;FADD;FCGR2B;TRIM27
prerank,Positive Regulation Of Toll-Like Receptor 4 Signaling Pathway (GO:0034145),0.8230978522415598,1.8016754190118531,0.004672897196261682,0.06605015339174374,0.973,4/10,11.79%,NINJ1;LTF;IFI35;WDFY1
prerank,Positive Regulation Of Apoptotic Signaling Pathway (GO:2001235),0.5647783563950475,1.8014923452504077,0.0,0.06552705349861764,0.973,23/58,12.74%,SLC9A3R1;LTBR;NUPR1;PYCARD;TNFRSF12A;CTSL;CTSS;CTSH;FAS;BAX;FADD;FIS1;BID;PLEKHF1;BECN1;BBC3;TGFBR1;LTB;BOK;GSDME;BCL10;DAB2IP;TNFSF12
prerank,Immune Response-Activating Cell Surface Receptor Signaling Pathway (GO:0002429),0.6923046517360913,1.8004475895811571,0.0066815144766146995,0.06590332220523577,0.974,7/19,8.45%,LILRA2;C3AR1;LYN;FCER1G;FPR1;FPR3;C5AR1
prerank,Negative Regulation Of Neuron Apoptotic Process (GO:0043524),0.5421657833237952,1.7998486375420226,0.0,0.0658824352642647,0.976,13/65,8.99%,APOE;SOD2;PTPRZ1;GRN;CCL2;CPEB4;TYRO3;CLU;CLCF1;LGMN;PTK2B;PPT1;CLN3
prerank,Negative Regulation Of Osteoclast Differentiation (GO:0045671),0.7045324030744287,1.7996283466333143,0.0022988505747126436,0.06538967190481597,0.976,7/19,9.11%,LILRB4;MAFB;LILRB1;GPR137B;LTF;TMEM178A;TLR3
prerank,Immune Response-Inhibiting Cell Surface Receptor Signaling Pathway (GO:0002767),0.949192855966196,1.7994199598601606,0.0,0.0648946626347453,0.976,3/5,2.73%,LILRB4;LILRB1;LYN
prerank,Adrenergic Receptor Signaling Pathway (GO:0071875),-0.7352859979760241,-1.7988917774453246,0.0,0.18096196053633676,0.841,5/17,9.88%,PDE4D;ADRA2A;ADRA1D;ADRA1B;DRD5
prerank,Antigen Processing And Presentation Of Exogenous Peptide Antigen (GO:0002478),0.7777123956690392,1.7985065742495607,0.0069767441860465115,0.06494548731188181,0.977,9/14,14.09%,IFI30;CTSD;CTSL;CTSS;FCER1G;LGMN;FCGR2B;CLEC4A;GNAO1
prerank,Regulation Of Release Of Sequestered Calcium Ion Into Cytosol (GO:0051279),-0.5988449694822632,-1.798472054805029,0.0017921146953405018,0.16719997120515429,0.843,9/44,10.03%,CEMIP;PDE4D;THY1;DMD;HRC;PLCG1;JPH3;CASQ2;CLIC2
prerank,Regulation Of B Cell Proliferation (GO:0030888),0.6027765932259401,1.7983488037996633,0.004728132387706856,0.06447687633274038,0.977,11/39,6.09%,TYROBP;CD74;IRS2;TNFSF13B;NCKAP1L;LYN;SASH3;CD22;CD38;CLCF1;CD300A
prerank,Positive Regulation Of Inflammatory Response (GO:0050729),0.5204604396548688,1.796775096094606,0.0,0.06525898141085253,0.978,21/87,11.35%,PLA2G7;GPSM3;NUPR1;PYCARD;NINJ1;GRN;CEBPA;TRADD;IFI35;TLR7;AGT;ADAM8;TNIP1;NLRC4;TNFRSF1A;VAMP8;TLR2;SNCA;TLR3;NLRP3;LCP1
prerank,Regulation Of Dendrite Extension (GO:1903859),-0.734866359030808,-1.795386831418525,0.0018450184501845018,0.1614469686849131,0.858,8/17,10.80%,SYT3;RIMS1;SYT2;SYT1;SYT4;CPNE6;CPNE9;RIMS2
prerank,Adherens Junction Organization (GO:0034332),-0.6536232983477838,-1.7947606937233953,0.0034602076124567475,0.15134223831077095,0.859,10/31,13.33%,CDH5;RAMP2;CDH18;CDH11;TJP1;CDH12;CDH13;CDH6;CTNNB1;PIP5K1C
prerank,Response To BMP (GO:0071772),-0.7241324360677136,-1.7935037688585176,0.0017241379310344827,0.14430536933888832,0.864,10/19,17.40%,BMP6;VSTM2A;BMP4;SFRP1;SMAD4;TMEM100;BMPR2;DLX5;BMP2;ADAMTS12
prerank,Negative Regulation Of Cytokine Production Involved In Inflammatory Response (GO:1900016),0.7116498156239129,1.793147026204023,0.0044444444444444444,0.06785782975975306,0.98,4/17,2.14%,LILRB4;TREM2;PYCARD;SIRPA
prerank,Regulation Of Activated T Cell Proliferation (GO:0046006),0.6752138165696367,1.7923109491397529,0.004830917874396135,0.06792473247578125,0.981,5/22,6.10%,LILRB4;LGALS9;PYCARD;PRKAR1A;FADD
prerank,Positive Regulation Of Myeloid Leukocyte Mediated Immunity (GO:0002888),0.7849008166582343,1.792244212010764,0.004291845493562232,0.06731798027735449,0.981,3/11,0.83%,SPI1;TYROBP;ITGB2
prerank,Cholesterol Efflux (GO:0033344),0.7032861038880697,1.7917768885326502,0.004454342984409799,0.06721651779959793,0.982,8/18,6.78%,APOE;APOC1;ABCG1;APOC2;STX12;NPC2;NPC1;SOAT1
prerank,Positive Regulation Of Tumor Necrosis Factor Superfamily Cytokine Production (GO:1903557),0.5367074765614335,1.790720678982652,0.0,0.06756054907080021,0.983,18/72,11.35%,CYBA;TYROBP;HAVCR2;LILRA2;LGALS9;SYK;PYCARD;PTPRJ;CLU;FCGR3A;LY96;FADD;CD84;CD14;TLR2;TLR3;BCL10;LCP1
prerank,Cell Surface Toll-Like Receptor Signaling Pathway (GO:0140895),0.7412001021845773,1.7896254461777044,0.0022675736961451248,0.06781927712460671,0.983,6/16,6.13%,LGALS9;PIK3AP1;SCIMP;LY96;MYD88;TNIP2
prerank,Negative Regulation Of Tumor Necrosis Factor Production (GO:0032720),0.5852179925104201,1.7882492361495825,0.002178649237472767,0.06850857884810309,0.983,11/44,13.04%,LILRB4;HAVCR2;LGALS9;LILRB1;SIRPA;PTPN6;GSTP1;TRIM27;CLEC4A;LILRA4;CD33
prerank,Canonical Wnt Signaling Pathway (GO:0060070),-0.5665903634643328,-1.7878136555033863,0.0018248175182481751,0.14787831478165409,0.885,21/61,17.72%,LEF1;WNT16;WNT6;NR4A2;FZD6;SIAH1;FZD4;SFRP1;FRZB;WNT4;SFRP4;WNT2B;CCL14;WNT11;SFRP2;CTNNB1;NID1;FZD1;GSK3B;JUP;CAV1
prerank,Inositol Lipid-Mediated Signaling (GO:0048017),-0.6558694849305838,-1.786982413540574,0.001841620626151013,0.14128540403032563,0.887,10/31,6.28%,PLCB4;PDGFRA;PDGFRB;OGT;INPP5A;PLCE1;PLCG1;PITPNM2;PI4KA;FGFR1
prerank,Positive Regulation Of Apoptotic Cell Clearance (GO:2000427),0.9248586088104369,1.786778246092625,0.0020876826722338203,0.06916311125630874,0.984,5/6,2.30%,TREM2;CD300LF;C3;CCL2;C2
prerank,Positive Regulation Of Developmental Growth (GO:0048639),-0.5970257981043979,-1.7855410049212819,0.0018115942028985507,0.1361650664531049,0.893,12/41,11.58%,SYT3;RIMS1;SYT2;SYT1;NGF;SYT4;INSR;CPNE6;CPNE9;RIMS2;RUFY3;LIMK1
prerank,Positive Regulation Of Response To External Stimulus (GO:0032103),0.4812216605036748,1.7848406929607985,0.0,0.07000302732324962,0.984,32/132,9.11%,PLA2G7;CYBA;GPSM3;TREM2;PYCARD;NINJ1;GRN;CEBPA;TRADD;TGFB1;SCIMP;LY86;AIF1;SLC15A4;IFI35;TLR7;AGT;EMILIN1;ADAM8;EMILIN2;TNIP1;RNF185;TRIM56;LY96;NLRC4;FADD;TNFRSF1A;CD180;TLR2;STX4;SNCA;TLR3
prerank,Regulation Of Lipoprotein Lipase Activity (GO:0051004),0.7657344652131357,1.7839183181720664,0.0022522522522522522,0.07030645800094143,0.985,4/13,9.15%,APOC1;APOC2;GPIHBP1;PCSK6
prerank,Vasculature Development (GO:0001944),-0.7734717355481675,-1.783704500990141,0.0034782608695652175,0.13237242533586485,0.899,7/15,11.14%,PDGFRA;CDH5;PDGFRB;FLT4;ERRFI1;STRA6;BMPR2
prerank,Proton Motive Force-Driven ATP Synthesis (GO:0015986),0.5582506959318617,1.782945256142588,0.0025575447570332483,0.07051835413368521,0.986,27/55,20.66%,ATP5F1E;ATP5MC2;NDUFS6;ATP5MG;NDUFA1;NDUFS5;ATP5MF;ATP5MC1;ATP5ME;SDHA;NDUFA13;ATP5MGL;NDUFA3;NDUFB6;NDUFB11;NDUFA11;NDUFS4;NDUFS7;ATP5F1C;ATP5PD;NDUFB5;NDUFA2;NDUFC2;NDUFA9;NDUFB7;ATP5PO;NDUFC1
prerank,Regulation Of Mast Cell Degranulation (GO:0043304),0.7706012717481585,1.7822324543216121,0.01141552511415525,0.07058779956073405,0.986,6/13,6.67%,LGALS9;SYK;STXBP2;LYN;CD300A;CD84
prerank,Regulation Of Microtubule Polymerization (GO:0031113),-0.6233658887493425,-1.7803753835339473,0.0,0.13266381117779916,0.914,9/36,5.92%,STMN2;CDH5;SLAIN2;CDK5R1;AKAP9;MAP2;MET;OCLN;GBA2
prerank,Cholesterol Transport (GO:0030301),0.5876714194021376,1.7794108639970605,0.0,0.07261252491513397,0.989,10/42,6.78%,APOE;APOC1;ABCG1;MSR1;APOC2;STX12;CLU;NPC2;NPC1;SOAT1
prerank,Negative Regulation Of Intracellular Steroid Hormone Receptor Signaling Pathway (GO:0033144),-0.6522101937152152,-1.779310581965891,0.0,0.12896301276357244,0.917,12/28,13.75%,FOXP1;HEYL;KANK2;ZNF366;SFRP1;VPS11;PIAS2;PER1;ISL1;STRN3;NCOR2;SMARCA4
prerank,Phagocytosis (GO:0006909),0.5416864261586889,1.7789276617587624,0.0,0.07236900870295387,0.989,19/62,11.09%,TYROBP;TREM2;ITGB2;MSR1;CORO1C;MERTK;TYRO3;AIF1;CORO1A;SLC11A1;BIN2;MYD88;ANXA11;CD14;MESD;FCGR2B;PLD4;MEGF10;ARHGAP25
prerank,Regulation Of Peptidase Activity (GO:0052547),0.6880146445188112,1.7750513565564043,0.010845986984815618,0.07549712907194217,0.992,7/23,5.04%,CTSB;PSMB8;CTSL;CTSS;CSTA;CTSH;MAPK12
prerank,Negative Regulation Of Protein Localization To Cell Surface (GO:2000009),0.8573700027054942,1.7738684877615043,0.004319654427645789,0.07598534895665568,0.992,1/8,0.66%,TAX1BP3
prerank,Calcium Ion-Regulated Exocytosis Of Neurotransmitter (GO:0048791),-0.7701877408173836,-1.7735247871381026,0.0018726591760299626,0.13483217594959593,0.932,6/13,10.80%,RIMS1;SYT2;SYT1;SYT4;SYT5;RIMS2
prerank,Regulation Of Regulated Secretory Pathway (GO:1903305),-0.6219712564710337,-1.7733963408093203,0.0018148820326678765,0.12922328642303463,0.932,14/33,13.27%,RAB3D;SYT3;RIMS1;SYT2;RAB15;PREPL;SYT1;RAB3A;RPH3A;SYT4;SEPTIN5;SYT5;RIMS2;SYN1
prerank,Positive Regulation Of Leukocyte Differentiation (GO:1902107),0.9050000155940754,1.7717026669946088,0.0022172949002217295,0.07741549065913661,0.992,3/6,2.65%,LGALS9;LGALS3;NCKAP1L
prerank,Macrophage Activation Involved In Immune Response (GO:0002281),0.7860778230471942,1.7716598938701025,0.012269938650306749,0.07677507162805017,0.992,5/11,3.23%,TYROBP;SYK;TREM2;GRN;IFI35
prerank,Anterograde Trans-Synaptic Signaling (GO:0098916),-0.4806670348257715,-1.7693771390651345,0.0,0.13119300645184512,0.942,61/165,21.58%,CACNB2;KCNA1;GABRB1;UTS2;SLC6A1;GPR176;GLRA1;SLC18A3;LPAR3;HTR1F;KCNN1;NPTX1;CHRM2;AKAP9;CPLX1;SYT1;SLC1A2;KCNK3;SNCG;CHRNB2;SNAP25;CACNA1B;AMPH;HTR2A;KIF5A;GRIN1;CHRNA3;KCNC4;GRIK2;SYT5;SPG11;GLRA3;EXOC4;BSN;CHRM1;DRD5;SNCB;HOMER1;SYN1;PENK;SLC12A5;GABRD;HCRTR2;GABBR2;CHRNA4;GABRB3;GRIN2B;OPRK1;CACNB1;GRM2;PCDHB11;CHRND;GRIK1;GRM4;CDK5;GRIK4;HTR2B;SLC1A1;PDE7B;HTR1D;GLRA2
prerank,Regulation Of Type II Interferon Production (GO:0032649),0.5308578681718549,1.768046487504845,0.0,0.07935028192408121,0.992,19/69,11.71%,LILRB4;HAVCR2;LGALS9;PYCARD;LAPTM5;LILRB1;SIRPA;SLC11A1;INHBA;TLR7;FADD;CD276;CD14;HSPD1;CD226;TLR3;TRIM27;IL12RB1;CD244
prerank,Calcium Ion Transport (GO:0006816),-0.5123759712258663,-1.766549262167604,0.0,0.1317064005543008,0.95,35/97,20.03%,CACNB2;RYR2;CDH23;RAMP2;ITPR1;GAS6;TRPV5;CACNA1D;TRPM6;TRPC4AP;STIM2;CACNA1H;RYR3;CHRNB2;MICU1;CACNA2D1;SLC8A2;SLC24A3;CACNA1C;ATP2A3;TRPV1;MCOLN3;TRPM1;TRPM3;TRPC6;ATP2A1;TRPC4;TRPM7;CHRNA4;CACNB1;CAV1;CRACR2A;PSEN1;CACNA1G;PKD2
prerank,Regulation Of Superoxide Anion Generation (GO:0032928),0.7646652126632157,1.763988453031825,0.0045662100456621,0.08280956489510334,0.993,6/13,10.58%,TYROBP;SYK;ITGB2;TGFB1;GSTP1;PRKCD
prerank,Carbohydrate Derivative Transport (GO:1901264),0.7050975613126529,1.7637087727574456,0.0,0.0823976168297003,0.993,8/16,11.95%,SLC15A4;PLTP;NPC2;SLC15A3;CLN3;SLC25A19;SLC10A7;SLC29A3
prerank,Cardiac Muscle Cell Development (GO:0055013),-0.7078762873582372,-1.7635021220761196,0.0018315018315018315,0.13326899715720117,0.956,4/19,1.00%,SORBS2;PDGFRA;PDGFRB;MYH11
prerank,Regulation Of Interleukin-8 Production (GO:0032677),0.5350806567391667,1.7624738004499376,0.0,0.08283532509501143,0.993,21/69,13.55%,LILRA2;LGALS9;SYK;CD74;PYCARD;OTUD7B;CHI3L1;TMSB4X;TLR7;LAMTOR5;MYD88;FADD;CD14;TLR2;RELA;TLR3;BCL10;ZNF580;CD244;CD33;MAVS
prerank,Positive Regulation Of Production Of Molecular Mediator Of Immune Response (GO:0002702),0.6241378409879423,1.762249807994919,0.007281553398058253,0.08254648708968168,0.993,10/31,13.95%,XBP1;LAPTM5;SCIMP;IRF5;SASH3;CLCF1;PHB2;STX4;LACC1;VAMP3
prerank,Positive Regulation Of Response To Biotic Stimulus (GO:0002833),0.5984419469706216,1.7614300455440886,0.0,0.08259984576119501,0.993,14/34,7.54%,CYBA;GRN;SCIMP;LY86;SLC15A4;IFI35;EMILIN1;ADAM8;EMILIN2;RNF185;TRIM56;LY96;FADD;CD180
prerank,Epiboly Involved In Wound Healing (GO:0090505),0.727518467144311,1.7613696908708263,0.010893246187363835,0.08201127064974859,0.993,5/15,4.78%,CD44;DDR1;PDPN;RHOA;RHOC
prerank,Cellular Response To Mechanical Stimulus (GO:0071260),0.5694345140705752,1.758876432782052,0.0022624434389140274,0.08399510624209904,0.995,13/46,12.25%,AQP1;LTBR;TLR7;PIEZO1;FAS;MYD88;FADD;TNFRSF1A;GADD45A;TLR3;BCL10;TNFRSF10B;CASP2
prerank,Myeloid Cell Differentiation (GO:0030099),0.5717958297181714,1.75877241032018,0.0,0.08344250295550719,0.995,11/45,7.24%,SPI1;HCLS1;CEBPA;EVI2B;IKZF1;LYN;INHBA;PTPN2;CEBPB;CDKN2B;SLC1A5
prerank,Positive Regulation Of Steroid Metabolic Process (GO:0045940),0.9640183405604531,1.757673703747358,0.0,0.083767639365343,0.995,1/5,0.02%,APOE
prerank,Endothelium Development (GO:0003158),-0.807903585948722,-1.757177076744999,0.0018587360594795538,0.1412219212760916,0.963,4/11,2.74%,SCUBE1;CD34;KDR;JAG1
prerank,Retinal Metabolic Process (GO:0042574),-0.7584885279976197,-1.7566217273231586,0.0017921146953405018,0.1373973444467726,0.965,5/13,10.74%,BCO2;SDR16C5;CYP27C1;CYP1B1;DHRS4
prerank,Regulation Of Lipase Activity (GO:0060191),0.8718508274198006,1.7565077168415635,0.004329004329004329,0.08440309123529577,0.996,4/7,9.15%,RHOA;RHOC;SNCA;PCSK6
prerank,Mitotic Nuclear Membrane Organization (GO:0101024),0.824888668190972,1.7560325716543423,0.002257336343115124,0.08365400125954324,0.996,5/9,14.13%,UBE2I;SIRT2;REEP4;RCC1;BANF1
prerank,Mitotic Nuclear Membrane Reassembly (GO:0007084),0.824888668190972,1.7560325716543423,0.002257336343115124,0.08365400125954324,0.996,5/9,14.13%,UBE2I;SIRT2;REEP4;RCC1;BANF1
prerank,Muscle Contraction (GO:0006936),-0.5319561042620005,-1.7555566096039101,0.0,0.1346690625136721,0.965,26/74,12.77%,RYR2;TPM1;MYH11;TNNT2;UTS2;GLRA1;GJC1;CKMT2;HRC;ROCK2;CACNA1H;RYR3;CHRNB2;OXTR;UTRN;ADRA1D;LMOD1;CASQ2;MYLK2;SLMAP;ARHGEF11;EDNRA;TPM2;MYOT;TMOD3;HCN4
prerank,Fc-gamma Receptor Signaling Pathway Involved In Phagocytosis (GO:0038096),0.6846107093939304,1.7555039031738982,0.00909090909090909,0.08347826664851259,0.996,10/20,11.80%,SYK;HCK;LYN;VAV1;MYO1G;PLPP4;PTK2;FCGR2B;PRKCD;FGR
prerank,Cellular Response To Lipopolysaccharide (GO:0071222),0.48995387365252374,1.7550855677248336,0.002336448598130841,0.08342211865464687,0.996,26/108,11.70%,CD68;PYCARD;XBP1;HCK;NFKBIB;CCL2;MTDH;TGFB1;LILRB1;SIRPA;LYN;RHOA;CDC73;TNIP1;LY96;MYD88;TNIP2;GSTP1;CD14;CD180;CD6;RELA;SHPK;BCL10;NLRP3;MEF2C
prerank,Regulation Of Release Of Sequestered Calcium Ion Into Cytosol By Sarcoplasmic Reticulum (GO:0010880),-0.6908808480471792,-1.754832536486337,0.0018281535648994515,0.13181740468456146,0.969,8/20,10.03%,PDE4D;RYR2;DMD;HRC;CACNA1C;CASQ2;ATP1A2;CLIC2
prerank,Regulation Of Fibroblast Migration (GO:0010762),0.6958709148400744,1.7548210870247951,0.00851063829787234,0.08315246897893927,0.996,8/19,8.99%,GNA12;CORO1C;DDR2;TGFB1;FGF2;PRR5L;PTK2;CLN3
prerank,Positive Regulation Of Macrophage Activation (GO:0043032),0.7376322540547259,1.7541384044593986,0.004415011037527594,0.0831172720554927,0.996,5/14,8.39%,TREM2;CEBPA;TTBK1;TNIP2;HSPD1
prerank,Regulation Of Calcium Ion Transmembrane Transporter Activity (GO:1901019),-0.6446894581325181,-1.7539901972148768,0.0035087719298245615,0.12941828315957252,0.971,5/24,3.44%,CACNB2;PDE4D;DMD;PLN;HRC
prerank,Toll-Like Receptor 4 Signaling Pathway (GO:0034142),0.7091211147300704,1.7515386503836885,0.008620689655172414,0.08529143651722179,0.998,5/17,5.68%,LGALS9;PIK3AP1;SCIMP;LY96;MYD88
prerank,Positive Regulation Of Lipid Transport (GO:0032370),0.8145179298399421,1.75062870376558,0.00437636761487965,0.08555576104930554,0.998,4/10,10.32%,APOE;TSPO;NMB;CETP
prerank,Positive Regulation Of Regulated Secretory Pathway (GO:1903307),-0.7773663224572251,-1.749991562182075,0.007707129094412331,0.13320495631282,0.978,5/12,4.72%,RAB3D;KCNB1;RAB15;RAB3A;SYT4
prerank,Regulation Of Lipopolysaccharide-Mediated Signaling Pathway (GO:0031664),0.704052625479024,1.7489219913737537,0.006535947712418301,0.08670098629247172,0.998,6/17,7.54%,LILRA2;SCIMP;LY86;LTF;LY96;CD180
prerank,Response To Copper Ion (GO:0046688),0.6812088090351147,1.7467293667235122,0.008869179600886918,0.08833793640095776,0.999,1/18,0.01%,AQP1
prerank,Positive Regulation Of Viral Life Cycle (GO:1903902),0.6847593728004946,1.7457162135935076,0.01141552511415525,0.08885719840250987,0.999,5/18,4.10%,LGALS9;CD74;TYRO3;P4HB;CD4
prerank,Amino Acid Transmembrane Transport (GO:0003333),-0.6120270037617777,-1.745332694258922,0.0018050541516245488,0.13759466510040155,0.98,9/37,4.36%,SLC6A13;SLC6A20;SLC25A12;SLC22A2;SLC7A10;SLC38A5;SLC36A1;SLC38A11;SLC7A11
prerank,Adenylate Cyclase-Activating G Protein-Coupled Receptor Signaling Pathway (GO:0007189),-0.5187347448361973,-1.7443809356074764,0.0,0.13548217339684432,0.981,25/85,13.84%,ADRA2A;ADGRL2;UTS2;CALCA;CALCB;RAMP2;ADCYAP1;ADGRF5;ADGRG6;PTGFR;ADGRB1;ADCY4;ADORA2B;ADRA1D;ADRA1B;ADGRD1;PTH1R;ADGRL4;DRD5;LHCGR;GIPR;PTGER3;PTGER2;PF4;ADGRL1
prerank,Porphyrin-Containing Compound Catabolic Process (GO:0006787),0.8793023363199216,1.7442882872481524,0.006787330316742082,0.08965781785921531,0.999,5/6,9.99%,HMOX1;UROD;BLVRB;SLCO2B1;BLVRA
prerank,Transport Across Blood-Brain Barrier (GO:0150104),-0.5245660545561976,-1.744121768606301,0.0,0.13184912015035025,0.981,22/81,9.68%,ABCB1;ABCG2;SLC16A12;SLC6A13;SLC6A20;LEPR;SLC6A1;SLC22A2;SLC38A5;SLC5A5;SLC1A2;SLC19A1;SLC4A3;INSR;ABCC5;AVPR1A;SLC22A3;SLC16A1;SLC8A2;SLC24A3;SLC22A8;ATP1A2
prerank,Regulation Of Natural Killer Cell Mediated Cytotoxicity (GO:0042269),0.6413975533190451,1.7440984277653087,0.006772009029345372,0.08922475197961613,0.999,9/24,17.00%,LGALS9;ARRB2;LAMP1;LILRB1;CD226;MICA;CADM1;NECTIN2;RASGRP1
prerank,Response To Epidermal Growth Factor (GO:0070849),-0.6481106116346489,-1.7422381114816226,0.0035026269702276708,0.13126238403325804,0.982,4/26,6.12%,FOXC1;PLCG1;EGFR;PTPN12
prerank,Regulation Of Lipid Metabolic Process (GO:0019216),0.5531090936962172,1.7420372822605363,0.004545454545454545,0.09089080152863864,1.0,11/51,7.74%,APOC1;TREM2;ADIPOR1;APOC2;IRS2;PSAP;PPARG;NPC2;LACTB;SIRT6;SERPINA3
prerank,Negative Regulation Of Amyloid-Beta Formation (GO:1902430),0.7090194820100185,1.7415302852157757,0.009389671361502348,0.09089588271084491,1.0,4/16,3.86%,APOE;SORL1;BIN1;CLU
prerank,Regulation Of Inflammatory Response To Antigenic Stimulus (GO:0002861),0.6984492887589268,1.7413695764430839,0.006787330316742082,0.09046323554896607,1.0,4/15,2.73%,SYK;TREM2;HCK;LYN
prerank,Pyrimidine Nucleobase Catabolic Process (GO:0006208),0.9029901391895118,1.7405926042458002,0.0,0.09063518695438488,1.0,2/6,2.16%,DPYSL2;DPYSL3
prerank,Regulation Of Oxidative Stress-Induced Intrinsic Apoptotic Signaling Pathway (GO:1902175),0.6953263871370159,1.739670827368966,0.009237875288683603,0.0909514448764689,1.0,4/16,4.87%,SOD2;TREM2;P4HB;NOL3
prerank,Regulation Of Relaxation Of Cardiac Muscle (GO:1901897),-0.9636978696445899,-1.7395163838494303,0.0,0.13241742701029488,0.984,4/5,3.44%,PDE4D;PLN;CHGA;HRC
prerank,Regulation Of Osteoclast Development (GO:2001204),0.9047439922278652,1.7391379900628843,0.0022371364653243847,0.09081842800905038,1.0,3/6,2.84%,TYROBP;LILRB1;LTF
prerank,Regulation Of Sequestering Of Triglyceride (GO:0010889),0.7434743752090287,1.738070849462572,0.006622516556291391,0.09123373513499577,1.0,5/13,6.08%,TREM2;OSBPL11;PLIN3;PPARG;APOC4
prerank,Positive Regulation Of Peptidase Activity (GO:0010952),0.6833346445244586,1.737309912459866,0.011013215859030838,0.09141199744579204,1.0,9/21,10.13%,GRN;CTSL;CTSS;PSENEN;CTSH;PSME2;MAPK12;PSME1;NDUFA13
prerank,Porphyrin-Containing Compound Biosynthetic Process (GO:0006779),0.6744976998729892,1.7371408518742335,0.018907563025210083,0.0910406234680936,1.0,6/20,10.02%,TSPO;ALAD;UROD;HMBS;CPOX;RSAD1
prerank,Negative Regulation Of Androgen Receptor Signaling Pathway (GO:0060766),-0.7886217086855227,-1.7371183667970866,0.0036101083032490976,0.13320495631282,0.986,6/11,13.75%,FOXP1;HEYL;SFRP1;PIAS2;NCOR2;SMARCA4
prerank,Neutrophil Activation (GO:0042119),0.7084317403956455,1.7369659867461844,0.006437768240343348,0.09056378533691484,1.0,5/16,3.83%,TYROBP;LILRA2;SYK;PREX1;FCER1G
prerank,Acylglycerol Homeostasis (GO:0055090),0.6891451860838604,1.736710411296745,0.00423728813559322,0.09020274226872466,1.0,7/19,11.35%,APOE;APOC2;APOC4;PNPLA8;GPIHBP1;CETP;LCP1
prerank,Positive Regulation Of Secretion (GO:0051047),0.7861353977967791,1.7357190580482917,0.006185567010309278,0.09071751980466031,1.0,2/11,1.15%,AQP1;XBP1
prerank,NADPH Regeneration (GO:0006740),0.761067219018942,1.7355252338051086,0.002369668246445498,0.09037557675947229,1.0,7/12,14.25%,DDR2;PGD;PGLS;G6PD;SHPK;H6PD;DERA
prerank,Negative Regulation Of B Cell Activation (GO:0050869),0.666431300802646,1.735062088196656,0.008869179600886918,0.09031443894132216,1.0,8/20,9.02%,TYROBP;LAPTM5;LYN;INHBA;BANK1;SAMSN1;CD300A;FCGR2B
prerank,Early Endosome To Golgi Transport (GO:0034498),0.7469882477038616,1.734922102603712,0.0063025210084033615,0.08991833108141845,1.0,7/12,15.10%,TMED9;LMAN1;SURF4;STX10;RBSN;SNX1;SNX8
prerank,Response To Type II Interferon (GO:0034341),0.5257779432088454,1.7345480995735572,0.0023094688221709007,0.08980776017896272,1.0,12/62,8.63%,LGALS9;CD74;AQP4;IRF8;CCL2;SIRPA;AIF1;SLC11A1;CCL20;CXCL16;TLR2;SNCA
prerank,Protein Targeting To Lysosome (GO:0006622),0.630449473684211,1.7342108553127797,0.004219409282700422,0.08954033300555746,1.0,9/25,8.83%,RAB7A;M6PR;LAPTM5;SORL1;GNPTG;CLU;GNPTAB;BECN1;NAGPA
prerank,Regulation Of Cholesterol Biosynthetic Process (GO:0045540),0.7188371814217757,1.7340740859261725,0.008658008658008658,0.08909650726886292,1.0,5/15,9.84%,APOE;ABCG1;SREBF1;FGF1;SEC14L2
prerank,Carbohydrate Derivative Biosynthetic Process (GO:1901137),0.6352039210823032,1.7336985915171366,0.004524886877828055,0.08895584628443606,1.0,11/26,11.42%,DDR2;GBGT1;TNIP1;ALG11;ST3GAL6;B3GNT5;B4GALT5;G6PD;GAL3ST4;GCK;GOLPH3
prerank,Vascular Transport (GO:0010232),-0.5256348824100427,-1.7333890079063896,0.001718213058419244,0.13670585580565695,0.989,22/79,9.68%,ABCB1;ABCG2;SLC16A12;SLC6A13;SLC6A20;LEPR;SLC6A1;SLC22A2;SLC38A5;SLC5A5;SLC1A2;SLC19A1;SLC4A3;INSR;ABCC5;AVPR1A;SLC22A3;SLC16A1;SLC8A2;SLC24A3;SLC22A8;ATP1A2
prerank,cGMP-mediated Signaling (GO:0019934),0.7295894851399303,1.7326995208386227,0.008333333333333333,0.08951218016009932,1.0,1/14,0.01%,AQP1
prerank,Positive Regulation Of Phospholipid Transport (GO:2001140),0.8226784117977934,1.7326706747542573,0.008602150537634409,0.08898107693912126,1.0,2/9,0.28%,APOE;TSPO
prerank,Regulation Of Muscle System Process (GO:0090257),-0.8033388351536551,-1.7323358498544446,0.005504587155963303,0.13559848287156598,0.989,5/10,11.57%,KCNA1;DMD;TPM1;ATP1A2;PPP1R12B
prerank,Negative Regulation Of Phagocytosis (GO:0050765),0.7337938280163907,1.7316426874511723,0.006818181818181818,0.08939168480482604,1.0,6/14,13.68%,CD300LF;SIRPA;CD300A;TLR2;FCGR2B;PLSCR1
prerank,Regulation Of Fatty Acid Biosynthetic Process (GO:0042304),0.646274757410808,1.730670321348778,0.002257336343115124,0.09005154383235801,1.0,5/24,9.37%,APOC1;APOC2;SIRT2;TRIB3;SLC45A3
prerank,Vascular Endothelial Growth Factor Signaling Pathway (GO:0038084),-0.7654478109416882,-1.7296970995078904,0.001841620626151013,0.1378955576707867,0.99,5/13,6.85%,FOXC1;KDR;NELL1;FLT4;MYO1C
prerank,Regulation Of I-kappaB kinase/NF-kappaB Signaling (GO:0043122),0.4406900402992919,1.7294655752698935,0.0024875621890547263,0.0908045707963141,1.0,63/216,17.75%,LILRB4;LTBR;NEK6;LGALS9;TREM2;CD74;PYCARD;ARRB2;OTUD7B;LITAF;HMOX1;TRADD;MTDH;LTF;CXXC5;NDFIP1;LPAR1;RHOA;CD4;RHOC;TNIP1;LAMTOR5;MYD88;DHX15;FADD;TNIP2;TNFRSF1A;GSTP1;CHUK;S100A13;APOL2;PARP1;RELA;CARD11;LTB;MAP3K7;S100B;TRAF3IP2;TRIM8;PPM1A;BCL10;CARD19;TNFRSF10B;TIFA;PRKCB;DAB2IP;SHISA5;TERF2IP;PPM1B;MAVS;GPRC5B;TMEM9B;RNF31;RBCK1;S100A4;VAPA;SHARPIN;TMED4;SLC39A8;UFL1;CANT1;SECTM1;MAP3K14
prerank,Negative Regulation Of Immune System Process (GO:0002683),0.5836348138200423,1.7293865907142365,0.0021691973969631237,0.09034300719370712,1.0,7/38,6.10%,LILRB4;LILRA2;TREM2;HMOX1;TYRO3;LYN;FADD
prerank,Regulation Of Intrinsic Apoptotic Signaling Pathway (GO:2001242),0.5687789314152963,1.7287210214624344,0.0045045045045045045,0.09046475027721262,1.0,14/47,10.13%,SLC9A3R1;NUPR1;PYCARD;BCL2L1;P4HB;NOL3;FIS1;BID;PLEKHF1;BECN1;BBC3;BOK;GSDME;NDUFA13
prerank,Regulation Of Cell Size (GO:0008361),0.6561754389662848,1.7276349972079432,0.00851063829787234,0.09108149530790893,1.0,7/23,6.60%,SLC9A3R1;EZR;VAV1;RHOA;LAMTOR4;LAMTOR5;PLEK
prerank,Negative Regulation Of T Cell Receptor Signaling Pathway (GO:0050860),0.6866767375387708,1.7254713474722099,0.010822510822510822,0.09294600601575016,1.0,6/17,3.83%,LILRB4;LGALS3;LAPTM5;EZR;PTPRJ;PTPN2
prerank,Angiogenesis Involved In Wound Healing (GO:0060055),-0.7980645839858156,-1.724110899096972,0.0019120458891013384,0.14599025345891656,0.993,3/10,1.24%,CD34;KDR;MCAM
prerank,Negative Regulation Of Amyloid Precursor Protein Catabolic Process (GO:1902992),0.682668415128874,1.7238417059191753,0.0071090047393364926,0.09416499502683402,1.0,4/18,3.86%,APOE;SORL1;BIN1;CLU
prerank,Glucosamine-Containing Compound Catabolic Process (GO:1901072),0.8487639926186519,1.723053311919714,0.0,0.09440817848600246,1.0,3/7,1.66%,CHI3L2;CHIT1;CHI3L1
prerank,Nucleobase Catabolic Process (GO:0046113),0.9203519663698346,1.723001042064052,0.0,0.09390717605653746,1.0,2/5,2.16%,DPYSL2;DPYSL3
prerank,Cellular Response To Copper Ion (GO:0071280),0.7230586844908579,1.7224313576823183,0.008771929824561403,0.09392859620905893,1.0,1/14,0.01%,AQP1
prerank,Regulation Of Cardiac Muscle Cell Contraction (GO:0086004),-0.6397355018949451,-1.721581050830297,0.0017667844522968198,0.1480356244139276,0.994,12/25,17.72%,PDE4D;DSP;PKP2;RYR2;PLN;CACNA1C;GJA5;HCN4;DSG2;ATP2A1;JUP;CAV1
prerank,Positive Regulation Of Signal Transduction By P53 Class Mediator (GO:1901798),-0.7172136522298277,-1.7201220775777513,0.0035398230088495575,0.14811482926374364,0.994,4/15,7.91%,PLA2R1;HIC1;ATR;ATM
prerank,Positive Regulation Of Neuroinflammatory Response (GO:0150078),0.7484080152905224,1.7200188938554812,0.006787330316742082,0.09613497000298314,1.0,3/12,3.31%,TREM2;NUPR1;TTBK1
prerank,Positive Regulation Of Calcium Ion-Dependent Exocytosis (GO:0045956),-0.8610408971128818,-1.7198332720172467,0.005607476635514018,0.14552641477175587,0.994,3/7,4.72%,KCNB1;SYT1;SYT4
prerank,Dendritic Cell Differentiation (GO:0097028),0.6679951883834583,1.7192861662150485,0.00819672131147541,0.09646369968014544,1.0,9/20,8.30%,LGALS9;TREM2;IRF8;LILRB1;LYN;BATF3;CLU;BATF;DHRS2
prerank,Nuclear Envelope Organization (GO:0006998),0.6807393631508438,1.7184926678432106,0.013986013986013986,0.09684969438137694,1.0,6/17,8.96%,LMNB2;REEP4;LMNB1;TMEM170A;LEMD2;LMNA
prerank,Regulation Of Proteasomal Protein Catabolic Process (GO:0061136),0.5457955206918234,1.71805281149816,0.0,0.09681378517806587,1.0,13/50,13.35%,APOE;TREM2;NUPR1;GNA12;GABARAPL2;PSME2;RAD23A;PSME1;PSMC3;PSMC5;DAB2IP;PSMD14;F8A1
prerank,Regulation Of Erythrocyte Differentiation (GO:0045646),0.6069339379430507,1.7170136875639823,0.006756756756756757,0.09734759833583156,1.0,5/33,3.69%,SPI1;MAFB;NCKAP1L;LYN;INHBA
prerank,Regulation Of Extracellular Matrix Disassembly (GO:0010715),0.7264343802484471,1.7159455542520765,0.017241379310344827,0.09784886933804514,1.0,6/14,9.11%,DDR1;PDPN;DDR2;TGFB1;MELTF;FSCN1
prerank,Positive Regulation Of B Cell Proliferation (GO:0030890),0.6226894217466707,1.7156070719500047,0.0044742729306487695,0.09769544865855731,1.0,7/24,4.17%,CD74;IRS2;TNFSF13B;NCKAP1L;SASH3;CD38;CLCF1
prerank,Mitochondrial Respiratory Chain Complex I Assembly (GO:0032981),0.5418846401551316,1.7150857526087817,0.004651162790697674,0.09720359301284956,1.0,26/52,26.60%,NDUFAF8;NUBPL;NDUFA1;NDUFS5;TMEM186;NDUFA13;NDUFA3;NDUFB6;NDUFB11;NDUFA11;NDUFS4;NDUFS7;NDUFB5;NDUFA2;NDUFC2;NDUFA9;NDUFB7;NDUFC1;NDUFAF4;NDUFAB1;NDUFAF2;NDUFAF5;TIMM21;NDUFAF3;ECSIT;NDUFS2
prerank,NADH Dehydrogenase Complex Assembly (GO:0010257),0.5418846401551316,1.7150857526087817,0.004651162790697674,0.09720359301284956,1.0,26/52,26.60%,NDUFAF8;NUBPL;NDUFA1;NDUFS5;TMEM186;NDUFA13;NDUFA3;NDUFB6;NDUFB11;NDUFA11;NDUFS4;NDUFS7;NDUFB5;NDUFA2;NDUFC2;NDUFA9;NDUFB7;NDUFC1;NDUFAF4;NDUFAB1;NDUFAF2;NDUFAF5;TIMM21;NDUFAF3;ECSIT;NDUFS2
prerank,Wnt Signaling Pathway (GO:0016055),-0.5246387258223222,-1.7134503344441867,0.0017699115044247787,0.1557737851881035,0.995,17/71,10.65%,LEF1;WNT16;WNT6;NR4A2;FZD6;SIAH1;FZD4;SFRP1;FRZB;RAC3;WNT4;SFRP4;WNT2B;CCDC88C;WNT11;SFRP2;CTNNB1
prerank,Golgi Vesicle Transport (GO:0048193),0.44706689528136007,1.7119995782605895,0.0,0.10022336019741802,1.0,55/179,18.78%,RAB13;COPZ1;TMED9;SORL1;TRAPPC3;SCAMP2;COPE;GABARAPL2;RAB1B;LMAN1;SPIRE1;MYO18A;YIF1A;LMAN1L;VPS51;VTI1B;TAPBP;SNAP23;LMAN2L;TMED1;RAB29;USE1;ERGIC1;RAB33B;ARF3;SURF4;ARF5;PREB;GBF1;RP2;TMED2;STX10;SNX12;RANGRF;ERGIC3;SLC10A7;TMED10;GOLPH3;RBSN;SEC22C;TMEM115;SNX1;SNX8;RAB12;SEC16A;AP4M1;WHAMM;VAPA;COPB2;TMED4;ARCN1;RAB8A;ATP9A;PICK1;PDCD6
prerank,Negative Regulation Of Coagulation (GO:0050819),0.7657936128587067,1.7116328579953382,0.010706638115631691,0.10006695466749164,1.0,1/11,0.02%,APOE
prerank,Circulatory System Development (GO:0072359),-0.49960642917157205,-1.7115453855532687,0.0017331022530329288,0.1566575310678963,0.995,28/113,11.55%,FOXC1;CDH5;PKP2;NTRK3;FOXC2;SLC2A12;SHH;ZFPM2;HEYL;RAMP2;FOXL1;MICAL2;PLCE1;PDLIM7;FLRT3;HEG1;PDLIM1;FLT4;ISL1;KDM6A;NF1;CACNA1C;STRA6;HSPG2;POPDC3;TGFBR2;GJA5;FGF12
prerank,Mitochondrial Cytochrome C Oxidase Assembly (GO:0033617),0.6588470315954442,1.7110808324741897,0.013793103448275862,0.1001958986204167,1.0,6/20,13.66%,PET117;PET100;SCO1;COX14;COX17;SCO2
prerank,Cellular Response To Epidermal Growth Factor Stimulus (GO:0071364),-0.660932529261075,-1.711004699065835,0.0017857142857142857,0.1544344962251757,0.995,4/23,6.12%,FOXC1;PLCG1;EGFR;PTPN12
prerank,Microglial Cell Activation (GO:0001774),0.6773463724217437,1.7107553159524405,0.002288329519450801,0.10007336757153339,1.0,9/20,8.63%,TYROBP;TREM2;ITGB2;GRN;C1QA;AIF1;CLU;C5AR1;SNCA
prerank,Positive Regulation Of Immune Response (GO:0050778),0.5281011248883007,1.710048232605443,0.0022123893805309734,0.10031573462746055,1.0,20/60,11.51%,LGALS9;CD74;PYCARD;ITGB2;XBP1;LILRB1;TGFB2;SASH3;SLC15A4;IFI35;RNF185;TRIM56;FADD;STX4;CD226;FCGR2B;GSDME;IL12RB1;NLRP3;C8G
prerank,Cardiac Muscle Cell Contraction (GO:0086003),-0.6956445051454285,-1.7088937763940075,0.007054673721340388,0.15634591938655226,0.997,8/17,15.19%,PKP2;SCN4B;CACNA1D;CACNA2D1;CACNA1C;GSN;FGF12;SCN1B
prerank,Innate Immune Response-Activating Signaling Pathway (GO:0002758),0.7349823594371842,1.7086792061887512,0.011655011655011656,0.10129161682670698,1.0,6/13,12.27%,LILRA2;PYCARD;HCK;NLRC4;NLRP3;LACC1
prerank,Vascular Wound Healing (GO:0061042),-0.8959545239240283,-1.7067032768179797,0.005780346820809248,0.15758146331806605,0.997,3/6,1.24%,CD34;KDR;MCAM
prerank,Secretion (GO:0046903),-0.7916182822765266,-1.7064204114027521,0.003780718336483932,0.15527518927053233,0.997,4/10,8.33%,FBLN5;SLC22A2;RIMS1;NPR1
prerank,Glycosphingolipid Catabolic Process (GO:0046479),0.8487192745954923,1.7063356719990703,0.006726457399103139,0.10325460445662198,1.0,4/7,6.16%,GM2A;NEU4;GLA;HEXB
prerank,Protein Exit From Endoplasmic Reticulum (GO:0032527),0.6244393681029375,1.7063317236480005,0.0021598272138228943,0.1027230993602846,1.0,10/24,11.39%,TMED9;SEL1L;LMAN1;DERL1;SURF4;PREB;SEC13;DERL2;RANGRF;TMEM129
prerank,Muscle Filament Sliding (GO:0030049),-0.8983377412115512,-1.7063278837780123,0.003527336860670194,0.1496042457456719,0.997,2/6,1.06%,TPM1;TNNT2
prerank,Actin-Myosin Filament Sliding (GO:0033275),-0.8983377412115512,-1.7063278837780123,0.003527336860670194,0.1496042457456719,0.997,2/6,1.06%,TPM1;TNNT2
prerank,Blood Vessel Endothelial Cell Migration (GO:0043534),-0.6588413804171488,-1.706327622960527,0.0052173913043478265,0.14683379675038166,0.997,10/21,12.59%,CDH5;KDR;NR4A1;NELL1;SLIT2;EGR3;EFNB2;ID1;EMP2;MYH9
prerank,Branching Involved In Blood Vessel Morphogenesis (GO:0001569),-0.7743961072610761,-1.7056840181384112,0.0035650623885918,0.14551127784490214,0.997,8/11,16.32%,KDR;SHH;NELL1;SFRP2;CTNNB1;TGFBR2;ENG;NRARP
prerank,Ribosomal Large Subunit Biogenesis (GO:0042273),0.572675683092216,1.7048714956215358,0.0022727272727272726,0.10394619674555593,1.0,21/38,26.27%,LTO1;PAK1IP1;NSA2;GTPBP4;EBNA1BP2;HEATR3;RRP15;MRTO4;ZNF622;NIP7;NOP16;PES1;TMA16;NOP53;NEDD4;WDR74;RRS1;GTF3A;RPF2;MAK16;NOP2
prerank,Amino Acid Transport (GO:0006865),-0.5845920184498445,-1.7046564883638307,0.0036231884057971015,0.14451845762465662,0.997,8/39,4.50%,SLC6A12;SLC6A20;SLC7A10;SLC38A5;SLC36A1;SLC38A11;SLC7A11;SLC6A15
prerank,Outflow Tract Septum Morphogenesis (GO:0003148),-0.6552238030842099,-1.7039442525462014,0.007827788649706457,0.14335599190902723,0.997,14/23,16.74%,ZFPM2;BMP4;NELL1;SEMA3C;NELL2;TBX2;SMAD4;ISL1;BMPR2;TGFBR2;ENG;GATA6;SMAD6;ROBO1
prerank,Membrane Protein Intracellular Domain Proteolysis (GO:0031293),0.75512048275741,1.703192863939597,0.002232142857142857,0.10544255495238668,1.0,3/12,3.08%,PSENEN;TGFB1;APH1A
prerank,Negative Regulation Of Inflammatory Response To Antigenic Stimulus (GO:0002862),0.6831489761052221,1.7017620108770977,0.011235955056179775,0.10656496945621784,1.0,4/15,2.73%,SYK;TREM2;HCK;LYN
prerank,Cell-Cell Junction Organization (GO:0045216),-0.5382307681646353,-1.7012359051839963,0.0,0.14632449619104387,0.997,16/59,9.28%,DSP;CDH5;PKP2;GJC1;CDH18;CDH11;TJP1;CDH12;OCLN;CLDN5;GJA4;CDH13;CDH6;MARVELD3;CD177;MARVELD2
prerank,Regulation Of Cysteine-Type Endopeptidase Activity Involved In Apoptotic Process (GO:0043281),0.5064855017289569,1.6998627385302212,0.004830917874396135,0.10818032528504888,1.0,16/72,11.11%,AQP1;CD44;SYK;PYCARD;CTSD;USP47;SFN;AKT1;LAMTOR5;MAP3K5;FIS1;SNCA;NDUFA13;BCL10;DNAJB6;NLRP3
prerank,Regulation Of Leukocyte Degranulation (GO:0043300),0.8835629679708472,1.6985234279587265,0.004464285714285714,0.10914280897437745,1.0,3/6,2.73%,SYK;STXBP2;LYN
prerank,Microvillus Assembly (GO:0030033),0.7279008753509291,1.6977963596475445,0.01293103448275862,0.10948057958631492,1.0,7/13,14.31%,RAP2B;SLC9A3R1;EZR;RAP1A;MAP4K4;RAP2A;FXYD5
prerank,Negative Regulation Of Natural Killer Cell Mediated Cytotoxicity (GO:0045953),0.8070087583879022,1.6973144730814629,0.017094017094017096,0.10940298282893769,1.0,3/8,2.12%,LGALS9;TGFB1;LILRB1
prerank,Regulation Of Cytokine Production Involved In Immune Response (GO:0002718),0.6465812524013078,1.6970257380110079,0.011990407673860911,0.10918751505375156,1.0,6/22,12.27%,LAPTM5;SCIMP;LILRB1;IRF5;BTK;LACC1
prerank,Embryonic Skeletal System Development (GO:0048706),-0.604852602479125,-1.6967895892558165,0.00909090909090909,0.15279060031305244,0.998,11/31,14.49%,PDGFRA;KIAA1217;SIX1;HOXB4;SULF2;HOXB3;WNT11;OSR2;HOXC9;HOXD3;COL1A1
prerank,Cardiac Conduction System Development (GO:0003161),-0.6539050878744244,-1.696522081124935,0.009487666034155597,0.15077135992657312,0.998,10/22,19.31%,GJB6;TBX18;SHOX2;SMAD4;MAML1;GJA5;HCN4;GATA6;SMAD5;CACNA1G
prerank,Negative Regulation Of Protein Transport (GO:0051224),0.6504042971062006,1.6954613576394724,0.006787330316742082,0.11040774648231844,1.0,3/20,4.16%,APOE;NDFIP1;ERP29
prerank,Regulation Of Neuron Apoptotic Process (GO:0043523),0.48050247544256847,1.6954359223474098,0.0,0.10990295259735124,1.0,21/96,9.02%,APOE;SOD2;PTPRZ1;TREM2;NUPR1;GRN;CCL2;CPEB4;TYRO3;TGFB2;CLU;CLCF1;AKT1S1;BAX;ATF4;EGLN3;LGMN;PTK2B;PPT1;CLN3;FCGR2B
prerank,Negative Regulation Of Cytokine Production Involved In Immune Response (GO:0002719),0.7142445232476984,1.6946869455112843,0.03160270880361174,0.11025835440690734,1.0,4/14,2.71%,LILRB4;TGFB1;LILRB1;TGFB2
prerank,Oxidative Phosphorylation (GO:0006119),0.5212233180841753,1.6941906563750515,0.0,0.11033841505091357,1.0,27/58,20.66%,ATP5F1E;NDUFS6;ATP5MG;NDUFA1;NIPSNAP2;NDUFS5;ATP5MF;ATP5ME;SDHA;NDUFA13;NDUFA3;NDUFB6;NDUFB11;NDUFA11;NDUFS4;NDUFS7;ATP5F1C;CHCHD10;ATP5PD;NDUFB5;NDUFA2;UQCRB;NDUFC2;NDUFA9;NDUFB7;ATP5PO;NDUFC1
prerank,Very-Low-Density Lipoprotein Particle Assembly (GO:0034379),0.788918702066974,1.6940624241236542,0.014799154334038054,0.10994720643601269,1.0,2/9,6.78%,APOC1;SOAT1
prerank,Artery Morphogenesis (GO:0048844),-0.6199831910769751,-1.6925426320705101,0.007380073800738007,0.1562292146427101,0.998,12/29,11.44%,PDGFRB;BMP4;NELL1;JAG1;TBX2;NF1;STRA6;BMPR2;TGFBR2;GJA5;ENG;HPGD
prerank,Positive Regulation Of Release Of Sequestered Calcium Ion Into Cytosol (GO:0051281),-0.6258575202792738,-1.6917495742196846,0.00539568345323741,0.15545501806789488,0.998,3/28,3.58%,CEMIP;THY1;PLCG1
prerank,Regulation Of Phagocytosis (GO:0050764),0.538692522907897,1.6916508641598933,0.0,0.11228708575567285,1.0,12/55,9.02%,CYBA;SYK;TREM2;PYCARD;HCK;SIRPA;MERTK;SLC11A1;FCER1G;RAB27A;TLR2;FCGR2B
prerank,Hyaluronan Biosynthetic Process (GO:0030213),-0.8902117125307492,-1.6905381540533664,0.0,0.1553661380327207,0.999,1/6,0.01%,CEMIP
prerank,Regulation Of Interferon-Beta Production (GO:0032648),0.5477819743443703,1.6904487159124575,0.002325581395348837,0.1133288402258339,1.0,15/47,13.90%,PYCARD;LILRB1;SIRPA;YY1;IRF5;TLR7;IRF7;TRIM56;RNF135;TLR2;TLR3;RELB;PPM1B;MAVS;IRF3
prerank,Cellular Response To Vascular Endothelial Growth Factor Stimulus (GO:0035924),-0.6069696974001428,-1.6902087408266122,0.005338078291814947,0.15349789887610119,0.999,8/32,8.87%,FOXC1;KDR;NR4A1;NELL1;RAMP2;EGR3;FLT4;MT1G
prerank,Innate Immune Response Activating Cell Surface Receptor Signaling Pathway (GO:0002220),0.6195680235544476,1.6899450098809476,0.009111617312072893,0.11338100673371199,1.0,4/24,2.73%,TYROBP;LILRA2;SYK;LYN
prerank,Negative Regulation Of Release Of Cytochrome C From Mitochondria (GO:0090201),0.726011945853817,1.689410329308513,0.020361990950226245,0.11346151676686994,1.0,5/13,13.72%,BCL2L1;CLU;NOL3;PSMD10;BAK1
prerank,Positive Regulation Of Cell Migration Involved In Sprouting Angiogenesis (GO:0090050),-0.6959466120215232,-1.6892629932239007,0.0074211502782931356,0.15296796088884704,0.999,7/15,4.36%,PTGS2;FOXC2;KDR;SRPX2;RHOJ;JCAD;MAP3K3
prerank,Positive Regulation Of Amyloid-Beta Clearance (GO:1900223),0.891815110671266,1.688100741685317,0.0,0.11439093928570113,1.0,2/6,0.50%,APOE;TREM2
prerank,Negative Regulation Of Mitochondrion Organization (GO:0010823),0.6090131801110447,1.687888301099931,0.0,0.11412306775388628,1.0,8/29,9.18%,SLC25A6;BCL2L1;PPARG;CLU;NOL3;AKT1;PSMD10;SLC35F6
prerank,Mitochondrial Respiratory Chain Complex Assembly (GO:0033108),0.4884425578119695,1.687230670327387,0.0,0.1144775970366337,1.0,36/85,26.60%,NDUFAF8;PET117;NUBPL;SDHAF1;NDUFA1;PET100;NDUFS5;UQCC3;SCO1;TMEM186;NDUFA13;NDUFA3;NDUFB6;COX14;NDUFB11;NDUFA11;COX17;NDUFS4;SCO2;NDUFS7;NDUFB5;NDUFA2;NDUFC2;NDUFA9;NDUFB7;NDUFC1;NDUFAF4;NDUFAB1;NDUFAF2;NDUFAF5;CHCHD7;COX19;TIMM21;NDUFAF3;ECSIT;NDUFS2
prerank,Negative Regulation Of T Cell Mediated Immunity (GO:0002710),0.776933376273914,1.6871268745985197,0.008908685968819599,0.1140307069818025,1.0,2/10,2.12%,LILRB4;LILRB1
prerank,Amyloid Precursor Protein Metabolic Process (GO:0042982),0.6921588738898303,1.686151930705536,0.013363028953229399,0.11463587397669855,1.0,3/17,3.08%,APOE;PSENEN;APH1A
prerank,Glucose 6-Phosphate Metabolic Process (GO:0051156),0.6758786924074318,1.6855020600794737,0.0022624434389140274,0.11489895775493997,1.0,9/16,14.25%,HK2;PGD;PGLS;G6PC3;G6PD;SHPK;GCK;H6PD;DERA
prerank,Regulation Of Cell-Cell Adhesion Mediated By Cadherin (GO:2000047),-0.7301244315102007,-1.6852703755894944,0.0057361376673040155,0.15942968208690644,0.999,5/14,11.39%,BMP6;PTPRU;TJP1;EPCAM;DENND6A
prerank,"Regulation Of CD8-positive, Alpha-Beta T Cell Differentiation (GO:0043376)",0.8316540005435074,1.6846791017149194,0.0087527352297593,0.11533821682558273,1.0,6/7,16.04%,LILRB4;NCKAP1L;RUNX3;ZBTB7B;RUNX1;SOCS1
prerank,Ureteric Bud Development (GO:0001657),-0.6894164944249959,-1.6842386982815343,0.012544802867383513,0.1591128232822444,0.999,9/17,20.03%,FOXC1;BMP4;SIX1;SLIT2;WNT11;NPNT;GPC3;CER1;PKD2
prerank,Defense Response To Bacterium (GO:0042742),0.46848655562431113,1.6840412228423527,0.0,0.11556785986555403,1.0,25/111,11.80%,AQP1;SYK;TREM2;LYZ;PYCARD;SLAMF8;IGHA1;F3;LTF;RNASE6;SLC11A1;FCER1G;TFEB;CEBPB;MYD88;NLRC4;TLR2;COLEC12;ROMO1;TLR3;GNLY;MPEG1;PRKCD;MICA;FGR
prerank,Inner Ear Morphogenesis (GO:0042472),-0.6520990920594862,-1.683515717590473,0.0037174721189591076,0.15838901836571254,0.999,4/21,3.51%,ZIC1;USH1C;TBX18;SIX1
prerank,Positive Regulation Of Lipid Biosynthetic Process (GO:0046889),0.5830228199459763,1.6830568853316732,0.009592326139088728,0.11617146290180884,1.0,5/35,3.26%,APOE;APOC2;CTDNEP1;SIRT2;SREBF1
prerank,Regulation Of Androgen Receptor Signaling Pathway (GO:0060765),-0.6431284926629653,-1.6822890465004992,0.003527336860670194,0.15832567361746594,0.999,7/23,13.75%,FOXP1;HEYL;SFRP1;PIAS2;KDM4C;NCOR2;SMARCA4
prerank,Positive Regulation Of Mitophagy In Response To Mitochondrial Depolarization (GO:0098779),0.8469812241981034,1.6813056091660674,0.015053763440860216,0.11782654072444977,1.0,1/6,0.07%,TOMM7
prerank,Spliceosomal snRNP Assembly (GO:0000387),0.573107892118435,1.6810569869978849,0.015184381778741865,0.117575931675303,1.0,15/36,20.12%,SNRPF;CD2BP2;TSSC4;SNRPB;GEMIN6;SNRPD1;CLNS1A;GEMIN8;STRAP;WDR77;SART3;DDX20;LSM2;HNRNPC;PRPF6
prerank,Fatty Acid Homeostasis (GO:0055089),0.8236218559941529,1.680414800876015,0.01072961373390558,0.11784584608445478,1.0,2/8,1.15%,APOE;XBP1
prerank,Aminoglycan Catabolic Process (GO:0006026),0.7181481294961255,1.679237807147831,0.01805869074492099,0.11888449498676107,1.0,5/12,8.93%,CHI3L2;CHIT1;FUCA1;GUSB;GNS
prerank,Vacuolar Acidification (GO:0007035),0.5896257366413105,1.6789061360214093,0.004415011037527594,0.11874604745349755,1.0,6/27,8.99%,GRN;SLC11A1;ATP6V1F;CLN6;PPT1;CLN3
prerank,Positive Regulation Of Receptor Catabolic Process (GO:2000646),0.8708635374361247,1.6788924656809614,0.010660980810234541,0.118232077946471,1.0,2/6,1.48%,APOE;LAPTM5
prerank,Regulation Of Macrophage Cytokine Production (GO:0010935),0.7291276019835939,1.6782587113753462,0.021551724137931036,0.1185103526843862,1.0,5/12,8.82%,LAPTM5;TGFB1;LILRB1;TGFB2;CUEDC2
prerank,Chemical Synaptic Transmission (GO:0007268),-0.43780069567424246,-1.677398784092169,0.0,0.1671722201725891,0.999,79/232,18.78%,GABRE;CACNB2;KCNA1;GABBR1;RIC3;GABRB1;UTS2;SLC6A1;GPR176;GLRA1;SLC18A3;LPAR3;HTR1F;KCNN1;NPTX1;PTPRN2;GABRG2;ERC2;CHRM2;AKAP9;ERC1;CPLX1;SYT1;SLC1A2;KCNK3;SNCG;CHRNB2;SNAP25;CACNA1B;AMPH;NSG1;HAPLN4;HTR2A;GABRA1;KIF5A;GRIN1;CHRNA3;KCNC4;CHAT;GRIK2;SYT5;SPG11;GLRA3;EXOC4;BSN;CHRM1;SLC5A7;GRIN3B;GABRA3;DRD5;SNPH;SNCB;HOMER1;SHISA6;SYN3;GABRA4;SYN1;BRSK1;LIN7A;GRIA3;PENK;SLC12A5;STXBP1;PPFIA3;STXBP3;GABRD;HCRTR2;GABBR2;CHRNA4;GABRB3;GRIN2B;OPRK1;CACNB1;GRIN2D;GRM2;PCDHB11;CHRND;GRIK1;GRM4
prerank,Ceramide Catabolic Process (GO:0046514),0.7396723719293254,1.6743782304650965,0.013100436681222707,0.12292583625135993,1.0,5/11,9.95%,GM2A;NEU4;GLA;HEXB;ASAH1
prerank,"Positive Regulation Of CD8-positive, Alpha-Beta T Cell Activation (GO:2001187)",0.8510440760770517,1.6737358163086948,0.011037527593818985,0.12320753751799113,1.0,4/6,12.95%,LILRB4;NCKAP1L;RUNX3;RUNX1
prerank,Regulation Of Lamellipodium Organization (GO:1902743),0.7370377991219821,1.673540009961109,0.015765765765765764,0.1229315452393704,1.0,4/11,7.31%,CD44;PDPN;WAS;TWF2
prerank,Immunoglobulin Mediated Immune Response (GO:0016064),0.7107854471486185,1.6735380416727845,0.01627906976744186,0.122394726264526,1.0,8/14,21.81%,CD74;FCER1G;FCGR2B;GAPT;GNAO1;CSF2RB;CD81;CD27
prerank,"Regulation Of Phagocytosis, Engulfment (GO:0060099)",0.7753605043041242,1.6734360887299236,0.00904977375565611,0.12197265417275344,1.0,4/10,6.09%,TREM2;C3;NCKAP1L;CD300A
prerank,Synaptic Vesicle Exocytosis (GO:0016079),-0.5685196312444241,-1.6719762226407997,0.0,0.1776808717436762,1.0,16/39,19.64%,RIMS1;OTOF;SYT2;CPLX1;SYT1;RAB3A;SYT4;SNAP25;PRRT2;SYT5;SNPH;RIMS2;PIP5K1C;CPLX2;STX1B;CDK5
prerank,Regulation Of Positive Chemotaxis (GO:0050926),-0.8847888879874115,-1.6717086761195388,0.003766478342749529,0.1757449766491798,1.0,3/6,6.06%,NTRK3;KDR;CDH13
prerank,Positive Regulation Of CoA-transferase Activity (GO:1905920),0.8715081526327036,1.6716096448877247,0.015317286652078774,0.12329084438545072,1.0,2/6,0.28%,APOE;TSPO
prerank,Regulation Of CoA-transferase Activity (GO:1905918),0.8715081526327036,1.6716096448877247,0.015317286652078774,0.12329084438545072,1.0,2/6,0.28%,APOE;TSPO
prerank,Negative Regulation Of Transport (GO:0051051),0.5672125041795923,1.6708449062438873,0.004484304932735426,0.1237551763163761,1.0,10/37,11.66%,RAB7A;LGALS3;PACSIN3;LILRB1;CRYAB;NDFIP1;HAMP;SNCA;SNX12;ERBB3
prerank,ATP Biosynthetic Process (GO:0006754),0.6285488165571151,1.6705935419955145,0.007159904534606206,0.12361787886608624,1.0,11/21,16.51%,ATP5F1E;TGFB1;ATP5MC2;NUDT2;ATP5MG;ATP5MF;ATP5MC1;ATP5ME;ATP5MGL;ATP5F1C;ATP5PD
prerank,Extracellular Matrix Assembly (GO:0085029),-0.6905430085832487,-1.6700592092059328,0.0074211502782931356,0.17681589406455148,1.0,6/17,2.43%,MFAP4;FBLN5;MYH11;TNXB;RAMP2;GAS6
prerank,Regulation Of Extent Of Cell Growth (GO:0061387),0.8335098822466473,1.6693962969994203,0.01583710407239819,0.12461042101608326,1.0,2/7,1.09%,APOE;NRCAM
prerank,Negative Regulation Of Heart Contraction (GO:0045822),-0.7504353697641056,-1.667795343168108,0.011385199240986717,0.17925291967332443,1.0,4/11,11.83%,PDE4D;PLN;ATP1A2;SPX
prerank,Positive Regulation Of Interferon-Alpha Production (GO:0032727),0.6549502533891581,1.66718489836094,0.012875536480686695,0.12693810953531917,1.0,8/18,13.90%,IRF5;TLR7;IRF7;NMB;HSPD1;TLR3;MAVS;IRF3
prerank,Proton Motive Force-Driven Mitochondrial ATP Synthesis (GO:0042776),0.5273337084163853,1.6660039771517883,0.002531645569620253,0.12795913668375192,1.0,24/50,20.66%,ATP5F1E;NDUFS6;ATP5MG;NDUFA1;NDUFS5;ATP5MF;ATP5ME;SDHA;NDUFA13;NDUFA3;NDUFB6;NDUFB11;NDUFA11;NDUFS4;NDUFS7;ATP5F1C;ATP5PD;NDUFB5;NDUFA2;NDUFC2;NDUFA9;NDUFB7;ATP5PO;NDUFC1
prerank,Cyclic-Nucleotide-Mediated Signaling (GO:0019935),0.5684093942469169,1.6651293108734173,0.004246284501061571,0.12860179093568946,1.0,2/34,0.02%,AQP1;APOE
prerank,Positive Regulation Of Membrane Depolarization (GO:1904181),-0.9054739517106184,-1.6638298050902873,0.0018656716417910447,0.18564330744796678,1.0,4/6,7.15%,DCN;KDR;MLLT11;MYOC
prerank,Regulation Of Endocytosis (GO:0030100),0.504979320022979,1.6636680512119715,0.0,0.13002600310073417,1.0,14/66,11.80%,APOE;SYK;HCK;LGALS3;PACSIN3;LILRB1;CD22;STON2;PTPN1;SNCA;SNX12;SNX17;LRPAP1;FGR
prerank,Regulation Of IRE1-mediated Unfolded Protein Response (GO:1903894),0.7115704828822071,1.663078715999706,0.0200445434298441,0.13024779119571903,1.0,7/13,17.31%,BAX;PTPN1;DAB2IP;BAK1;DDRGK1;FICD;UFL1
prerank,"Positive Regulation Of Phagocytosis, Engulfment (GO:0060100)",0.7893631278964033,1.663036564183043,0.015555555555555555,0.12978238288950333,1.0,3/9,2.65%,TREM2;C3;NCKAP1L
prerank,Phagosome Acidification (GO:0090383),0.9058151642629064,1.661307107315279,0.006109979633401222,0.13167727167263124,1.0,2/5,2.03%,RAB7A;SLAMF8
prerank,Lipoprotein Biosynthetic Process (GO:0042158),0.6947497919396777,1.6612973941489864,0.020689655172413793,0.13114035131990376,1.0,2/14,3.87%,APOE;UGCG
prerank,Embryonic Digit Morphogenesis (GO:0042733),-0.676150815276377,-1.6594467648281,0.014466546112115732,0.19344295423750726,1.0,7/17,10.85%,GLI3;SHH;INTU;TBX2;WDPCP;TWIST1;OSR2
prerank,Pinocytosis (GO:0006907),0.7677615103244192,1.6592932787975365,0.02526315789473684,0.13342919434332134,1.0,4/9,10.91%,MAPKAPK3;PYCARD;PPT1;MAPKAPK2
prerank,Proteolysis Involved In Protein Catabolic Process (GO:0051603),0.5034122884610873,1.659161196728606,0.0,0.13303713397765607,1.0,13/69,9.88%,CTSZ;CTSB;OTUD7B;CTSL;CTSS;CTSH;BAG6;YME1L1;SOCS6;PEX10;DDB1;LGMN;CTSC
prerank,Negative Regulation Of Hemostasis (GO:1900047),0.7676350746464448,1.6587164595436175,0.011160714285714286,0.133094244681412,1.0,1/10,0.02%,APOE
prerank,Regulation Of Mesenchymal Stem Cell Differentiation (GO:2000739),-0.8631475928138976,-1.6583417093967983,0.005484460694698354,0.1934715493718832,1.0,2/7,1.40%,PDGFRA;LTBP2
prerank,Odontogenesis Of Dentin-Containing Tooth (GO:0042475),-0.7288989885105095,-1.6581502667776238,0.007207207207207207,0.191567512492187,1.0,3/13,7.72%,FOXC1;WNT6;AMTN
prerank,Heart Development (GO:0007507),-0.4622561215867592,-1.6574559221495406,0.003430531732418525,0.19083928432506786,1.0,31/143,11.55%,FOXC1;PKP2;NTRK3;FOXC2;SCUBE1;SHH;ZFPM2;BMP4;RAMP2;FOXL1;MICAL2;PLCE1;BMP5;FLRT2;PDLIM7;FLRT3;TBX2;TGFBR3;HEG1;PDLIM1;INSR;ISL1;KDM6A;NF1;CACNA1C;STRA6;POPDC3;BMPR2;TGFBR2;GJA5;FGF12
prerank,Regulation Of Type I Interferon Production (GO:0032479),0.5264497110611683,1.6574240612980307,0.007556675062972292,0.1344199729080558,1.0,19/52,19.70%,TYROBP;IRF8;IRF5;TRAF3IP3;IRF7;TRIM56;MYD88;CD14;TRIM27;GPATCH3;MAVS;IRF3;BANF1;OTUD5;ZCCHC3;RNF216;PQBP1;TICAM1;CYLD
prerank,Regulation Of Apoptotic Cell Clearance (GO:2000425),0.8949797469086034,1.656854282192039,0.012958963282937365,0.1346655028781668,1.0,3/5,1.72%,CD300LF;C3;CCL2
prerank,Positive Regulation Of Osteoblast Proliferation (GO:0033690),0.8844907324466504,1.6567165732255713,0.008695652173913044,0.1343377199036897,1.0,4/5,8.24%,LTF;TMEM119;HPSE;SOX8
prerank,Myelin Assembly (GO:0032288),0.7516347000309962,1.6563187365270766,0.008849557522123894,0.13437424698096323,1.0,6/9,15.61%,CNTNAP1;CD9;TPPP;TENM4;PMP22;GPC1
prerank,Regulation Of Hematopoietic Stem Cell Differentiation (GO:1902036),-0.7379152421141482,-1.6560117735380373,0.013011152416356878,0.19179432381603692,1.0,1/12,0.02%,FOXC1
prerank,Regulation Of Receptor-Mediated Endocytosis (GO:0048259),0.5604282525701382,1.6559629690889472,0.0045045045045045045,0.13437205668041466,1.0,10/36,11.61%,APOC1;APOC2;C3;F3;CLU;BMP2K;ARF6;PPT1;CBL;LRPAP1
prerank,Humoral Immune Response Mediated By Circulating Immunoglobulin (GO:0002455),0.8946673700756194,1.6545593936169838,0.00966183574879227,0.1358673477530166,1.0,2/5,1.89%,C1QC;C1QB
prerank,Intrinsic Apoptotic Signaling Pathway In Response To DNA Damage By P53 Class Mediator (GO:0042771),0.6525864619996109,1.6532216901210606,0.019230769230769232,0.13720309342284961,1.0,7/18,14.04%,PYCARD;BAG6;HIPK1;PHLDA3;DDIT4;IFI16;TP53
prerank,Arp2/3 Complex-Mediated Actin Nucleation (GO:0034314),0.6948964175954904,1.6529545768763436,0.020224719101123594,0.1370236622398799,1.0,8/14,16.30%,ARPC5;ARPC3;ACTR3;ARPC1B;TRIM27;IQGAP2;WIPF3;WHAMM
prerank,Substantia Nigra Development (GO:0021762),0.549734453616182,1.6517269966594386,0.015521064301552107,0.1380607202100365,1.0,9/38,10.06%,MAOB;GNB4;SIRT2;TTBK1;RHOA;PADI2;S100A1;G6PD;YWHAE
prerank,Heme Catabolic Process (GO:0042167),0.8729350338465331,1.651263096865435,0.0044742729306487695,0.13812423350164071,1.0,4/5,9.99%,HMOX1;BLVRB;SLCO2B1;BLVRA
prerank,Regulation Of Cardiac Muscle Contraction (GO:0055117),-0.5794265355522177,-1.6508832326422003,0.0018656716417910447,0.20180139754983858,1.0,5/31,1.64%,PDE4D;RYR2;PLN;RNF207;CHGA
prerank,Positive Regulation Of Interleukin-12 Production (GO:0032735),0.6048736184481499,1.6505291301821325,0.015945330296127564,0.13865167653426386,1.0,9/26,9.21%,LGALS9;SYK;LAPTM5;SCIMP;IRF5;TLR2;HSPD1;TLR3;LTB
prerank,Positive Regulation Of Cytokine Production (GO:0001819),0.4149497665319143,1.6504311408073908,0.0,0.138249783031556,1.0,67/258,14.00%,CYBA;TYROBP;HAVCR2;LILRA2;LGALS9;SYK;CD74;PYCARD;HMOX1;XBP1;LAPTM5;RFTN1;C3;CHI3L1;SORL1;TGFB1;SCIMP;LILRB1;AIF1;IRF5;SLC11A1;TRAF3IP3;TLR7;FCER1G;AGT;CD4;CEBPB;BATF;IRF7;LAMTOR5;MYD88;GATA3;FADD;ATF4;S100A13;CD276;CD14;ALOX15B;TLR2;CD6;RELA;CARD11;HPSE;HSPD1;CD226;TLR3;TRIM27;ZBTB7B;LTB;MAP3K7;BCL10;ZNF580;IL12RB1;NLRP3;TMED10;LCP1;CD244;FGR;LACC1;HILPDA;CADM1;RUNX1;MAVS;CSF1R;IFI16;IRF3;POU2F2
prerank,Notch Signaling Pathway (GO:0007219),-0.5580284543074099,-1.6495073614956468,0.014519056261343012,0.20298526612516848,1.0,17/39,18.06%,SORBS2;HEYL;NOTCH3;JAG1;HES5;GALNT11;MAML1;GMDS;SUSD5;MAML3;HOXD3;JAG2;DTX1;BMP2;NRARP;DLL1;CFAP58
prerank,Epithelial Tube Morphogenesis (GO:0060562),-0.5921442077294939,-1.6487500554729673,0.01584507042253521,0.20250563727406048,1.0,7/31,4.08%,FGF10;RYR2;SHH;BMP4;PODXL;MET;SLIT2
prerank,Negative Regulation Of Inflammatory Response (GO:0050728),0.46722881776362735,1.6487480986651308,0.0024630541871921183,0.1399457098722365,1.0,16/95,6.32%,APOE;SYK;TREM2;GRN;HCK;SLAMF8;SIRPA;PPARG;TYRO3;LYN;PTPN6;ALOX5;PTPN2;GATA3;TNFRSF1A;GSTP1
prerank,intra-Golgi Vesicle-Mediated Transport (GO:0006891),0.5869636507170138,1.647818073641102,0.009569377990430622,0.14066872737687794,1.0,6/29,6.52%,COPZ1;TRAPPC3;COPE;GABARAPL2;VTI1B;RAB33B
prerank,Regulation Of Vascular Associated Smooth Muscle Cell Apoptotic Process (GO:1905459),0.8383553902975367,1.6473589931309773,0.011135857461024499,0.14075798562654318,1.0,2/6,2.53%,SOD2;PPARG
prerank,Elastic Fiber Assembly (GO:0048251),-0.8563788160362739,-1.6467985010495532,0.009881422924901186,0.2049314644107276,1.0,4/6,1.20%,MFAP4;FBLN5;MYH11;TNXB
prerank,Phagosome Maturation (GO:0090382),0.7039787482751007,1.646703497892679,0.014799154334038054,0.1412883185924153,1.0,7/14,19.18%,RAB7A;RAB20;SLAMF8;MREG;RAB14;RAB32;MCOLN1
prerank,Negative Regulation Of Protein Serine/Threonine Kinase Activity (GO:0071901),0.49292345756865236,1.645632357261137,0.007263922518159807,0.1422592791330921,1.0,20/74,8.93%,APOE;PYCARD;CDKN2A;CEBPA;SORL1;PTPRJ;PPARG;CDKN1A;LYN;SLC8A1;PRKAR1A;AGT;RGS14;AKT1;CD300A;GSTP1;PKIG;GADD45A;PTPN1;PKIA
prerank,Intestinal Absorption (GO:0050892),0.8268359167417718,1.6455200859472896,0.014830508474576272,0.14188482176726439,1.0,3/7,6.30%,UGCG;SLC2A5;KCNQ1
prerank,Receptor-Mediated Endocytosis (GO:0006898),0.4554164322872019,1.6454328558884468,0.0,0.14145859611167616,1.0,21/119,9.02%,APOE;LILRB4;M6PR;SYK;ARRB2;ITGB2;CD9;MSR1;CTSL;SORL1;LILRB1;FCER1G;STON2;FCHO1;CXCL16;GRK3;SNCA;ARHGAP27;PPT1;CLN3;FCGR2B
prerank,B Cell Homeostasis (GO:0001782),0.7550254037666402,1.645143014928253,0.02027027027027027,0.1412576641528691,1.0,5/9,12.09%,NCKAP1L;LYN;DOCK11;MEF2C;GAPT
prerank,Regulation Of Protein Localization To Cell Periphery (GO:1904375),0.6482135189697305,1.6446966385902013,0.018433179723502304,0.14136077265558833,1.0,6/18,8.99%,VTI1B;MMP14;AKR1B1;VAMP8;SIRT6;CLN3
prerank,Negative Regulation Of Intrinsic Apoptotic Signaling Pathway In Response To DNA Damage (GO:1902230),0.6220964267816087,1.6446150414967975,0.015873015873015872,0.14095027079850062,1.0,6/23,7.33%,CD44;CD74;ZNF385A;BCL2L1;CLU;MUC1
prerank,Negative Regulation Of Interferon-Beta Production (GO:0032688),0.7508538278986594,1.6438068335887452,0.02027027027027027,0.14152435291509757,1.0,6/10,13.40%,PYCARD;LILRB1;SIRPA;YY1;RELB;PPM1B
prerank,Regulation Of Chemokine Production (GO:0032642),0.5593833336694913,1.6432275144959834,0.011286681715575621,0.14185305737960172,1.0,11/38,9.11%,LILRB4;LGALS9;TREM2;CD74;PYCARD;HMOX1;AIF1;TLR7;ALOX15B;TLR2;TLR3
prerank,Negative Regulation Of MAPK Cascade (GO:0043409),0.4647515828236918,1.6429825726369633,0.0045351473922902496,0.1416321330544731,1.0,24/94,10.58%,APOE;LILRB4;SLC9A3R1;EZR;SORL1;PTPRJ;SIRPA;PPARG;LYN;DUSP4;SPRED3;PTPN2;AGT;EMILIN1;RGS14;TNIP1;PEBP1;CD300A;GSTP1;PTPN1;PSMD10;DUSP3;RANBP9;PRKCD
prerank,Xenobiotic Transport (GO:0042908),-0.6741387761033816,-1.6422986869417826,0.01384083044982699,0.21419552864743094,1.0,6/18,9.48%,ABCB1;ABCG2;SLC22A2;ABCC5;SLC22A3;SLC47A1
prerank,Cellular Hyperosmotic Response (GO:0071474),0.9046078229499045,1.6415091671331827,0.00851063829787234,0.14336754290928494,1.0,2/5,1.21%,AQP1;RCSD1
prerank,Type B Pancreatic Cell Development (GO:0003323),-0.8793665131763544,-1.639679895256156,0.0,0.2188007574551132,1.0,3/6,2.50%,BMP6;NKX6-1;BMP5
prerank,rDNA Heterochromatin Formation (GO:0000183),0.845664201341747,1.6391943358874212,0.02536997885835095,0.14631352994786467,1.0,2/6,6.27%,SIRT2;RRP8
prerank,Ventricular Cardiac Muscle Tissue Morphogenesis (GO:0055010),-0.599936579299595,-1.6389297834631962,0.007407407407407408,0.2182857944290041,1.0,10/27,7.42%,DSP;PKP2;RYR2;TPM1;TNNT2;ZFPM2;NRG1;TGFBR3;SMAD4;ISL1
prerank,Negative Regulation Of Myeloid Leukocyte Mediated Immunity (GO:0002887),0.8988526372568568,1.6385256879158658,0.011574074074074073,0.14679156075376787,1.0,4/5,6.67%,SPI1;LGALS9;CD300A;CD84
prerank,Regulation Of Dendritic Cell Antigen Processing And Presentation (GO:0002604),0.7808963904070082,1.6380329407988572,0.00909090909090909,0.14705567844081804,1.0,3/8,9.02%,CD68;SLC11A1;FCGR2B
prerank,Cellular Response To Type II Interferon (GO:0071346),0.518436156488377,1.6376688122756728,0.009153318077803204,0.1469946346916257,1.0,8/50,4.08%,LGALS9;AQP4;HCK;IRF8;CCL2;SIRPA;AIF1;CCL20
prerank,Proteasome Assembly (GO:0043248),0.7878155530419984,1.6368188937307666,0.015625,0.14763912701822382,1.0,3/8,10.35%,PSMD9;PSMD10;PSMD5
prerank,Carboxylic Acid Transport (GO:0046942),-0.5356349731958809,-1.6366223125263015,0.0018248175182481751,0.22182220246212295,1.0,12/48,7.99%,SLC6A12;SLC16A12;SLC6A13;SLC6A20;SLC6A11;SLC7A10;SLC38A5;SLC36A1;SLC16A6;SLC6A15;SLC16A1;SLC16A14
prerank,Cell Junction Disassembly (GO:0150146),0.8778463157097021,1.6365990546969695,0.013303769401330377,0.14745065695998594,1.0,2/5,1.89%,C1QC;C1QB
prerank,Regulation Of Phospholipase A2 Activity (GO:0032429),-0.9139940541100968,-1.63620493697956,0.0,0.22063006317374806,1.0,1/5,0.10%,PLA2R1
prerank,DNA Modification (GO:0006304),0.6518167252851116,1.636138036682107,0.019650655021834062,0.14751849110156018,1.0,6/17,12.43%,UNG;NEIL2;EXOSC4;PARP1;SMUG1;EXOSC6
prerank,Negative Regulation Of Lipase Activity (GO:0060192),0.7813547432498733,1.6355410898023637,0.019693654266958426,0.14781404848452323,1.0,1/8,0.04%,APOC1
prerank,Macrophage Derived Foam Cell Differentiation (GO:0010742),0.8673026740660723,1.6352409241722716,0.0175054704595186,0.14767416338808875,1.0,3/5,6.78%,TGFB1;PPARG;SOAT1
prerank,Calcium Ion Transmembrane Import Into Cytosol (GO:0097553),-0.49785660791194025,-1.635049243570973,0.0035842293906810036,0.2211202274792812,1.0,19/75,9.90%,PLCB4;RYR2;PLCE1;ITPR1;SCN8A;TRPV5;PLCG1;CACNA1D;CACNA1H;GP1BB;CACNA1B;HTR2A;CACNA2D1;GRIN1;SCN9A;SLC8A2;JPH3;CACNA1C;FLNA
prerank,Positive Regulation Of Innate Immune Response (GO:0045089),0.5520505791186245,1.635015878357789,0.006756756756756757,0.1475096187683698,1.0,7/35,6.10%,SPI1;SLC15A4;IFI35;RNF185;TRIM56;RBM47;FADD
prerank,Positive Regulation Of Membrane Invagination (GO:1905155),0.8030829650087998,1.632772729005717,0.018018018018018018,0.14991937509913994,1.0,3/8,2.65%,TREM2;C3;NCKAP1L
prerank,Carboxylic Acid Transmembrane Transport (GO:1905039),-0.5665873382424367,-1.6317525678526508,0.0054446460980036296,0.22724436194053133,1.0,9/35,9.21%,SLC16A12;SLC6A13;SLC7A10;SLC38A11;SLC7A11;SLC19A1;ABCC5;SLC16A1;SLC25A11
prerank,Actin Nucleation (GO:0045010),0.6588830753072795,1.630995466310382,0.03036876355748373,0.1521550903271778,1.0,9/16,16.30%,ARPC5;ARPC3;ACTR3;ARPC1B;TRIM27;SCIN;IQGAP2;WIPF3;WHAMM
prerank,Negative Regulation Of Carbohydrate Metabolic Process (GO:0045912),0.5888938841571673,1.6297723543432658,0.023474178403755867,0.1533725431589337,1.0,9/27,12.56%,NUPR1;PGPEP1;TGFB1;FBP1;USP7;PLEK;SIRT6;GCK;SOGA1
prerank,Regulation Of Striated Muscle Tissue Development (GO:0016202),0.8245742659513904,1.629306359038408,0.02188183807439825,0.15356976824234225,1.0,2/6,3.06%,TGFB1;SIRT2
prerank,Gland Morphogenesis (GO:0022612),0.8559542205686586,1.6287172779213894,0.00437636761487965,0.1538748394051559,1.0,3/6,2.71%,SLC9A3R1;TGFB1;TGFB2
prerank,Glycine Transport (GO:0015816),-0.8070295502590276,-1.628545471265483,0.0018214936247723133,0.23332585554142332,1.0,3/8,3.04%,SLC6A20;SLC38A5;SLC36A1
prerank,Branching Morphogenesis Of An Epithelial Tube (GO:0048754),-0.5779215581555626,-1.628511471760986,0.01384083044982699,0.23093335067216517,1.0,12/34,11.43%,FGF10;KDR;SHH;BMP4;NELL1;SIX1;MET;SLIT2;SFRP2;CTNNB1;TGFBR2;ENG
prerank,"Synaptic Transmission, GABAergic (GO:0051932)",-0.7097817114953472,-1.6281876504416397,0.018867924528301886,0.2295659885391153,1.0,8/13,16.80%,GABRE;GABRG2;HAPLN4;GABRA1;GABRA3;GABRA4;GABBR2;GABRB3
prerank,Maintenance Of Lens Transparency (GO:0036438),-0.8580667807716915,-1.6275865186500338,0.007677543186180422,0.22856042536806964,1.0,3/6,9.33%,FOXC1;VPS13B;STK39
prerank,Gap Junction Assembly (GO:0016264),-0.8700475149764972,-1.6270834539235175,0.007619047619047619,0.22750643384834116,1.0,3/6,1.69%,GJB6;GJB2;GJC1
prerank,Regulation Of Macrophage Activation (GO:0043030),0.5931659955728136,1.6268133991818574,0.015945330296127564,0.15624577543546928,1.0,9/26,9.23%,CD74;CEBPA;GPR137B;MYO18A;TNIP2;CD84;HSPD1;FCGR2B;SHPK
prerank,Embryonic Limb Morphogenesis (GO:0030326),-0.5780102902116795,-1.6266949330569331,0.01444043321299639,0.22619952471806518,1.0,13/31,14.51%,PTCH1;GLI3;SHH;INTU;TBX2;CREBBP;WDPCP;TWIST1;CACNA1C;CTNNB1;OSR2;CYP26B1;NIPBL
prerank,Positive Regulation Of I-kappaB kinase/NF-kappaB Signaling (GO:0043123),0.4319535587665695,1.626678819357166,0.002551020408163265,0.15591371842009555,1.0,51/163,17.75%,LTBR;NEK6;LGALS9;CD74;LITAF;HMOX1;TRADD;MTDH;LTF;CXXC5;NDFIP1;LPAR1;RHOA;CD4;RHOC;LAMTOR5;MYD88;DHX15;FADD;TNIP2;TNFRSF1A;CHUK;S100A13;APOL2;PARP1;RELA;CARD11;LTB;MAP3K7;S100B;TRAF3IP2;TRIM8;PPM1A;BCL10;TNFRSF10B;TIFA;PRKCB;SHISA5;TERF2IP;MAVS;GPRC5B;TMEM9B;RNF31;RBCK1;S100A4;VAPA;SHARPIN;TMED4;CANT1;SECTM1;MAP3K14
prerank,Regulation Of Triglyceride Catabolic Process (GO:0010896),0.7820464293401977,1.6262488908409052,0.013636363636363636,0.15599136988091486,1.0,3/8,3.40%,APOC2;SORL1;DAGLB
prerank,Iron-Sulfur Cluster Assembly (GO:0016226),0.5972012438831394,1.6257061216366675,0.013544018058690745,0.15573632047793023,1.0,10/26,17.45%,CIAO2A;NDOR1;NUBPL;CIAPIN1;NUBP2;NUBP1;LYRM4;NFU1;GLRX5;BOLA1
prerank,Metallo-Sulfur Cluster Assembly (GO:0031163),0.5972012438831394,1.6257061216366675,0.013544018058690745,0.15573632047793023,1.0,10/26,17.45%,CIAO2A;NDOR1;NUBPL;CIAPIN1;NUBP2;NUBP1;LYRM4;NFU1;GLRX5;BOLA1
prerank,Golgi Transport Vesicle Coating (GO:0048200),0.8865905927738504,1.625319029140632,0.008620689655172414,0.15474107022974212,1.0,4/5,11.11%,TMED9;GBF1;TMED2;TMED10
prerank,COPI Coating Of Golgi Vesicle (GO:0048205),0.8865905927738504,1.625319029140632,0.008620689655172414,0.15474107022974212,1.0,4/5,11.11%,TMED9;GBF1;TMED2;TMED10
prerank,COPI-coated Vesicle Budding (GO:0035964),0.8865905927738504,1.625319029140632,0.008620689655172414,0.15474107022974212,1.0,4/5,11.11%,TMED9;GBF1;TMED2;TMED10
prerank,Regulation Of Neutrophil Activation (GO:1902563),0.8794701903079298,1.6253005558789937,0.008948545861297539,0.15424680776855698,1.0,3/5,9.02%,SYK;GRN;FCGR2B
prerank,Myoblast Differentiation (GO:0045445),-0.6418963407724103,-1.6240990108424174,0.005366726296958855,0.23061957583062018,1.0,4/20,4.38%,EPAS1;NRG1;JAG1;PLEKHM3
prerank,Negative Regulation Of Oxidative Stress-Induced Cell Death (GO:1903202),0.6162008991556589,1.623953026362582,0.023706896551724137,0.1558139624338566,1.0,3/19,6.18%,SOD2;NOL3;ATF4
prerank,Establishment Of Protein Localization To Mitochondrion (GO:0072655),0.5393066269266437,1.6221277858008927,0.011494252873563218,0.15802196095890497,1.0,12/41,15.08%,TOMM7;TSPO;HK2;AKT1;FIS1;HSPD1;TIMM10;ROMO1;TIMM17B;TIMM13;RALA;TOMM20
prerank,Integrated Stress Response Signaling (GO:0140467),0.5694734257733612,1.621949647908654,0.018475750577367205,0.15771926227259278,1.0,5/28,4.80%,MAFB;CEBPA;BATF3;CEBPB;BATF
prerank,Microvillus Organization (GO:0032528),0.7078048218355346,1.6217733495719593,0.030434782608695653,0.15745073160311865,1.0,6/12,14.31%,RAP2B;SLC9A3R1;RAP1A;MAP4K4;RAP2A;FXYD5
prerank,Negative Regulation Of Lipopolysaccharide-Mediated Signaling Pathway (GO:0031665),0.8393061434927239,1.6216561504208025,0.0200445434298441,0.157135920368265,1.0,2/6,2.84%,LILRA2;LTF
prerank,Lysosomal Lumen Acidification (GO:0007042),0.6206720648031911,1.6213354352636737,0.01809954751131222,0.15705873017348024,1.0,5/18,8.99%,GRN;ATP6V1F;CLN6;PPT1;CLN3
prerank,Lung Epithelium Development (GO:0060428),-0.7862634935662508,-1.6206844965749636,0.020257826887661142,0.2377843020644759,1.0,4/9,10.04%,FGF10;BMP4;ERRFI1;STRA6
prerank,Toll-Like Receptor 9 Signaling Pathway (GO:0034162),0.8793867026218938,1.620438087541477,0.011389521640091117,0.15769030499929862,1.0,3/5,7.30%,PIK3AP1;TNIP2;UNC93B1
prerank,Sulfur Compound Transport (GO:0072348),-0.6565914375911517,-1.6189943160748157,0.012844036697247707,0.23977724667284556,1.0,6/18,9.58%,SLC13A4;SLC26A2;SLC35F3;SLC26A7;SLC25A11;SLC19A3
prerank,Metanephros Development (GO:0001656),-0.613310958489803,-1.618835638110822,0.012455516014234875,0.2378565729803672,1.0,8/23,10.85%,FGF10;PTCH1;SHH;BMP4;FOXD1;SIX1;NF1;OSR2
prerank,Neutral Amino Acid Transport (GO:0015804),-0.574752239887363,-1.6185729814631395,0.007168458781362007,0.23627555608722509,1.0,6/32,4.50%,SLC6A20;SLC7A10;SLC38A5;SLC36A1;SLC7A11;SLC6A15
prerank,N-acetylneuraminate Metabolic Process (GO:0006054),0.7431138603096106,1.6168964900422533,0.02412280701754386,0.16268415295716449,1.0,5/10,14.06%,RENBP;NPL;GNPDA1;ST6GAL1;HOGA1
prerank,Fc Receptor Mediated Stimulatory Signaling Pathway (GO:0002431),0.6205981175610242,1.616864459775246,0.013761467889908258,0.16221400824372326,1.0,11/22,11.80%,SYK;HCK;LYN;VAV1;MYO1G;FCER1G;PLPP4;PTK2;FCGR2B;PRKCD;FGR
prerank,Intermediate Filament Bundle Assembly (GO:0045110),-0.8348187687187145,-1.6167868592246188,0.0,0.2387504854106843,1.0,4/7,6.74%,PKP2;NEFL;NEFH;NEFM
prerank,Regulation Of Non-Motile Cilium Assembly (GO:1902855),0.8599803429819615,1.6162437819325781,0.019867549668874173,0.1626176662314375,1.0,1/5,0.38%,SEPTIN9
prerank,Regulation Of Monocyte Chemotactic Protein-1 Production (GO:0071637),0.7268830030131495,1.615752578468734,0.0211864406779661,0.16278699442238778,1.0,4/11,6.67%,LGALS9;SYK;GSTP1;CD84
prerank,Alcohol Catabolic Process (GO:0046164),0.8554222247186944,1.614845176795915,0.02288329519450801,0.1636128372395484,1.0,3/6,10.62%,APOE;CYP27A1;SNX17
prerank,Phosphatidylinositol-Mediated Signaling (GO:0048015),-0.5166623215695738,-1.6147716028954835,0.0055762081784386614,0.2419863355997738,1.0,14/60,7.79%,PLCB4;PDGFRA;PDGFRB;OGT;INPP5A;PLCE1;MYO16;PLCG1;PITPNM2;PI4KA;FGFR1;HTR2A;NYAP2;NF1
prerank,Regulation Of Cytokine Production Involved In Inflammatory Response (GO:1900015),0.5363177416826864,1.6144508694131678,0.02027027027027027,0.1636529943686696,1.0,9/41,10.19%,LILRB4;TREM2;PYCARD;SIRPA;ALOX5;MYD88;CD6;CUEDC2;PLD4
prerank,Positive Regulation Of Autophagy Of Mitochondrion In Response To Mitochondrial Depolarization (GO:1904925),0.8658929430325034,1.614323035278777,0.010822510822510822,0.16333509374758312,1.0,2/5,4.44%,TOMM7;HK2
prerank,Regulation Of Brown Fat Cell Differentiation (GO:0090335),-0.6883730418736345,-1.6139767428348726,0.0223463687150838,0.241711493642638,1.0,3/15,3.51%,PTGS2;VSTM2A;SIX1
prerank,Regulation Of Cation Channel Activity (GO:2001257),-0.5184690884199384,-1.6127814716301017,0.0088339222614841,0.24286342329628657,1.0,18/49,17.34%,CACNB2;PDE4D;DMD;HRC;KCNAB1;NETO1;JPH3;SLMAP;FGF11;HOMER1;FGF12;EDNRA;HCN4;KCNG1;FGF14;JPH1;JSRP1;CACNB1
prerank,cAMP-mediated Signaling (GO:0019933),-0.6223365294769093,-1.6119025201373816,0.02197802197802198,0.24297455465752002,1.0,7/23,14.91%,PDE4D;ADCYAP1;ADGRG6;PDE3A;PDE7A;CREB1;DEFB1
prerank,Dense Core Granule Cytoskeletal Transport (GO:0099519),-0.8662284670035036,-1.6112770012580362,0.0017953321364452424,0.2423513091156683,1.0,2/6,6.56%,SYT4;KIF5A
prerank,Negative Regulation Of ERK1 And ERK2 Cascade (GO:0070373),0.5185310272382786,1.6111810062555827,0.013363028953229399,0.16767117046752986,1.0,14/44,9.91%,SLC9A3R1;EZR;SIRPA;LYN;DUSP4;SPRED3;PTPN2;EMILIN1;RGS14;TNIP1;GSTP1;PTPN1;DUSP3;RANBP9
prerank,Myofibril Assembly (GO:0030239),-0.5588022592453706,-1.6102751425779485,0.003738317757009346,0.24287754620363322,1.0,11/38,13.49%,PDGFRA;PDGFRB;TPM1;TNNT2;TNNT1;FHOD3;OBSCN;LMOD1;TMOD3;ANKRD1;PGM5
prerank,Regulation Of Supramolecular Fiber Organization (GO:1902903),0.6094316342281384,1.609970261004455,0.011160714285714286,0.16911995435501387,1.0,2/21,0.54%,APOE;HAX1
prerank,Regulation Of B Cell Activation (GO:0050864),0.6065733727038932,1.608837721044654,0.029850746268656716,0.17042851827313735,1.0,8/22,12.25%,LAPTM5;SLAMF8;CD22;BANK1;SAMSN1;TNIP2;FCGR2B;THEMIS2
prerank,Positive Regulation Of Actin Filament Polymerization (GO:0030838),0.5417669752976775,1.6084844935760843,0.013729977116704805,0.1703925759432869,1.0,10/35,8.36%,PYCARD;CDC42EP1;PFN1;HCK;BAIAP2;BIN1;NCKAP1L;CDC42EP4;ARF6;PTK2B
prerank,Sensory Perception Of Sound (GO:0007605),-0.49528783104384544,-1.6083753309444027,0.005208333333333333,0.24552852203092013,1.0,20/73,14.51%,CEMIP;USH1C;CDH23;COL11A1;CDC14A;CACNA1D;EYA1;CLIC5;CHRNB2;ROR1;PDZD7;KIT;CRYM;COL2A1;MARVELD2;SLC26A5;RIPOR2;MYO3B;COL1A1;NIPBL
prerank,Amyloid Precursor Protein Catabolic Process (GO:0042987),0.6821077081276083,1.6082255697901744,0.03587443946188341,0.1702343855307207,1.0,4/13,8.99%,ABCG1;PSENEN;APH1A;CLN3
prerank,Inositol Metabolic Process (GO:0006020),-0.9032825556382582,-1.606680536351334,0.0036900369003690036,0.24776421885347386,1.0,2/5,5.28%,ISYNA1;PPIP5K2
prerank,Cortical Cytoskeleton Organization (GO:0030865),0.580021182600897,1.606562444015044,0.02391304347826087,0.17235872899415136,1.0,7/27,6.60%,RHOG;RAB13;EZR;NCKAP1L;LLGL1;FMNL3;PLEK
prerank,Lipid Oxidation (GO:0034440),0.7280098816924522,1.6065488310741276,0.03189066059225513,0.17183402678848922,1.0,4/9,7.66%,PLA2G7;ADIPOR1;ALOX5;ALOX15B
prerank,Negative Regulation Of Apoptotic Process (GO:0043066),0.38719905067765475,1.6065158421211745,0.0,0.17135053736273215,1.0,66/416,9.00%,AQP1;APOE;CD44;SOD2;PTPRZ1;HCLS1;TREM2;HIGD2A;CD74;HAX1;NUPR1;PDPN;XBP1;USP47;GRN;HCK;DDAH2;SFN;CCL2;MTDH;PA2G4;EVI2B;CRYAB;CPEB4;BCL2L1;MERTK;TYRO3;NCKAP1L;LTF;MYO18A;CTSH;CD38;YME1L1;CLU;MIEN1;ADAM8;CLCF1;FKBP8;PIM3;NOL3;BCL2A1;AKT1;FAS;PHB2;LAMTOR5;CIAPIN1;CCND2;PTK2;GSTP1;BNIP3L;TMBIM1;CFL1;RELA;DSTYK;SOX8;LGMN;DHRS2;CIB1;ARHGAP21;PTK2B;HSPD1;SNCA;CAT;PPT1;CLN3;PSMD10
prerank,Positive Regulation By Symbiont Of Entry Into Host (GO:0075294),0.767870488527309,1.6060423896845235,0.02247191011235955,0.17095776110663027,1.0,3/8,3.34%,LGALS9;CD74;P4HB
prerank,Positive Regulation Of Viral Entry Into Host Cell (GO:0046598),0.767870488527309,1.6060423896845235,0.02247191011235955,0.17095776110663027,1.0,3/8,3.34%,LGALS9;CD74;P4HB
prerank,Regulation Of Systemic Arterial Blood Pressure By Hormone (GO:0001990),-0.727662296944795,-1.605878832784106,0.023381294964028777,0.24780433195315182,1.0,6/11,15.70%,EDN3;ENPEP;OXTR;AVPR1A;CORIN;AGTR1
prerank,Spliceosomal tri-snRNP Complex Assembly (GO:0000244),0.6907480164290258,1.6057963324435016,0.02027027027027027,0.17073316162875182,1.0,6/13,20.12%,CD2BP2;TSSC4;SART3;DDX20;LSM2;PRPF6
prerank,Regulation Of Amyloid-Beta Clearance (GO:1900221),0.680061862180052,1.6055256786235113,0.01284796573875803,0.17065223601866847,1.0,3/15,3.86%,APOE;TREM2;CLU
prerank,Regulation Of Interleukin-10 Production (GO:0032653),0.5502096689084942,1.6053537690320019,0.011337868480725623,0.17033665844496176,1.0,6/37,2.12%,LILRB4;TYROBP;LGALS9;SYK;PYCARD;LILRB1
prerank,Cardiac Muscle Cell Action Potential (GO:0086001),-0.5877853674807133,-1.6051986751646106,0.015985790408525755,0.24743852089414048,1.0,12/27,15.19%,PKP2;DMD;SCN4B;CACNA1D;SLC4A3;CACNA2D1;CACNA1C;ATP1A2;KCNH2;FGF12;HCN4;SCN1B
prerank,Positive Regulation Of Mononuclear Cell Migration (GO:0071677),0.5796522886074543,1.6047052807922,0.017660044150110375,0.1707486370975453,1.0,6/27,8.27%,PLA2G7;LGALS9;LGALS3;AIF1;CCR1;LGMN
prerank,Adenylate Cyclase-Activating Adrenergic Receptor Signaling Pathway (GO:0071880),-0.6966287554782571,-1.604168802931524,0.011029411764705883,0.2482256833921465,1.0,4/14,9.88%,ADRA2A;ADRA1D;ADRA1B;DRD5
prerank,Calcium-Dependent Cell-Cell Adhesion Via Plasma Membrane Cell Adhesion Molecules (GO:0016339),-0.5709092560648027,-1.6040426066059403,0.011090573012939002,0.24644364797831625,1.0,7/34,6.16%,CDH5;CDH23;CDH18;CDH11;CDH12;CDH13;CDH6
prerank,Modulation Of Chemical Synaptic Transmission (GO:0050804),-0.4528025864252505,-1.60374025065246,0.0017985611510791368,0.24513731076620043,1.0,46/117,20.85%,RIMS1;BTBD9;NPTX1;OTOF;CLSTN2;BEGAIN;AKAP9;CPLX1;SYT1;CHRNB2;CACNA1B;SNCAIP;GRIK2;IQSEC2;SLC8A2;CLSTN3;GRIN3B;ATP1A2;MAPK8IP2;FMR1;RIMS2;HOMER1;GRM8;SYN3;DLGAP4;TRIO;APP;SYN1;PLPPR4;GRIA3;GSK3B;NMU;MCTP1;ADIPOQ;LRP8;NPAS4;MCTP2;CPLX2;GRM2;GRIK1;GRM4;CDK5;AGER;GRIK4;DLGAP3;TNF
prerank,Negative Regulation Of Oxidative Stress-Induced Intrinsic Apoptotic Signaling Pathway (GO:1902176),0.6610693486361772,1.6035429251370126,0.032407407407407406,0.17213371011977557,1.0,2/14,4.87%,SOD2;NOL3
prerank,Positive Regulation Of Macrophage Cytokine Production (GO:0060907),0.792088767406268,1.603508189955706,0.026915113871635612,0.1716352785171959,1.0,2/7,2.12%,LAPTM5;LILRB1
prerank,Protein Localization To Lysosome (GO:0061462),0.5276586227873885,1.6030559329028153,0.01098901098901099,0.17181460353191766,1.0,10/39,8.83%,RAB7A;M6PR;LAPTM5;SORL1;LAMTOR4;MFSD1;LAMTOR5;CACNG4;BECN1;NAGPA
prerank,Regulation Of Calcium Ion-Dependent Exocytosis (GO:0017158),-0.5985763245076352,-1.6028502167406322,0.015180265654648957,0.24556105995488345,1.0,7/26,8.08%,SYT3;KCNB1;SYT2;SYT1;RPH3A;SYT4;SYT5
prerank,Vasculogenesis (GO:0001570),-0.5867969393502275,-1.6026616530838556,0.01217391304347826,0.24393863159511395,1.0,10/29,12.00%,PDGFRB;KDR;SHH;NELL1;RAMP2;TGFBR3;EGFL7;TGFBR2;ENG;GLMN
prerank,Positive Regulation Of Microglial Cell Activation (GO:1903980),0.8702658864431865,1.602628455902332,0.008714596949891068,0.17191932132338814,1.0,2/5,3.31%,TREM2;TTBK1
prerank,Regulation Of Postsynaptic Membrane Potential (GO:0060078),-0.5685916582919267,-1.6025326799770458,0.01818181818181818,0.24231548670435052,1.0,15/32,17.46%,GABRE;GLRA1;GABRG2;INSYN2A;GABRA1;GRIN1;CHRNA3;GABRA3;MAPK8IP2;GABRA4;GSK3B;CHRNA4;NPAS4;GRIN2B;GRIN2D
prerank,Regulation Of Protein-Containing Complex Assembly (GO:0043254),0.44647748770706136,1.6022952890013193,0.00468384074941452,0.17196843478361032,1.0,15/107,5.39%,APOE;SEPTIN9;SYK;HCK;LGALS3;SORL1;TGFB1;GFAP;CRYAB;TPPP;PEX5;VPS18;CLU;RHOC;BAX
prerank,Protein Localization To Cell Junction (GO:1902414),-0.6456085810002423,-1.6012504068847868,0.023255813953488372,0.2437581322943193,1.0,8/20,9.45%,DSP;CGNL1;TJP1;HEG1;MARVELD3;BSN;STAU2;KIF3A
prerank,pre-mRNA Cleavage Required For Polyadenylation (GO:0098789),0.7131153160046929,1.6004583427932766,0.024282560706401765,0.17417276366622841,1.0,6/11,14.85%,NUDT21;CPSF4;NCBP2;CSTF2T;CSTF2;CPSF4L
prerank,Regulation Of Secretion (GO:0051046),-0.6676562989257208,-1.599615584413869,0.021314387211367674,0.246429169178717,1.0,4/15,2.48%,FGF10;NRG1;PTPRN2;PTPRN
prerank,Negative Regulation Of Lymphocyte Activation (GO:0051250),0.600064370176885,1.5993618036943336,0.03464203233256351,0.17536940510230842,1.0,9/22,11.19%,LST1;LGALS3;LAPTM5;GPNMB;PAG1;SAMSN1;FCGR2B;DUSP3;MICA
prerank,Positive Regulation Of Nitric-Oxide Synthase Activity (GO:0051000),0.7062194566336264,1.5989050522576782,0.04128440366972477,0.1755347820698654,1.0,3/13,6.49%,APOE;AKT1;S100A1
prerank,Regulation Of Mitochondrial Depolarization (GO:0051900),-0.7505052277571611,-1.598725351225777,0.019891500904159132,0.24674989832557676,1.0,4/10,7.15%,DCN;KDR;MLLT11;MYOC
prerank,Regulation Of Myeloid Leukocyte Mediated Immunity (GO:0002886),0.7724025874074874,1.598636522036126,0.018140589569160998,0.17546745388617466,1.0,3/8,2.73%,SYK;STXBP2;LYN
prerank,Macropinocytosis (GO:0044351),0.835990853265856,1.5984044465148004,0.03470715835140998,0.17535360330394906,1.0,2/6,0.61%,MAPKAPK3;PYCARD
prerank,Endoplasmic Reticulum Membrane Organization (GO:0090158),-0.7497630140394431,-1.598026523124687,0.025454545454545455,0.24632764101079566,1.0,4/9,17.05%,ATL2;VCPIP1;ATL1;REEP5
prerank,Toll-Like Receptor 3 Signaling Pathway (GO:0034138),0.8198653198653197,1.5977494096023472,0.035794183445190156,0.1757946604798764,1.0,6/6,18.05%,RFTN1;SCIMP;TNIP2;UNC93B1;OAS1;SCARA3
prerank,Cellular Response To Molecule Of Bacterial Origin (GO:0071219),0.4569928773450497,1.596793179266871,0.007211538461538462,0.1767928472254009,1.0,24/100,12.67%,CD68;PYCARD;XBP1;NFKBIB;CCL2;LILRB1;SIRPA;RHOA;CDC73;TNIP1;LY96;MYD88;TNIP2;GSTP1;CD14;CD180;TLR2;RELA;FCGR2B;SHPK;BCL10;NLRP3;MEF2C;DAB2IP
prerank,Negative Regulation Of Cyclase Activity (GO:0031280),0.7030463027825253,1.5967785719967902,0.024539877300613498,0.17630759214627015,1.0,3/11,5.77%,GNAI3;GNAI2;PALM
prerank,Natural Killer Cell Activation Involved In Immune Response (GO:0002323),0.8022919810175102,1.5963169522668117,0.03455723542116631,0.1764743916081182,1.0,2/7,5.33%,CORO1A;FCGR3A
prerank,Negative Regulation Of Endothelial Cell Proliferation (GO:0001937),0.5367852202098105,1.5960101636610862,0.01126126126126126,0.17648372457687758,1.0,8/34,12.05%,APOE;CCL2;PPARG;ALOX5;SORD;SPARC;MEF2C;CNMD
prerank,Protein Desumoylation (GO:0016926),-0.8579577644398856,-1.5959726006333639,0.007142857142857143,0.25020912837247294,1.0,4/6,9.11%,SENP6;SENP7;SENP5;SENP1
prerank,Positive Regulation Of Integrin-Mediated Signaling Pathway (GO:2001046),-0.74662718412515,-1.5958891252745553,0.01289134438305709,0.24846054476248752,1.0,8/11,14.94%,LAMA2;LAMB2;LAMC1;FLNA;EMP2;NID1;LAMB1;DMTN
prerank,Glucose Metabolic Process (GO:0006006),0.5088812475178396,1.5952822000682625,0.008888888888888889,0.17720928630431942,1.0,19/54,13.31%,IRS2;SLC39A14;PGM1;ENO1;FBP1;PCK2;HK2;KCNJ11;ADPGK;ATF4;PGAM2;SORD;SLC25A10;G6PC3;G6PD;CRTC2;GCK;H6PD;GAA
prerank,Positive Regulation Of Catecholamine Secretion (GO:0033605),-0.8383055193878239,-1.595260122219342,0.01348747591522158,0.2481669124083932,1.0,2/6,5.33%,KCNB1;CHRNB2
prerank,Negative Regulation Of Signal Transduction By P53 Class Mediator (GO:1901797),0.6559091490681235,1.5940078308869912,0.05066079295154185,0.17877205581765349,1.0,5/16,11.56%,CD44;CD74;RNF34;PSMD10;SNAI1
prerank,Atrial Cardiac Muscle Tissue Development (GO:0003228),-0.7287216918467027,-1.5939716424825707,0.01937984496124031,0.24985762351688653,1.0,6/10,12.77%,GJB6;TBX18;BMP4;SHOX2;ENG;HCN4
prerank,Regulation Of Catecholamine Secretion (GO:0050433),-0.5964856947638364,-1.593260593672306,0.012704174228675136,0.25003246731335094,1.0,7/23,8.08%,SYT3;KCNB1;SYT2;SYT1;SYT4;CHRNB2;SYT5
prerank,Regulation Of Heart Contraction (GO:0008016),-0.5067705464775571,-1.5932108594118406,0.0053285968028419185,0.24821685197419427,1.0,22/60,15.62%,PDE4D;RYR2;TPM1;TNNT2;PLN;RNF207;HSPB7;HRC;TBX2;CACNA1H;SLC4A3;SLC8A2;CACNA1C;ATP1A2;GJA5;ATP2A3;HCN4;CYP2J2;ATP2B3;SCN1B;ATP2A1;CORIN
prerank,Sympathetic Ganglion Development (GO:0061549),-0.8415366445286389,-1.5930751226700768,0.017077798861480076,0.24664690804961298,1.0,4/6,12.38%,NELL1;NELL2;CTNNB1;SEMA3F
prerank,Calcium Ion Transmembrane Transport (GO:0070588),-0.48980210927559975,-1.5927768600614747,0.008912655971479501,0.24562841419324874,1.0,29/71,20.03%,GAS6;TRPV5;CACNA1D;TRPM6;TRPC4AP;RYR3;MICU1;MCU;CACNA2D1;GRIN1;SLC8A2;SLC24A3;CACNA1C;ATP2A3;TRPV1;MCOLN3;TRPM1;ATP2B3;TRPM3;TRPC6;ATP2A1;TRPC4;TRPM7;GRIN2B;CACNB1;GRIN2D;ATP2B1;CACNA1G;PKD2
prerank,Regulation Of Cardiac Muscle Contraction By Regulation Of The Release Of Sequestered Calcium Ion (GO:0010881),-0.6746512910671177,-1.5924470219374236,0.02010968921389397,0.24466950143197094,1.0,7/15,10.03%,RYR2;DMD;HRC;CACNA1C;CASQ2;ATP1A2;CLIC2
prerank,Positive Regulation Of Cholesterol Metabolic Process (GO:0090205),0.7364877479469102,1.5922003790356545,0.021834061135371178,0.18119994140998158,1.0,2/10,3.26%,APOE;SREBF1
prerank,Regulation Of Response To Wounding (GO:1903034),0.860906364911725,1.5919656611913058,0.031578947368421054,0.1810793952581814,1.0,2/5,4.09%,TNFRSF12A;CADM4
prerank,Negative Regulation Of I-kappaB kinase/NF-kappaB Signaling (GO:0043124),0.5389684621150544,1.5915458149703212,0.01805869074492099,0.18123291863304355,1.0,11/40,13.40%,LILRB4;TREM2;PYCARD;ARRB2;OTUD7B;TNIP1;GSTP1;PPM1A;CARD19;DAB2IP;PPM1B
prerank,Receptor Internalization (GO:0031623),0.5222522447323282,1.5910057418148735,0.018691588785046728,0.18165113918529363,1.0,8/46,5.99%,LILRB4;SYK;ARRB2;ITGB2;CD9;LILRB1;FCER1G;GRK3
prerank,AV Node Cell Action Potential (GO:0086016),-0.8899991819260421,-1.5908968591343597,0.007168458781362007,0.24718032494739833,1.0,2/5,1.45%,CACNB2;SCN4B
prerank,Positive Regulation Of Monocyte Differentiation (GO:0045657),0.8029804670496759,1.5905890637688263,0.021834061135371178,0.18179166929843213,1.0,3/7,9.55%,CD74;CD4;IL34
prerank,Intracellular Protein Transport (GO:0006886),0.3907189416566038,1.5902249294984192,0.0,0.18188969632296983,1.0,56/302,10.67%,RAB7A;SEPTIN9;SYK;COPZ1;CD74;IPO13;RAB5C;HOMER3;STXBP2;TMED9;LAPTM5;RAB20;SORL1;SNF8;TGFB1;KPNB1;RAB1B;LMAN1;STX12;STX6;ARL11;ERP29;GABARAP;NUTF2;MVB12A;AP1S3;AKT1;PHB2;TMED1;RAB28;RAB29;ARF6;ARF3;SURF4;ARF5;PREB;SEC13;SLU7;UNC93B1;CACNG4;STX4;VPS37D;GPIHBP1;TMED2;ROMO1;NUP188;STX10;NUP50;RANGRF;RAB23;HEATR3;TIMM17B;RPAIN;STK4;SNX17;APEX1
prerank,Sensory Perception Of Mechanical Stimulus (GO:0050954),-0.4897993942045951,-1.5895784426444701,0.0035149384885764497,0.24874037457742823,1.0,19/72,14.51%,CEMIP;USH1C;CDH23;COL11A1;CDC14A;CACNA1D;EYA1;CLIC5;CHRNB2;ROR1;PDZD7;CRYM;COL2A1;MARVELD2;SLC26A5;RIPOR2;MYO3B;COL1A1;NIPBL
prerank,Synaptic Vesicle Endocytosis (GO:0048488),-0.5409973613345977,-1.5888912408160893,0.010830324909747292,0.24901926555146628,1.0,21/38,22.69%,SNAP91;SYT2;SYT1;SNCG;SYNJ1;DNM1;SYT5;AP2M1;FCHO2;SH3GL3;CANX;SYNJ2;SNCB;ITSN1;PIP5K1C;DNM3;CDK5;SH3GL2;PACSIN1;AP2S1;NLGN4Y
prerank,Negative Regulation Of Interleukin-1 Beta Production (GO:0032691),0.598062470755399,1.588861653178302,0.03044496487119438,0.1835600168294688,1.0,5/21,13.04%,LILRB4;GSTP1;SERPINB1;NLRP3;CD33
prerank,Sulfate Transport (GO:0008272),-0.7597243988196206,-1.5873048258903615,0.02697495183044316,0.251479449002158,1.0,4/9,9.21%,SLC13A4;SLC26A2;SLC26A7;SLC25A11
prerank,Regulation Of Protein ADP-ribosylation (GO:0010835),0.8013366682665501,1.5869721454735095,0.0387243735763098,0.1862467564450286,1.0,2/6,11.87%,XRCC1;TINF2
prerank,Sodium Ion Transport (GO:0006814),-0.48578818976645377,-1.5866060152135144,0.005405405405405406,0.25152766180401154,1.0,21/72,15.19%,SLC6A12;SLC6A13;SLC6A20;SLC6A11;SLC6A1;SCN4B;WNK4;SLC5A5;SCN8A;SLC6A15;SLC9B2;SCN9A;SLC8A2;CATSPER3;SLC24A3;ATP1A2;ATP1B3;SLC9A5;HCN4;SCN7A;SCN1B
prerank,Negative Regulation Of Interleukin-6 Production (GO:0032715),0.5722574419884121,1.5860796277247147,0.02304147465437788,0.18715792936140524,1.0,6/31,7.50%,LILRB4;SIRPA;NCKAP1L;PTPN6;CD84;NMB
prerank,Histone Lysine Demethylation (GO:0070076),-0.8109382962643127,-1.5856113177458488,0.008960573476702509,0.25236547701439704,1.0,3/7,10.96%,JMJD1C;KDM6A;KDM4C
prerank,Negative Regulation Of Lipoprotein Lipase Activity (GO:0051005),0.8474370399967941,1.5855263479026003,0.017241379310344827,0.18750059799502397,1.0,1/5,0.04%,APOC1
prerank,Protein Localization To Nuclear Envelope (GO:0090435),0.7338504179645027,1.5851261827888148,0.043668122270742356,0.1876255400015468,1.0,5/9,8.96%,LMNB2;NUTF2;LMNB1;TOR1AIP2;LMNA
prerank,Foam Cell Differentiation (GO:0090077),0.8152126960917696,1.5846742943382337,0.038461538461538464,0.18776685097630252,1.0,3/6,6.78%,TGFB1;PPARG;SOAT1
prerank,Cellular Response To cAMP (GO:0071320),0.5877561648609342,1.5846187125626359,0.03424657534246575,0.18730455060404455,1.0,5/26,10.08%,AQP1;EZR;KCNQ1;RAP1A;HCN3
prerank,Regulation Of Phospholipid Transport (GO:2001138),0.8684399106417666,1.584613948024097,0.028199566160520606,0.18679391279896063,1.0,2/5,10.32%,TSPO;CETP
prerank,Arginine Catabolic Process (GO:0006527),0.8048512660719238,1.5839905344802403,0.024390243902439025,0.18721406934390164,1.0,2/7,1.33%,DDAH1;DDAH2
prerank,Protein Localization To Cell Surface (GO:0034394),-0.6020818600992667,-1.5826102557979231,0.019855595667870037,0.2584978736288219,1.0,10/25,10.65%,RIC3;FBLN5;PTPRU;FGF10;PRRT1;CD177;WNT11;FLNA;EMP2;CTNNB1
prerank,High-Density Lipoprotein Particle Assembly (GO:0034380),0.7389745806031871,1.5824676513326263,0.04042553191489362,0.18912455183047708,1.0,1/9,0.02%,APOE
prerank,Positive Regulation Of Endopeptidase Activity (GO:0010950),0.5917092492346403,1.5823494085452487,0.023305084745762712,0.18875118379227201,1.0,7/24,7.99%,PYCARD;PSENEN;LYN;APH1A;TTBK1;PSME2;PSME1
prerank,Regulation Of Feeding Behavior (GO:0060259),-0.6949116210684723,-1.5820834547031541,0.015985790408525755,0.2582867889504922,1.0,8/13,21.30%,LEPR;NR4A3;GPR171;UCN;EIF2AK4;MC4R;GNB3;CFAP20
prerank,Regulation Of Dendrite Development (GO:0050773),-0.5301918663114876,-1.5810056335884897,0.014388489208633094,0.2594426321092779,1.0,16/41,21.99%,HECW1;MARK1;PTN;BMP5;CHRNB2;CHRNA3;KNDC1;DBN1;CAMK1D;SARM1;GSK3B;LRP8;SDC2;KHDC3L;PACSIN1;DCC
prerank,Regulation Of Osteoclast Differentiation (GO:0045670),0.5555334602839471,1.5804921442134552,0.020089285714285716,0.19130496602455485,1.0,8/30,10.74%,LILRB4;MAFB;GPR137B;CEBPB;TMEM178A;CCR1;TLR3;TNFRSF11A
prerank,Axon Extension Involved In Axon Guidance (GO:0048846),-0.8353520217926348,-1.5796796162999343,0.017045454545454544,0.2594061730083182,1.0,4/6,12.38%,NELL1;NELL2;SLIT2;SEMA3F
prerank,Neuron Projection Extension Involved In Neuron Projection Guidance (GO:1902284),-0.8353520217926348,-1.5796796162999343,0.017045454545454544,0.2594061730083182,1.0,4/6,12.38%,NELL1;NELL2;SLIT2;SEMA3F
prerank,Regulation Of Amyloid-Beta Formation (GO:1902003),0.5498986567742188,1.5793398290528065,0.03160270880361174,0.19270926279891135,1.0,8/32,11.11%,APOE;ABCG1;SORL1;BIN1;CLU;RELA;APEX1;TMED10
prerank,rRNA Pseudouridine Synthesis (GO:0031118),0.77930364173409,1.5791948660647117,0.03655913978494624,0.1924225787496868,1.0,6/7,18.72%,TSR3;DKC1;TNIP1;NHP2;RPUSD1;RPUSD2
prerank,Regulation Of Mast Cell Activation Involved In Immune Response (GO:0033006),0.7646765554865699,1.5790547542182738,0.03278688524590164,0.1921141653810686,1.0,3/8,6.09%,STXBP2;LYN;CD300A
prerank,Positive Regulation Of Focal Adhesion Assembly (GO:0051894),-0.6369305436666349,-1.5781632146620679,0.0216998191681736,0.26165176683373675,1.0,6/17,7.15%,THY1;KDR;NELL1;NRG1;SFRP1;MYOC
prerank,L-alanine Transport (GO:0015808),-0.8293557606129613,-1.577499636817866,0.018726591760299626,0.26173051437585776,1.0,2/6,3.04%,SLC38A5;SLC36A1
prerank,Negative Regulation Of Protein Localization To Chromatin (GO:0120186),0.8751635901210053,1.5770518993978901,0.010660980810234541,0.194929457877452,1.0,2/5,7.62%,SPI1;SIRT6
prerank,Negative Regulation Of Lyase Activity (GO:0051350),0.6818761154238484,1.5769326233506697,0.022821576763485476,0.19456616966875617,1.0,3/13,5.77%,GNAI3;GNAI2;PALM
prerank,Protein Depolymerization (GO:0051261),-0.5892570618816079,-1.5764191344928582,0.022222222222222223,0.2630170637811996,1.0,7/25,10.79%,STMN2;MICAL2;STMN3;MICAL3;DSTN;KATNB1;GSN
prerank,Positive Regulation Of Brown Fat Cell Differentiation (GO:0090336),-0.710638332893558,-1.576264480138832,0.025925925925925925,0.26161294842508903,1.0,3/12,3.51%,PTGS2;VSTM2A;SIX1
prerank,Negative Regulation Of Long-Term Synaptic Potentiation (GO:1900272),0.7795327934999632,1.5761884154012806,0.017167381974248927,0.19523213145986998,1.0,3/8,1.92%,APOE;TYROBP;FAM107A
prerank,Regulation Of Establishment Of Protein Localization To Mitochondrion (GO:1903747),0.7773023326878754,1.574800325159494,0.025522041763341066,0.19699467015537567,1.0,2/7,3.26%,HAX1;SREBF1
prerank,Regulation Of Ventricular Cardiac Muscle Cell Action Potential (GO:0098911),-0.7098843692279826,-1.574759628202059,0.024734982332155476,0.2639404457412934,1.0,7/11,17.72%,DSP;PKP2;RYR2;CACNA1C;DSG2;JUP;CAV1
prerank,Regulation Of Mast Cell Activation (GO:0033003),0.7913509405666693,1.5745874358325733,0.03821656050955414,0.1967864083728949,1.0,6/7,15.32%,CD300LF;LYN;MILR1;CD84;PLSCR1;NECTIN2
prerank,Malate Metabolic Process (GO:0006108),-0.8147404327440877,-1.574288737821113,0.021352313167259787,0.26351561030307125,1.0,4/7,13.18%,ME3;ME1;MDH1;MDH1B
prerank,mRNA Cleavage Involved In mRNA Processing (GO:0098787),0.683984736059228,1.5740979770994739,0.02643171806167401,0.1970281120253715,1.0,6/12,14.85%,NUDT21;CPSF4;NCBP2;CSTF2T;CSTF2;CPSF4L
prerank,Regulation Of Cell Activation (GO:0050865),0.7192075576844493,1.5735218111928684,0.03171247357293869,0.1973893949548385,1.0,4/10,3.83%,LILRA2;SYK;TREM2;FCER1G
prerank,Sterol Catabolic Process (GO:0016127),0.8646151473385519,1.5726706944185747,0.022026431718061675,0.1978103983881039,1.0,3/5,10.62%,APOE;CYP27A1;SNX17
prerank,Cholesterol Catabolic Process (GO:0006707),0.8646151473385519,1.5726706944185747,0.022026431718061675,0.1978103983881039,1.0,3/5,10.62%,APOE;CYP27A1;SNX17
prerank,Phosphatidylcholine Metabolic Process (GO:0046470),0.49665452212994743,1.5724851221123557,0.011547344110854504,0.19761894765529764,1.0,12/51,12.21%,PLA2G7;TSPO;PLAAT4;PLB1;SLC44A5;GPAT4;MUC1;SLC44A3;PNPLA8;PLA2G15;CETP;ABHD4
prerank,Negative Regulation Of Lipid Catabolic Process (GO:0050995),0.6582991592312658,1.5721825466364507,0.038636363636363635,0.19760952897401196,1.0,3/14,5.03%,APOC1;SORL1;AKT1
prerank,Regulation Of Sodium Ion Transmembrane Transporter Activity (GO:2000649),-0.5433217371508015,-1.5718857618152144,0.0213903743315508,0.2679861712753417,1.0,13/35,15.19%,HECW1;FXYD7;DMD;SCN4B;NETO1;UTRN;STK39;SLMAP;FGF11;FGF12;GPD1L;FGF14;SCN1B
prerank,Lipoprotein Catabolic Process (GO:0042159),0.793935274071419,1.5717003429550147,0.03624733475479744,0.197883837356441,1.0,2/7,1.02%,APOE;CTSD
prerank,Proline Transport (GO:0015824),-0.7827465413259289,-1.5715368834913825,0.023465703971119134,0.2671432014993819,1.0,2/8,4.50%,SLC6A20;SLC6A15
prerank,Positive Regulation Of Reactive Oxygen Species Metabolic Process (GO:2000379),0.5104929813619452,1.5715302229323018,0.02050113895216401,0.19760048731801994,1.0,12/45,8.80%,CYBA;TYROBP;SYK;ITGB2;TGFB1;CDKN1A;AGT;RAB27A;GSTP1;SORD;GADD45A;ROMO1
prerank,Mesonephric Tubule Development (GO:0072164),-0.6653244167642185,-1.5714805782027832,0.023809523809523808,0.26551713269640526,1.0,7/15,20.03%,FOXC1;SIX1;SLIT2;WNT11;NPNT;CER1;PKD2
prerank,Dendrite Arborization (GO:0140059),-0.8502238665903304,-1.5712910833151894,0.007936507936507936,0.26427689208337585,1.0,4/6,12.96%,PTN;NELL1;PHACTR1;TAOK2
prerank,Ribosome Biogenesis (GO:0042254),0.4305712829591293,1.5709464233156505,0.0,0.19804650906939314,1.0,44/115,22.95%,UTP18;LTO1;DKC1;TNIP1;UTP20;DDX54;PAK1IP1;EXOSC4;GTPBP4;WDR18;RRP7A;EBNA1BP2;TBL3;XRN2;DCAF13;HEATR3;BOP1;GLUL;MRTO4;PELP1;EXOSC7;ZNF622;UTP11;NIP7;NGDN;WDR46;NOP16;PES1;UTP4;EIF2S1;PNO1;TMA16;NOC4L;FBL;EXOSC3;BYSL;NOB1;MPHOSPH10;NOP53;WDR74;RRS1;ESF1;NAT10;DIMT1
prerank,Serine Family Amino Acid Catabolic Process (GO:0009071),0.8085425544379423,1.5706853604785251,0.03761061946902655,0.19790174243849837,1.0,3/6,3.06%,SDS;SHMT2;SHMT1
prerank,Ganglion Development (GO:0061548),-0.7889513351124604,-1.5706123803698973,0.013333333333333334,0.26445833027056986,1.0,4/7,12.38%,NELL1;NELL2;CTNNB1;SEMA3F
prerank,Cellular Biogenic Amine Catabolic Process (GO:0042402),0.7913559162724115,1.569674793663094,0.030501089324618737,0.19907181027511606,1.0,2/7,1.13%,SMOX;COMT
prerank,Regulation Of Immune Response (GO:0050776),0.4737480106739456,1.5691199659676764,0.013953488372093023,0.19939271976072234,1.0,17/63,15.04%,SYK;TREM2;TGFB2;LYN;CD22;IRF7;FCGR3A;RNF135;CD276;FCGR2B;FCGR1A;C8G;FGR;FCGR3B;PLSCR1;SAMHD1;SPN
prerank,Negative Regulation Of Protein Localization To Nucleus (GO:1900181),0.6217149279017299,1.5688978659910713,0.022573363431151242,0.19921065366573026,1.0,5/19,9.68%,LILRB4;CTNNA1;OTUD7B;SIRT6;RAB23
prerank,Protein Import (GO:0017038),0.8654039657549368,1.5688102669066049,0.028077753779697623,0.19882702345199704,1.0,2/5,8.41%,CLU;GPIHBP1
prerank,Negative Regulation Of Leukocyte Mediated Cytotoxicity (GO:0001911),0.7314604784062094,1.5685771174241796,0.029914529914529916,0.19872629368552572,1.0,6/9,19.98%,LGALS9;LILRB1;FCGR2B;MICA;CX3CR1;PTPRC
prerank,Positive Regulation Of MAP Kinase Activity (GO:0043406),-0.4698517889806122,-1.567770790269133,0.0034904013961605585,0.2703040091307527,1.0,16/84,7.24%,NTRK3;PDGFRB;MAP3K4;PDGFD;ADRA2A;TPD52L1;EDN3;MAP3K12;FGF18;EGFR;INSR;FGFR1;ELANE;S100A12;NEK10;KIT
prerank,Regulation Of Ryanodine-Sensitive Calcium-Release Channel Activity (GO:0060314),-0.59153301502324,-1.5675573194121575,0.021505376344086023,0.2692170363043477,1.0,9/22,20.03%,PDE4D;DMD;HRC;JPH3;CASQ2;CLIC2;JPH1;JSRP1;PKD2
prerank,Sprouting Angiogenesis (GO:0002040),-0.5129361489508375,-1.5670408515702814,0.01559792027729636,0.2688597808508201,1.0,22/50,16.76%,KDR;NR4A1;BMP4;NELL1;RAMP2;SLIT2;EGR3;RECK;FLT4;CDH13;ADGRA2;EFNB2;BMPER;E2F8;ANGPT1;ENG;ESM1;RSPO3;NRARP;ITGB1BP1;ROBO1;DLL1
prerank,Adenylate Cyclase-Modulating G Protein-Coupled Receptor Signaling Pathway (GO:0007188),-0.4398150693955166,-1.5654884001875482,0.00539568345323741,0.27127336890240955,1.0,37/128,13.84%,GABBR1;ADRA2A;ADGRL2;UTS2;CALCA;CALCB;GRK5;RAMP2;HTR1F;GNAL;ADCYAP1;ADGRF5;ADGRG6;PTGFR;CHRM2;CACNA1D;ADGRB1;ADCY4;ADORA2B;ADRA1D;AKAP12;ADRA1B;ADGRD1;PTH1R;VIPR1;ADGRL4;GPR171;MARCO;DRD5;LHCGR;RIMS2;GRM8;GIPR;PTGER3;PTGER2;PF4;ADGRL1
prerank,Positive Regulation Of BMP Signaling Pathway (GO:0030513),-0.6172766613288456,-1.5652168097080676,0.017482517482517484,0.2702479327898419,1.0,9/21,13.15%,CDH5;BMP4;FOXD1;HES5;SMAD4;UBE2O;BMPR2;ENG;GDF5
prerank,Positive Regulation Of Epithelial Cell Proliferation Involved In Wound Healing (GO:0060054),-0.8308262795994255,-1.5651497182539535,0.008992805755395683,0.26874099936111434,1.0,1/6,0.72%,FGF10
prerank,Regulation Of Smoothened Signaling Pathway (GO:0008589),-0.5125294716383381,-1.5644639886697262,0.017391304347826087,0.26891784755621906,1.0,18/50,21.13%,ZIC1;PTCH1;GLI3;SHH;SFRP1;INTU;CREBBP;IFT81;ARMC9;KCTD6;TEDC2;GLIS2;OTX2;TUBD1;GPC3;TULP3;MOSMO;STK36
prerank,Extrinsic Apoptotic Signaling Pathway In Absence Of Ligand (GO:0097192),0.6525956098358687,1.5644199093676368,0.03282275711159737,0.2050697357189094,1.0,10/15,19.50%,BCL2L1;BCL2A1;FAS;BAX;BOK;ERBB3;CASP2;BCL2L2;BCL2;MCL1
prerank,Epithelial Cell Migration (GO:0010631),-0.5280490423473124,-1.5637890657967595,0.016333938294010888,0.2690668170397499,1.0,13/44,9.26%,PRSS3;NELL1;KANK2;KRT16;CDH13;S100A12;PTP4A3;SMAD4;ADGRA2;KIT;PKN3;DPP4;CYP1B1
prerank,Embryonic Skeletal System Morphogenesis (GO:0048704),-0.570993073786462,-1.5635717652464491,0.012939001848428836,0.2679370706753921,1.0,10/28,13.98%,PDGFRA;SIX1;TWIST1;HOXB4;COL2A1;HOXB3;OSR2;TGFBR2;HOXC9;HOXD3
prerank,Carbohydrate Catabolic Process (GO:0016052),0.5445257707753616,1.5632239123285856,0.014957264957264958,0.20650426108637446,1.0,11/31,14.25%,PFKFB2;PGM1;NAGA;ENO1;HK2;UCP2;NEU4;PGAM2;GCK;MANBA;DERA
prerank,Positive Regulation Of Microtubule Polymerization Or Depolymerization (GO:0031112),-0.6108616687922848,-1.5622951319170326,0.021352313167259787,0.2696994252662919,1.0,5/23,5.12%,STMN2;SLAIN2;CDK5R1;MET;OCLN
prerank,Antigen Processing And Presentation Of Exogenous Peptide Antigen Via MHC Class I (GO:0042590),0.814210689428454,1.562149525426601,0.038461538461538464,0.20770899815803637,1.0,2/5,3.83%,IFI30;FCER1G
prerank,Spontaneous Synaptic Transmission (GO:0098814),-0.8110346967385074,-1.5620711987489222,0.018083182640144666,0.26873090807654526,1.0,3/6,10.80%,RPH3A;NSG1;RIMS2
prerank,Regulation Of Defense Response (GO:0031347),0.4579379445824572,1.5619700232020013,0.004914004914004914,0.20748635366007456,1.0,15/79,9.23%,APOE;TNC;TREM2;GRN;HCK;PIK3AP1;TMSB4X;DAGLB;ALOX5;RNF135;MYD88;AKNA;RELA;FCGR2B;SHPK
prerank,Vesicle-Mediated Transport In Synapse (GO:0099003),-0.6382896121720786,-1.5616793556211772,0.024344569288389514,0.26817527951653286,1.0,10/17,21.91%,RIMS1;OTOF;CPLX1;RAB3A;SNAP25;PIP5K1C;BRSK1;CPLX2;CDK5;PCLO
prerank,Kidney Development (GO:0001822),-0.4894019779474551,-1.5616687777479306,0.007104795737122558,0.2665843951657204,1.0,14/64,10.85%,FOXC1;FGF10;ITGA8;GREB1L;SHH;BMP4;KANK2;SIX1;WNT4;SULF2;NF1;IFT88;STRA6;OSR2
prerank,Regulation Of ERK1 And ERK2 Cascade (GO:0070372),0.3981218407411541,1.5613677190834354,0.0,0.2079439979172628,1.0,44/211,9.91%,APOE;CD44;DDR1;SLC9A3R1;LGALS9;SYK;TREM2;CD74;PYCARD;ARRB2;DDR2;EZR;CHI3L1;CCL2;GLIPR2;TGFB1;SCIMP;GPNMB;SIRPA;LYN;PTPN6;DUSP4;SPRED3;PTPN2;EMILIN1;CCL20;CD4;FGF2;RGS14;TNIP1;PHB2;PDGFA;CCR1;GSTP1;DSTYK;CIB1;PTK2B;C5AR1;PTPN1;EPHB1;RAP1A;FGF1;DUSP3;RANBP9
prerank,Negative Regulation Of Amyloid Fibril Formation (GO:1905907),0.720839732929607,1.5612348081174894,0.019955654101995565,0.20763489146662292,1.0,4/10,10.09%,TREM2;CRYAB;CLU;PFDN2
prerank,Positive Regulation Of Vascular Endothelial Growth Factor Signaling Pathway (GO:1900748),-0.8200088975422468,-1.5608873838586077,0.013779527559055118,0.2671532438550642,1.0,5/6,16.74%,TNXB;JCAD;MYO1C;SMOC2;ROBO1
prerank,Cardiac Muscle Contraction (GO:0060048),-0.5761719548310005,-1.560595139099933,0.022608695652173914,0.2663507980000574,1.0,9/27,10.79%,RYR2;DMD;TPM1;TNNT2;SCN4B;CASQ2;MYLK2;KCNH2;GSN
prerank,Negative Regulation Of Leukocyte Proliferation (GO:0070664),0.7790618570661784,1.5603591231597769,0.026252983293556086,0.20864457485104024,1.0,3/7,6.32%,LILRB1;LYN;GSTP1
prerank,Ear Morphogenesis (GO:0042471),-0.6108733367391507,-1.5603329788382192,0.026465028355387523,0.26552840923827575,1.0,7/20,14.72%,ZIC1;USH1C;SIX1;TWIST1;OSR2;NIPBL;SOBP
prerank,Positive Regulation Of Protein Catabolic Process (GO:0045732),0.44929573705095044,1.5598574408821086,0.00646551724137931,0.20891024805296313,1.0,12/87,4.75%,APOE;RAB7A;TREM2;NUPR1;EZR;TNFSF13B;PACSIN3;SORL1;SNF8;OAZ2;ADAM8;APC2
prerank,Calcium Import Into The Mitochondrion (GO:0036444),-0.7513773678202456,-1.5596236747337113,0.028409090909090908,0.26589870939417637,1.0,3/9,6.43%,MICU3;MICU1;MCU
prerank,Intracellular Oxygen Homeostasis (GO:0032364),0.847232405363495,1.5595093177634354,0.024444444444444446,0.2089032193856518,1.0,2/5,6.89%,SOD2;EGLN1
prerank,Positive Regulation Of Adaptive Immune Response (GO:0002821),0.786338299083014,1.5591815680216385,0.0367170626349892,0.20896696483673624,1.0,3/7,6.10%,PYCARD;SASH3;FADD
prerank,Regulation Of Peroxisome Proliferator Activated Receptor Signaling Pathway (GO:0035358),-0.7311944128698595,-1.55848983574768,0.03723404255319149,0.26745057634683395,1.0,4/10,16.18%,PTGIS;TWIST1;BMP2;ASXL1
prerank,Regulation Of Cell Migration Involved In Sprouting Angiogenesis (GO:0090049),-0.5596424174871273,-1.5584189057819426,0.021235521235521235,0.26607786269841516,1.0,9/29,7.66%,PTGS2;FOXC2;KDR;SRPX2;RHOJ;JCAD;KLF4;MAP3K3;MEOX2
prerank,Regulation Of Protein Neddylation (GO:2000434),-0.6406446582632606,-1.5583864045554303,0.036036036036036036,0.2646204494912652,1.0,4/16,8.82%,EPAS1;DCUN1D3;COPS8;DCUN1D2
prerank,Regulation Of Muscle Contraction (GO:0006937),-0.5968413238798538,-1.5583294943863517,0.020793950850661626,0.26326056687281546,1.0,9/24,11.57%,KCNA1;TPM1;PLCE1;CHRM2;TNNT1;CHRNA3;ATP1A2;MYLK2;PPP1R12B
prerank,Cardiac Pacemaker Cell Development (GO:0060926),-0.8497901023983945,-1.5580422957447562,0.019455252918287938,0.2624695813540286,1.0,4/5,8.80%,TBX18;SHOX2;ISL1;MAML1
prerank,Reverse Cholesterol Transport (GO:0043691),0.6327728017487184,1.5579942813869654,0.0447427293064877,0.2103986026216391,1.0,4/15,3.86%,APOE;ABCG1;APOC2;CLU
prerank,Glandular Epithelial Cell Development (GO:0002068),-0.8290725436693569,-1.5579916553898983,0.016216216216216217,0.26110429148436665,1.0,2/6,2.50%,BMP6;BMP5
prerank,Glucan Catabolic Process (GO:0009251),0.7980226842430937,1.5577994290284378,0.0378619153674833,0.21025015152600296,1.0,4/6,18.96%,PYGL;STBD1;GAA;PYGM
prerank,Inner Ear Auditory Receptor Cell Differentiation (GO:0042491),-0.8688987926916119,-1.5577061103623835,0.016333938294010888,0.260268827385516,1.0,2/5,6.34%,USH1C;PDZD7
prerank,Metanephric Mesenchyme Development (GO:0072075),-0.7690443686892252,-1.5575819278540168,0.02707581227436823,0.25915898640735485,1.0,3/8,5.73%,SHH;SIX1;WNT4
prerank,"Retrograde Transport, Endosome To Golgi (GO:0042147)",0.4593185080347358,1.557119035526682,0.004878048780487805,0.210816671004534,1.0,27/81,15.10%,RAB7A;HEATR5A;TMED9;RCSD1;LMAN1;STX6;BAIAP3;VPS51;VTI1B;RGP1;RAB29;RNF126;SURF4;GBF1;TBC1D10C;RHOBTB3;STX10;SNX12;TRIM27;PLEKHJ1;TBC1D10B;RBSN;DENND2A;SNX1;VAMP3;WIPF3;SNX8
prerank,Synaptic Vesicle Recycling (GO:0036465),-0.5215245378627476,-1.5566439768720184,0.00922509225092251,0.2602445582240779,1.0,21/41,24.67%,AP3B2;SYT2;SYT1;RAB3A;SNCG;SYNJ1;DNM1;SYT5;AP2M1;FCHO2;CANX;SYNJ2;SNCB;PIP5K1C;DNM3;CDK5;PACSIN1;AP2S1;NLGN4Y;AP3M2;AP3S2
prerank,Collecting Duct Development (GO:0072044),-0.8434216196838704,-1.5564144792744319,0.02119460500963391,0.2593173006562212,1.0,2/6,1.56%,PTCH1;SHH
prerank,Triglyceride-Rich Lipoprotein Particle Remodeling (GO:0034370),0.8082833221990786,1.5558655959841057,0.023655913978494623,0.21191077954227688,1.0,2/6,1.39%,APOE;APOC2
prerank,Very-Low-Density Lipoprotein Particle Remodeling (GO:0034372),0.8082833221990786,1.5558655959841057,0.023655913978494623,0.21191077954227688,1.0,2/6,1.39%,APOE;APOC2
prerank,Positive Regulation Of Endoplasmic Reticulum Unfolded Protein Response (GO:1900103),0.7128163749951304,1.554778377991274,0.033936651583710405,0.21330491856469364,1.0,6/11,13.72%,XBP1;BAX;PTPN1;BOK;DAB2IP;BAK1
prerank,Regulation Of Amyloid Precursor Protein Catabolic Process (GO:1902991),0.7045168414898134,1.554564632115378,0.04824561403508772,0.21309061137967947,1.0,4/10,11.11%,APOE;RANBP9;FLOT2;TMED10
prerank,Cardiac Muscle Cell Action Potential Involved In Contraction (GO:0086002),-0.5768935422312342,-1.554077578990743,0.02394106813996317,0.26382998146628456,1.0,10/27,11.95%,PKP2;RYR2;SCN4B;GJC1;CACNA1D;CACNA2D1;CACNA1C;KCNH2;FGF12;GPD1L
prerank,"Negative Regulation Of DNA Damage Response, Signal Transduction By P53 Class Mediator (GO:0043518)",0.6850618936267732,1.5536728655894023,0.05793991416309013,0.2141493111182313,1.0,2/12,0.52%,CD44;CD74
prerank,Establishment Of Apical/Basal Cell Polarity (GO:0035089),0.6702816405090803,1.552925229252186,0.03636363636363636,0.2149561935795145,1.0,5/13,13.40%,SLC9A3R1;EZR;RHOA;FSCN1;RAP2A
prerank,Ameboidal-Type Cell Migration (GO:0001667),-0.6137951610901619,-1.5527092460552738,0.04827586206896552,0.2660004711615637,1.0,9/20,19.23%,TNS1;CCN3;PDLIM1;SMAD4;PKN3;AMOTL1;AMOTL2;GPC3;CER1
prerank,Response To Lipid (GO:0033993),0.4330083635477319,1.552416317939061,0.0070921985815602835,0.2153092012674147,1.0,19/97,11.68%,MAPKAPK3;LGALS9;SYK;ABCG1;TREM2;TGFB1;SPP1;PPARG;SLC11A1;CTSH;LY96;ERBIN;CD6;SNCA;RXRA;SCD;TNFRSF11A;MAPKAPK2;FOXA1
prerank,Negative Regulation Of Ion Transmembrane Transporter Activity (GO:0032413),-0.6160747749407235,-1.5522304343651967,0.027932960893854747,0.265649775646681,1.0,5/19,9.54%,HECW1;ADRA2A;PLN;STK39;CASQ2
prerank,Regulation Of Basement Membrane Organization (GO:0110011),-0.8644868889608288,-1.552135595858983,0.009208103130755065,0.26448834112747877,1.0,5/5,13.59%,LAMA2;LAMB2;LAMC1;NID1;LAMB1
prerank,Positive Regulation Of Leukocyte Apoptotic Process (GO:2000108),0.7595914817925479,1.5520447575564513,0.03524229074889868,0.21538223568076953,1.0,3/8,2.73%,LGALS9;CDKN2A;LYN
prerank,Inositol Phosphate-Mediated Signaling (GO:0048016),-0.6311845088792896,-1.5514435058253917,0.03177570093457944,0.26489703375353874,1.0,6/17,11.89%,EDN3;INPP5A;PLCE1;PPP3R1;NFAT5;NFATC3
prerank,Cilium Movement (GO:0003341),-0.5404445812029631,-1.5504139466547004,0.017761989342806393,0.2661160781631852,1.0,17/38,24.21%,CFAP206;SPEF2;CFAP54;CFAP70;CCDC39;DNAH7;DNAH11;TTLL3;DNHD1;DNAI1;RSPH4A;CCDC40;TEKT2;DNAH9;SPAG17;CFAP73;TTC29
prerank,Negative Regulation Of Adenylate Cyclase Activity (GO:0007194),0.7031571811957433,1.5496542237521977,0.033126293995859216,0.21910461286657232,1.0,3/10,5.77%,GNAI3;GNAI2;PALM
prerank,Regulation Of Adipose Tissue Development (GO:1904177),0.7034324268592383,1.5493407383574098,0.04081632653061224,0.21912326241616512,1.0,5/11,11.35%,SPI1;SORL1;PPARG;PARP1;LCP1
prerank,Inflammatory Response (GO:0006954),0.3952473629880742,1.5492490886569885,0.0,0.2187409346167953,1.0,41/203,11.94%,CD44;CYBA;LGALS9;LYZ;ITGB2;C3AR1;CHI3L1;CCL2;TGFB1;AIF1;SLC11A1;CYBB;TPST1;SIGLEC1;CCL20;ADAM8;CEBPB;NLRC4;GATA3;CCR1;ADORA3;TNFRSF1A;OLR1;CHUK;TMIGD3;FPR1;CD14;TLR2;SERPINA3;APOL2;RELA;FPR3;C5AR1;FCGR2B;TLR3;MAP3K7;TRAF3IP2;MAPKAPK2;NLRP3;LOXL3;RELB
prerank,Protein Activation Cascade (GO:0072376),-0.7278782339184164,-1.5491869869946293,0.03783783783783784,0.2665024160675239,1.0,3/10,9.90%,FBLN1;GP1BB;FLNA
prerank,"Blood Coagulation, Fibrin Clot Formation (GO:0072378)",-0.7278782339184164,-1.5491869869946293,0.03783783783783784,0.2665024160675239,1.0,3/10,9.90%,FBLN1;GP1BB;FLNA
prerank,Regulation Of Aspartic-Type Endopeptidase Activity Involved In Amyloid Precursor Protein Catabolic Process (GO:1902959),0.741305890717566,1.5489106413184333,0.038461538461538464,0.2188285172775113,1.0,3/8,2.73%,SORL1;BIN1;LYN
prerank,Establishment Of Epithelial Cell Apical/Basal Polarity (GO:0045198),0.7336120989744992,1.5483851337088965,0.04357298474945534,0.2191993473078942,1.0,3/9,3.57%,SLC9A3R1;EZR;RHOA
prerank,Regulation Of Cardiac Muscle Contraction By Calcium Ion Signaling (GO:0010882),-0.6256566865436413,-1.5480154318307129,0.036101083032490974,0.2682370990329573,1.0,7/18,10.03%,RYR2;DMD;HRC;CACNA1C;CASQ2;ATP1A2;CLIC2
prerank,Inorganic Cation Import Across Plasma Membrane (GO:0098659),-0.4649196726017535,-1.5477669216400722,0.012455516014234875,0.26747781885262434,1.0,28/86,15.21%,SLC6A1;SLC9A2;KCNJ14;SLC39A12;KCNJ16;SCN8A;TRPV5;CACNA1D;KCNJ13;CACNA1H;CACNA1B;CACNA2D1;SCN9A;SLC9A7;SLC8A2;CACNA1C;ATP1A2;ATP1B3;KCNH2;TRPV1;KCNJ15;SLC9A5;ATP1A3;HCN4;AQP8;TRPM1;SCN7A;SLC12A5
prerank,Facultative Heterochromatin Formation (GO:0140718),0.6899142700375167,1.5475036999112477,0.059602649006622516,0.22028171724591222,1.0,6/11,21.41%,SIRT2;RRP8;TEX15;HELLS;MBD3;MBD2
prerank,Regulation Of Inflammatory Response To Wounding (GO:0106014),0.7454843900329933,1.5472025270954428,0.039473684210526314,0.22027668451783125,1.0,3/8,8.49%,GRN;PTPN6;SIGLEC10
prerank,Membrane Depolarization During Cardiac Muscle Cell Action Potential (GO:0086012),-0.6417771444805933,-1.5469980101460714,0.034722222222222224,0.2681226716667717,1.0,8/16,15.19%,CACNB2;SCN4B;CACNA1D;CACNA2D1;CACNA1C;ATP1A2;HCN4;SCN1B
prerank,Cytoplasmic Translational Initiation (GO:0002183),0.5893523116557212,1.5464203770884655,0.037444933920704845,0.22102262578288315,1.0,5/23,6.93%,MIF4GD;NCBP2;EIF3G;EIF4A1;EIF3H
prerank,Negative Regulation Of Triglyceride Metabolic Process (GO:0090209),0.7924574566392655,1.5456872228055758,0.04824561403508772,0.22174738831422333,1.0,2/6,3.26%,SORL1;SREBF1
prerank,Regulation Of Response To Endoplasmic Reticulum Stress (GO:1905897),0.6548440508346686,1.5455890223734743,0.04357298474945534,0.22135934844894026,1.0,4/13,10.96%,NUPR1;CLU;FCGR2B;MANF
prerank,Negative Regulation Of Sequestering Of Calcium Ion (GO:0051283),-0.539159660276398,-1.5445337232130452,0.019891500904159132,0.27323407845746905,1.0,7/34,6.36%,PLCB4;RYR2;PLCE1;ITPR1;PLCG1;GP1BB;HTR2A
prerank,Secondary Palate Development (GO:0062009),-0.6789681351031394,-1.543898669718523,0.03932584269662921,0.27344351196187433,1.0,6/12,11.22%,LEF1;TGFBR3;SMAD4;LRRC32;WNT11;TGFBR2
prerank,Negative Regulation Of Systemic Arterial Blood Pressure (GO:0003085),0.7526560915830823,1.5436079448143405,0.030634573304157548,0.22428428635196448,1.0,1/8,0.14%,SOD2
prerank,Negative Regulation Of Mononuclear Cell Migration (GO:0071676),-0.6909472491387296,-1.5434500159903222,0.035523978685612786,0.27336047893580895,1.0,5/12,4.08%,NBL1;CCN3;DUSP1;BMP5;SLIT2
prerank,Positive Regulation Of Monocyte Chemotaxis (GO:0090026),0.6503441396160033,1.543317280188611,0.03611738148984198,0.224249333654764,1.0,3/14,8.27%,PLA2G7;CCR1;LGMN
prerank,Regulation Of Type I Interferon-Mediated Signaling Pathway (GO:0060338),0.5535135824465985,1.5432234929986688,0.022935779816513763,0.22386387414086317,1.0,10/29,14.99%,PTPN6;PTPN2;RNF185;TRIM56;RBM47;FADD;PTPN1;STAT2;MAVS;SAMHD1
prerank,Cellular Response To Unfolded Protein (GO:0034620),0.6185316677300766,1.5428807590525626,0.037694013303769404,0.2239197241351755,1.0,8/17,14.54%,HSPB8;BAX;HSPD1;PTPN1;TM7SF3;DAB2IP;BAK1;TMBIM6
prerank,Positive Regulation Of Vasculature Development (GO:1904018),0.4394758838127406,1.5425749855923796,0.004728132387706856,0.2239781911772659,1.0,17/96,5.64%,AQP1;HMOX1;XBP1;NINJ1;GRN;ITGAX;CHI3L1;MTDH;CTSH;HSPB6;EMILIN1;FGF2;HK2;EMILIN2;SEMA5A;HIPK1;VEGFB
prerank,Motor Neuron Axon Guidance (GO:0008045),-0.740305254516247,-1.5422590435785524,0.020036429872495445,0.27527466848740195,1.0,2/9,5.49%,SLIT2;RAC3
prerank,Platelet-Derived Growth Factor Receptor Signaling Pathway (GO:0048008),-0.647624813306945,-1.5422270845656176,0.023465703971119134,0.27395340396505574,1.0,5/15,1.84%,PDGFRA;PDGFRB;PDGFD;NR4A3;NELL1
prerank,Regulation Of Neutrophil Migration (GO:1902622),0.7591260261533828,1.5418558660255863,0.04395604395604396,0.22483917065065406,1.0,5/8,13.91%,SLAMF8;NCKAP1L;FUT4;MPP1;RAC2
prerank,Positive Regulation Of Leukocyte Cell-Cell Adhesion (GO:1903039),0.5564543867834437,1.5418537820111413,0.043668122270742356,0.22430670982996168,1.0,9/29,8.39%,CD44;PYCARD;ITGB2;CCL2;SIRPA;RHOA;FCHO1;RELA;HSPD1
prerank,Positive Regulation Of Type I Interferon Production (GO:0032481),0.4855655681004049,1.5417622131652289,0.019656019656019656,0.22389705473837865,1.0,13/56,9.11%,IRF5;TRAF3IP3;TLR7;IRF7;TRIM56;RNF135;MYD88;CHUK;CD14;NMB;TLR2;HSPD1;TLR3
prerank,ERBB2 Signaling Pathway (GO:0038128),-0.7035480610112703,-1.5411625643235707,0.017985611510791366,0.27528183364268705,1.0,3/11,7.15%,NRG1;EGFR;MYOC
prerank,UV Protection (GO:0009650),-0.8209550140620641,-1.5409544978019076,0.016917293233082706,0.2744298215845494,1.0,1/6,0.21%,MFAP4
prerank,Cilium Disassembly (GO:0061523),0.8348936408515224,1.5407875831322775,0.026915113871635612,0.22508351006333374,1.0,2/5,8.67%,RRP7A;KIF19
prerank,Negative Regulation Of Toll-Like Receptor Signaling Pathway (GO:0034122),0.6799922006234528,1.5405183352601137,0.033783783783783786,0.2250672802493134,1.0,3/12,6.09%,CD300LF;TYRO3;CD300A
prerank,Apoptotic Cell Clearance (GO:0043277),0.5702434697530372,1.5402343175019186,0.03896103896103896,0.22499141438451756,1.0,3/23,2.54%,TYROBP;TREM2;TYRO3
prerank,Heme Transport (GO:0015886),-0.865315326755703,-1.5395930348591071,0.01890359168241966,0.2765751158542621,1.0,3/5,12.20%,NRG1;ABCC5;FLVCR2
prerank,Response To cAMP (GO:0051591),0.5465806037476993,1.5394902088538784,0.02320185614849188,0.22580097682843367,1.0,5/32,10.08%,AQP1;EZR;KCNQ1;RAP1A;HCN3
prerank,"Regulation Of CD8-positive, Alpha-Beta T Cell Activation (GO:2001185)",0.7942256591119561,1.5394870976179453,0.04128440366972477,0.22527658780282633,1.0,2/6,3.46%,LILRB1;MAPK8IP1
prerank,Neurotransmitter Secretion (GO:0007269),-0.5156439749506433,-1.5392128531934157,0.014285714285714285,0.2760357931751112,1.0,20/42,19.64%,RIMS1;PTPRN2;OTOF;CPLX1;SYT1;RAB3A;RPH3A;SNAP25;SNPH;RIMS2;SYN3;SYN1;PIP5K1C;LIN7A;STXBP1;PPFIA3;STXBP3;CPLX2;GRM4;CDK5
prerank,Positive Regulation Of Cholesterol Efflux (GO:0010875),0.588897325377675,1.5382035573909254,0.05139186295503212,0.2270727320116159,1.0,4/22,5.62%,APOE;TREM2;PPARG;PLTP
prerank,Renal System Development (GO:0072001),-0.49518231935697093,-1.5369551813660243,0.0106951871657754,0.2810204191271545,1.0,10/51,10.04%,FOXC1;TBX18;ITGA8;GREB1L;BMP4;SIX1;WNT4;SULF2;IFT88;STRA6
prerank,Positive Regulation Of Protein Secretion (GO:0050714),0.462702238398197,1.5367018363117413,0.011160714285714286,0.22928864925189965,1.0,19/70,11.42%,PSMD9;ABCG1;TREM2;IRS2;EZR;TGFB1;PPARG;TGFB2;MYO18A;ADAM8;NLGN2;ARF6;SIRT6;TLR2;CD2AP;TM7SF3;TMED10;GCK;GOLPH3
prerank,Monocyte Activation (GO:0042117),-0.7871029095539752,-1.5366766329803412,0.021032504780114723,0.2804563096506218,1.0,3/7,8.87%,FOXP1;AZU1;MT1G
prerank,Positive Regulation Of Glycolytic Process (GO:0045821),-0.6264545875651771,-1.5358714209128028,0.0313588850174216,0.28134241676622235,1.0,7/17,12.87%,IFNG;INSR;PRKAA1;RPTOR;ZBTB20;MLST8;PRKAA2
prerank,Polarized Epithelial Cell Differentiation (GO:0030859),0.6690552755644111,1.5350287647585747,0.044444444444444446,0.23170500964488303,1.0,3/13,3.57%,SLC9A3R1;EZR;RHOA
prerank,Negative Regulation Of Transforming Growth Factor Beta Production (GO:0071635),0.7220941501711057,1.5346778816216913,0.043478260869565216,0.23176897376516842,1.0,2/9,2.12%,TYROBP;LILRB1
prerank,Leukocyte Aggregation (GO:0070486),0.7539982477467856,1.534620714295582,0.05458515283842795,0.2313207395585559,1.0,1/7,0.06%,CD44
prerank,Regulation Of Fibroblast Apoptotic Process (GO:2000269),-0.7453888597133722,-1.5338394151187493,0.03409090909090909,0.2855053304482888,1.0,3/8,4.03%,TP63;GAS6;SFRP1
prerank,Regulation Of Interleukin-4 Production (GO:0032673),0.6036807403749309,1.5335514061056468,0.03317535545023697,0.2328113962883986,1.0,6/18,6.04%,HAVCR2;LGALS9;SYK;FCER1G;CEBPB;GATA3
prerank,Response To Lipopolysaccharide (GO:0032496),0.4143755140586877,1.5324853284725641,0.004830917874396135,0.23423391194531662,1.0,29/139,11.70%,MAPKAPK3;LGALS9;CD68;PYCARD;XBP1;NFKBIB;CCL2;LILRB1;SIRPA;SLC11A1;RHOA;CDC73;TNIP1;LY96;MYD88;TNIP2;GSTP1;CD14;ERBIN;CD180;CD6;RELA;SNCA;SHPK;TNFRSF11A;MAPKAPK2;BCL10;NLRP3;MEF2C
prerank,Cell Migration Involved In Sprouting Angiogenesis (GO:0002042),-0.6296768124387214,-1.5320972707748803,0.02486678507992895,0.2888033793407291,1.0,6/16,7.74%,KDR;NR4A1;NELL1;SLIT2;EGR3;EFNB2
prerank,Polyamine Metabolic Process (GO:0006595),0.6905363086236678,1.5320766307274931,0.0437636761487965,0.23442202275069723,1.0,3/10,8.54%,SMOX;OAZ2;SRM
prerank,Positive Regulation Of Positive Chemotaxis (GO:0050927),-0.6468572076494962,-1.5317245084125333,0.03460837887067395,0.2884820382368947,1.0,5/15,9.81%,NTRK3;KDR;CXCL8;CDH13;CXCL12
prerank,Collagen-Activated Signaling Pathway (GO:0038065),0.7500681902958167,1.5309592228924274,0.05411255411255411,0.2359008128105124,1.0,2/8,1.35%,DDR1;DDR2
prerank,Regulation Of Inflammatory Response (GO:0050727),0.39149313962254356,1.5305793305323336,0.0,0.23601510762627792,1.0,32/197,9.23%,APOE;PLA2G7;TNC;GPSM3;PYCARD;NINJ1;GRN;HCK;PIK3AP1;CEBPA;TRADD;SIRPA;PPARG;TYRO3;TMSB4X;IFI35;DAGLB;ALOX5;TLR7;PTPN2;AGT;TNIP1;MYD88;NLRC4;GATA3;TNFRSF1A;TLR2;AKNA;RELA;SNCA;TLR3;SHPK
prerank,Protein Transport (GO:0015031),0.3823770101131749,1.5305221562205535,0.0,0.23559365867581397,1.0,51/283,11.42%,APOE;RAB7A;SEPTIN9;RAB13;ABCG1;COPZ1;CD74;RAB5C;SYS1;STXBP2;TMED9;LAPTM5;SEL1L;RAB20;SCAMP2;SCAMP4;CHMP2A;PPARG;RAB1B;STX12;STX6;ARL11;CLU;ERP29;LMAN2L;TMED1;RAB28;RAB29;ARF6;ARF3;ABCD1;SURF4;ARF5;PREB;SEC13;SLU7;UNC93B1;STX4;GPIHBP1;TMED2;ROMO1;STEAP3;STX10;PPT1;RAB23;TIMM17B;SNX17;SLC10A7;TMED10;ARRDC4;GOLPH3
prerank,Positive Regulation Of Triglyceride Metabolic Process (GO:0090208),0.6234674280018102,1.5304456920646645,0.045563549160671464,0.23520716499799638,1.0,4/16,3.40%,APOC2;CTDNEP1;SREBF1;DAGLB
prerank,ER-associated Misfolded Protein Catabolic Process (GO:0071712),0.7130500200934282,1.5294350119524587,0.046296296296296294,0.236525138478407,1.0,4/9,14.35%,BAG6;DERL1;RNF185;UGGT1
prerank,Negative Regulation Of Sequestering Of Triglyceride (GO:0010891),0.7988089702776038,1.5285046687368142,0.052521008403361345,0.2378343811112707,1.0,2/5,2.53%,TREM2;PPARG
prerank,Cytoplasmic Sequestering Of NF-kappaB (GO:0007253),0.7721963732933599,1.5283574021793733,0.04670912951167728,0.23752745101030906,1.0,3/7,9.00%,NFKBIB;TMSB4X;PSMD10
prerank,Regulation Of Cytosolic Calcium Ion Concentration (GO:0051480),-0.520068485991022,-1.527875041913513,0.023214285714285715,0.29758579618094516,1.0,19/38,24.93%,RYR2;CALCA;CDH23;PLN;CALCB;HRC;SLC8A2;ATP2B3;TRPC6;TRPC4;HCRTR2;CAV1;ATP2B1;SCGN;FZD9;FKBP1B;TMEM64;GPER1;TRPC3
prerank,Antigen Processing And Presentation Of Peptide Antigen Via MHC Class I (GO:0002474),0.6199278420282847,1.5268000791001817,0.045454545454545456,0.23996048091814975,1.0,5/17,14.10%,IFI30;FCER1G;TAPBP;CLEC4A;TAP1
prerank,Embryonic Organ Morphogenesis (GO:0048562),-0.5196161687797056,-1.5265548201759853,0.015517241379310345,0.3000377906517413,1.0,11/41,14.51%,PDGFRA;RYR2;MFAP5;SIX1;HOXB4;MFAP2;HOXB3;OSR2;HOXC9;HOXD3;NIPBL
prerank,Vitamin K Metabolic Process (GO:0042373),0.7395120157647972,1.525683022377021,0.04856512141280353,0.2414572153718946,1.0,5/7,20.32%,VKORC1;UBIAD1;CYP4F11;CBR1;VKORC1L1
prerank,Positive Regulation Of Lamellipodium Morphogenesis (GO:2000394),0.8357878988043096,1.525643102867407,0.044444444444444446,0.24099756940203748,1.0,2/5,1.51%,CORO1C;CORO1B
prerank,Cellular Response To Decreased Oxygen Levels (GO:0036294),0.4548449287107682,1.5253952911251003,0.009433962264150943,0.24095179857338664,1.0,11/71,7.51%,AQP1;HMOX1;TGFB1;CPEB4;PPARG;SIRT2;P4HB;ADAM8;BNIP3L;EGLN1;EGLN3
prerank,Positive Regulation Of Acute Inflammatory Response (GO:0002675),-0.7040072226003603,-1.5253883067735023,0.04144144144144144,0.30186780337748115,1.0,5/10,21.24%,PTGS2;IL6;PTGER3;TNF;C2CD4B
prerank,Skeletal System Development (GO:0001501),-0.42716493318111115,-1.5251710825668032,0.008928571428571428,0.3009974317914629,1.0,34/121,14.49%,PRELP;BMP6;OGN;ETS2;COL13A1;CDH11;MATN3;BMP5;KIAA1217;EXT1;NOTUM;FRZB;SPEF2;COL18A1;HES5;SHOX2;FGFR1;PHEX;MYOC;PTH1R;SULF2;COL2A1;COL1A2;WNT11;PKDCC;BMP3;COMP;LAMA5;TRIP11;DYM;DLX5;ALPL;HOXD3;COL1A1
prerank,Macrophage Activation (GO:0042116),0.5459512038307047,1.524700906873076,0.022123893805309734,0.24164150263876344,1.0,11/32,8.63%,SYK;TREM2;ITGB2;C1QA;AIF1;SLC11A1;IFI35;CLU;FCGR3A;C5AR1;SNCA
prerank,Positive Regulation Of Protein-Containing Complex Assembly (GO:0031334),0.4381718315466049,1.524408476978938,0.009029345372460496,0.24164843903073355,1.0,25/89,14.04%,CAPG;SYK;LGALS3;TGFB1;TPPP;TTBK1;CLU;PIEZO1;RHOC;BAX;MYD88;MED9;PLEK;BTK;BID;SNCA;FSCN1;LCP1;BMF;FNIP2;DAB2IP;MAVS;FNIP1;BAK1;TP53
prerank,Sinoatrial Node Development (GO:0003163),-0.8113801667962226,-1.5240938381723446,0.02131782945736434,0.3024286584776797,1.0,4/6,12.77%,GJB6;TBX18;SHOX2;HCN4
prerank,Regulation Of Long-Term Synaptic Potentiation (GO:1900271),0.5374550178668522,1.5238384796408109,0.032327586206896554,0.24216935016722885,1.0,6/30,8.52%,APOE;TYROBP;FAM107A;NOL3;LGMN;YTHDF1
prerank,Macrophage Migration (GO:1905517),0.7006405505573748,1.5236155491748433,0.06607929515418502,0.2420408232667605,1.0,2/9,1.72%,LGALS3;CCL2
prerank,Protein Insertion Into Membrane (GO:0051205),-0.650964629357868,-1.5235354330951327,0.026737967914438502,0.30260351284444026,1.0,4/16,9.48%,REEP1;TRAM2;EGFR;GRIN3B
prerank,Negative Regulation Of Blood Vessel Morphogenesis (GO:2000181),-0.46381393392482406,-1.5230908650154757,0.018018018018018018,0.302368248233099,1.0,14/70,10.85%,FOXC1;DCN;ISM1;NRG1;ATF2;KLF4;ROCK2;ADGRB1;ECSCR;CLDN5;WNT4;NPR1;CTNNB1;HSPG2
prerank,Negative Regulation Of Mast Cell Activation (GO:0033004),0.8389520848737548,1.5217627219163123,0.03524229074889868,0.2446858073046143,1.0,3/5,6.67%,CD300LF;MILR1;CD84
prerank,Negative Regulation Of Toll-Like Receptor 2 Signaling Pathway (GO:0034136),0.8315503982681047,1.5216903351117863,0.025,0.24430366040946205,1.0,2/5,2.73%,TREM2;LYN
prerank,Regulation Of Voltage-Gated Calcium Channel Activity (GO:1901385),-0.5703720304121778,-1.5214008385958067,0.03296703296703297,0.3057479693460452,1.0,4/24,10.34%,CACNB2;DMD;PPP3R1;FMR1
prerank,Extrinsic Apoptotic Signaling Pathway Via Death Domain Receptors (GO:0008625),0.5333917659032612,1.520762977169559,0.033936651583710405,0.24539289448260024,1.0,10/28,12.67%,SPI1;TRADD;GABARAP;BAX;FADD;TNFRSF1A;BID;DEDD;TNFRSF10B;DAB2IP
prerank,Cell Migration Involved In Heart Development (GO:0060973),-0.8007922770929067,-1.5207147872788205,0.030357142857142857,0.30622493573650317,1.0,2/6,4.44%,PDGFRB;FLRT3
prerank,Positive Regulation Of Monooxygenase Activity (GO:0032770),0.6057860147402604,1.5200502852556317,0.06222222222222222,0.2462191612571696,1.0,3/19,6.49%,APOE;AKT1;S100A1
prerank,B Cell Receptor Signaling Pathway (GO:0050853),0.5143390587741705,1.519666788659801,0.025522041763341066,0.24639914165325297,1.0,10/37,12.44%,SYK;RFTN1;IGHA1;NCKAP1L;CD38;LAT2;BAX;BTK;MEF2C;PRKCB
prerank,Protein Insertion Into ER Membrane By Stop-Transfer Membrane-Anchor Sequence (GO:0045050),0.6928636698255968,1.519279133395637,0.05947136563876652,0.24659687901840616,1.0,6/9,17.09%,EMC6;EMC4;EMC10;EMC8;EMC9;EMC7
prerank,Dorsal/Ventral Pattern Formation (GO:0009953),-0.5768096512658102,-1.5191824430149647,0.03826086956521739,0.3092104452473514,1.0,10/22,23.24%,NBL1;PTCH1;SHH;SFRP1;ANKS1B;MDFI;CER1;FGF8;BMP1;NOG
prerank,Cellular Response To Growth Factor Stimulus (GO:0071363),-0.42140819268603197,-1.518608948948352,0.001652892561983471,0.30947620541060766,1.0,29/143,11.22%,FOXC1;BMP6;STMN2;NTRK3;KDR;NR4A1;VSTM2A;BMP4;NELL1;RAMP2;KLF4;PLCG1;SFRP1;EGFR;EGR3;CXCL8;WNT4;ACVR1;FLT4;PTPN12;APLP2;PDE3A;SMAD4;MAGI2;TMEM100;MT1G;CTNNB1;BMPR2;TGFBR2
prerank,Negative Regulation Of Neuron Projection Regeneration (GO:0070571),-0.8182398580878667,-1.5185372186892927,0.024344569288389514,0.3082227355276008,1.0,2/6,6.27%,THY1;RTN4RL1
prerank,Negative Regulation Of Intrinsic Apoptotic Signaling Pathway (GO:2001243),0.4820792122222728,1.5182046961998081,0.01152073732718894,0.24812628307003687,1.0,17/56,18.02%,SOD2;XBP1;TXNDC12;BCL2L1;ENO1;CLU;NOL3;AKT1;PTPN1;NDUFA13;SNAI1;TMBIM6;BCL2L2;PPIA;BCL2;YBX3;CCAR2
prerank,Macrophage Chemotaxis (GO:0048246),0.7166130999139767,1.5177002178927497,0.05603448275862069,0.24845128232106614,1.0,2/8,1.72%,LGALS3;CCL2
prerank,Negative Regulation Of Natural Killer Cell Mediated Immunity (GO:0002716),0.8245768738302812,1.517448764000306,0.04365904365904366,0.24837474195550338,1.0,3/5,11.19%,LGALS9;LILRB1;MICA
prerank,Intrinsic Apoptotic Signaling Pathway In Response To DNA Damage (GO:0008630),0.49717388763098713,1.5174314011366594,0.020224719101123594,0.24783887378549074,1.0,18/47,15.00%,PYCARD;SFN;BCL2L1;BAG6;HIPK1;BCL2A1;PHLDA3;BAX;BOK;AEN;CASP2;DDIT4;FNIP2;BAK1;IFI16;TP53;BCL2L2;MSH6
prerank,Positive Regulation Of IRE1-mediated Unfolded Protein Response (GO:1903896),0.7898137136820784,1.516354994391784,0.046460176991150445,0.24939421349882576,1.0,4/6,13.72%,BAX;PTPN1;DAB2IP;BAK1
prerank,Negative Regulation Of Cytokine Production (GO:0001818),0.4062425877668512,1.5161389308074842,0.004728132387706856,0.24927428197179086,1.0,18/153,3.69%,LILRB4;TYROBP;HAVCR2;LGALS9;TREM2;PYCARD;HOMER3;OTUD7B;LAPTM5;EZR;GPNMB;LILRB1;SIRPA;NCKAP1L;TMSB4X;PTPN6;SLC11A1;INHBA
prerank,Negative Regulation Of Protein Kinase B Signaling (GO:0051898),0.5298100381862294,1.5160079690232702,0.044444444444444446,0.24897480860887816,1.0,7/33,8.32%,SLC9A3R1;ARRB2;PTPRJ;BANK1;PHLDA3;SORD;CIB1
prerank,Central Nervous System Myelination (GO:0022010),0.6818236794559276,1.5159565277082887,0.05790645879732739,0.24855684745454595,1.0,6/11,8.35%,CNTNAP1;MYRF;CLU;SOX10;TENM4;B4GALT5
prerank,Regulation Of Cholesterol Storage (GO:0010885),0.6352043229458704,1.5154176208095276,0.040268456375838924,0.24901632567689022,1.0,4/14,2.53%,ABCG1;TREM2;MSR1;PPARG
prerank,Mitochondrion Organization (GO:0007005),0.4031809998482925,1.5153918855477655,0.004975124378109453,0.24853784706493282,1.0,34/149,13.28%,TOMM7;TSPO;HIGD2A;HAX1;BCL2L1;MPV17;TYMP;MTFP1;YME1L1;HK2;NUBPL;RAB5IF;BCL2A1;PHB2;UCP2;BAX;RAB29;BNIP3L;COX7A2;NIPSNAP2;TMEM11;FIS1;BID;PARP1;HSPD1;TIMM10;MIEF2;TIMM17B;ATPAF2;APEX1;MIEF1;NOA1;TIMM13;MIGA2
prerank,Positive Regulation Of Leukocyte Degranulation (GO:0043302),0.6785006923795064,1.5148890065774132,0.0457516339869281,0.24889449402442468,1.0,6/11,14.47%,SYK;ITGB2;LAMP1;STX4;FGR;ITGAM
prerank,Neuron Projection Guidance (GO:0097485),-0.4315252884613312,-1.5147334457048571,0.006920415224913495,0.31757272539124587,1.0,32/116,15.19%,EPHA7;SHH;NELL1;NOTCH3;SIAH1;SEMA6C;SOS1;PLEKHG4B;KALRN;EFNA5;ARHGEF25;CDK5R1;SEMA3C;NELL2;SLIT2;CYFIP2;RET;MYCBP2;KIF5A;EPHA6;BOC;EFNB2;CXCL12;EPHA3;LGR6;SEMA3F;TRIO;USP33;CNTN4;NEO1;OTX2;SCN1B
prerank,Regulation Of Protein Targeting To Mitochondrion (GO:1903214),0.5185204691488273,1.5146811708473016,0.023923444976076555,0.24880040819819332,1.0,4/37,3.26%,TOMM7;HAX1;LMAN1;SREBF1
prerank,Regulation Of Insulin-Like Growth Factor Receptor Signaling Pathway (GO:0043567),-0.63649704805872,-1.5146029056166348,0.03664921465968586,0.31647855160623084,1.0,3/15,2.50%,IGFBP2;IGFBP6;BMP5
prerank,Inhibitory Postsynaptic Potential (GO:0060080),-0.8181937870295295,-1.5141480978189032,0.01971326164874552,0.3163092692894458,1.0,3/6,16.71%,GLRA1;INSYN2A;NPAS4
prerank,Glycolytic Process (GO:0006096),0.5706159877079997,1.5140674217838488,0.05032822757111598,0.2493430270380629,1.0,6/22,6.31%,PFKFB2;PGM1;ENO1;HK2;UCP2;PGAM2
prerank,Negative Regulation Of Glycolytic Process (GO:0045820),0.6934852007232317,1.5140143357383622,0.04856512141280353,0.2488833564620239,1.0,3/10,7.62%,NUPR1;FBP1;SIRT6
prerank,Positive Regulation Of Intrinsic Apoptotic Signaling Pathway (GO:2001244),0.5242607808608335,1.5132627150454585,0.04245283018867924,0.24973643951712335,1.0,10/35,9.94%,SLC9A3R1;NUPR1;NACC2;FIS1;BID;PLEKHF1;BECN1;BBC3;BOK;GSDME
prerank,Negative Regulation Of Phosphatidylinositol 3-Kinase Signaling (GO:0014067),0.7067933035806135,1.513077263847227,0.04925053533190578,0.2495287376730127,1.0,2/9,0.50%,SLC9A3R1;TREM2
prerank,Neural Tube Closure (GO:0001843),0.5231960429970083,1.513069807510994,0.03803131991051454,0.24900518367777263,1.0,15/30,23.39%,TGFB1;TGFB2;GRHL3;SEMA4C;COBL;DVL1;BCL10;DYNLL1;SKI;MTHFD1L;DEAF1;PLXNB2;FOLR1;VASP;FUZ
prerank,Heart Morphogenesis (GO:0003007),-0.4889199780789678,-1.5130512649561811,0.0216998191681736,0.3178961669000262,1.0,23/52,23.90%,RYR2;HEYL;FLRT2;TBX2;TGFBR3;ACVR1;INSR;ISL1;MDM4;MYLK2;EMP2;ENG;RBM20;ANKRD1;NIPBL;BMP2;TBX19;OLFM1;HTR2B;FGF8;CCM2L;NOG;TBX3
prerank,Mesenchymal Cell Differentiation (GO:0048762),-0.48601086770025687,-1.5126572981442217,0.0210896309314587,0.3174879180555252,1.0,15/49,15.92%,FOXC1;LEF1;HEYL;SEMA3C;ROCK2;TGFBR3;WNT4;FGFR1;SMAD4;ISL1;CTNNB1;FOXF2;SLC39A10;GSK3B;BMP2
prerank,Regulation Of Antigen Receptor-Mediated Signaling Pathway (GO:0050854),0.7765945944423109,1.5126120043336255,0.04395604395604396,0.24929948891116316,1.0,2/6,6.09%,LYN;CD300A
prerank,Protein Targeting To Mitochondrion (GO:0006626),0.47550740589938867,1.5123486103635326,0.02570093457943925,0.24921865569188562,1.0,11/55,10.39%,TOMM7;TSPO;MTCH1;IMMP1L;FIS1;HSPD1;TIMM10;ROMO1;TIMM17B;NDUFA13;MTCH2
prerank,Ribonucleoprotein Complex Biogenesis (GO:0022613),0.4383859939318049,1.51199934994623,0.015873015873015872,0.24933106297658095,1.0,33/83,24.93%,UTP18;LTO1;TNIP1;UTP20;PAK1IP1;GTPBP4;RRP7A;EBNA1BP2;TBL3;HEATR3;BOP1;GLUL;MRTO4;ZNF622;UTP11;NIP7;NGDN;WDR46;NOP16;PES1;UTP4;PNO1;TMA16;FBL;BYSL;MPHOSPH10;WDR74;RRS1;NAT10;DIMT1;GTF3A;SNU13;RPF2
prerank,Positive Regulation Of Voltage-Gated Calcium Channel Activity (GO:1901387),-0.654803821510684,-1.5119517522011174,0.04021937842778794,0.31808603539966346,1.0,3/12,6.45%,CACNB2;PPP3R1;CACNA2D1
prerank,Negative Regulation Of Type II Interferon-Mediated Signaling Pathway (GO:0060336),0.8220947607622207,1.511881767241123,0.03139013452914798,0.24850301623988053,1.0,2/5,3.83%,PPARG;PTPN2
prerank,Negative Regulation Of Response To Type II Interferon (GO:0060331),0.8220947607622207,1.511881767241123,0.03139013452914798,0.24850301623988053,1.0,2/5,3.83%,PPARG;PTPN2
prerank,Cardiac Myofibril Assembly (GO:0055003),-0.6788479591188242,-1.5115869885976725,0.03225806451612903,0.31765108912761253,1.0,3/12,8.44%,PDGFRA;PDGFRB;FHOD3
prerank,Positive Regulation Of Insulin Receptor Signaling Pathway (GO:0046628),0.704333050426274,1.5113294371299546,0.06334841628959276,0.24901220530971027,1.0,3/9,16.50%,SORL1;ZBTB7B;SORBS1
prerank,Positive Regulation Of Immune System Process (GO:0002684),0.5872339880879117,1.510431562436947,0.047619047619047616,0.2501258567557071,1.0,4/20,3.59%,LGALS9;NCKAP1L;TGFB2;MADCAM1
prerank,Nucleolar Chromatin Organization (GO:1990700),0.7583982471743669,1.5101547808122706,0.05639913232104121,0.25013473429898314,1.0,2/7,6.27%,SIRT2;RRP8
prerank,Regulation Of Tooth Mineralization (GO:0070170),-0.8439237900754508,-1.5099984151926673,0.026465028355387523,0.32087650971269094,1.0,2/5,3.95%,WNT6;ASPN
prerank,Isoleucine Metabolic Process (GO:0006549),0.8111320442256702,1.5094076300053154,0.06696428571428571,0.25107849901052787,1.0,3/5,13.48%,SDS;ILVBL;SDSL
prerank,Mitochondrion-Endoplasmic Reticulum Membrane Tethering (GO:1990456),0.7739587872712298,1.5093950048102498,0.04405286343612335,0.2505801009495903,1.0,1/6,1.98%,PACS2
prerank,Regulation Of Protein Targeting (GO:1903533),0.8066865551001104,1.5092551698549592,0.05172413793103448,0.25030342520871207,1.0,2/5,3.26%,HAX1;SREBF1
prerank,Regulation Of Dopamine Secretion (GO:0014059),-0.5953297831579263,-1.5090805468960677,0.027124773960216998,0.3220653387254208,1.0,6/19,8.08%,SYT3;SYT2;SYT1;SYT4;CHRNB2;SYT5
prerank,Regulation Of Protein Localization To Plasma Membrane (GO:1903076),0.441857652058874,1.5088005101608435,0.011363636363636364,0.25066807017684833,1.0,21/76,13.16%,RHOG;TREM2;LGALS3;TGFB1;BCL2L1;VTI1B;AKT1;MMP14;AKR1B1;ARF6;TMBIM1;VAMP8;SIRT6;CIB1;STX4;STAC3;CLN3;RANGRF;LRPAP1;ZDHHC8;DAB2
prerank,Regulation Of Alpha-Beta T Cell Proliferation (GO:0046640),0.7556134134670536,1.5082772451818816,0.04918032786885246,0.25101629649406626,1.0,2/7,3.46%,SYK;MAPK8IP1
prerank,Cellular Response To Estradiol Stimulus (GO:0071392),-0.6450192458714128,-1.5082053107792892,0.047619047619047616,0.3231965233681686,1.0,10/15,25.69%,SSTR2;SFRP1;EGFR;NCOA3;LCOR;KAT5;RUVBL2;FAM210B;GPER1;SSTR1
prerank,Regulation Of Lipid Biosynthetic Process (GO:0046890),0.557778873495149,1.5078605712089166,0.036057692307692304,0.2512985912730321,1.0,2/25,1.57%,APOE;C3
prerank,Heart Contraction (GO:0060047),-0.5358093231080214,-1.507592480501258,0.027923211169284468,0.32348172094586375,1.0,9/33,10.56%,RYR2;DMD;TPM1;TNNT2;SCN4B;CASQ2;ATP1A2;MYLK2;KCNH2
prerank,Positive Regulation Of Mitotic Nuclear Division (GO:0045840),-0.535175455111952,-1.5069249941158547,0.04570383912248629,0.32390861048859265,1.0,4/29,6.10%,PDGFRB;EDN3;NSMCE2;INSR
prerank,Regulation Of Interleukin-1 Beta Production (GO:0032651),0.44317522716004026,1.5067413396024432,0.006593406593406593,0.2527259378586762,1.0,9/74,6.32%,LILRB4;TYROBP;LILRA2;LGALS9;PYCARD;SIRPA;MYD88;NLRC4;GSTP1
prerank,Regulation Of Platelet Aggregation (GO:0090330),0.5590023535326775,1.5063392705516205,0.048728813559322036,0.2529640436083795,1.0,6/23,4.56%,SYK;CD9;PDPN;LYN;EMILIN1;EMILIN2
prerank,Regulation Of Cardiac Muscle Cell Action Potential (GO:0098901),-0.554146615345831,-1.5055563497868214,0.027422303473491772,0.3265100367723832,1.0,10/27,17.72%,DSP;PKP2;TBX18;RYR2;CACNA1C;GJA5;HCN4;DSG2;JUP;CAV1
prerank,Regulation Of Endopeptidase Activity (GO:0052548),0.4912722053814931,1.5049532563598076,0.026143790849673203,0.25503303663143373,1.0,12/49,9.74%,SERPINA1;CRB2;PSMB8;PSENEN;APH1A;PSME2;PSMB9;AKT1;SERPINB6;SERPINA3;PSME1;SERPINB1
prerank,Negative Regulation Of Smooth Muscle Cell Proliferation (GO:0048662),0.50800917862801,1.5047821874802385,0.031042128603104215,0.2548619465287137,1.0,6/36,2.67%,APOE;SOD2;HMOX1;PPARG;CDKN1A;AIF1
prerank,Secondary Alcohol Metabolic Process (GO:1902652),0.5122788381111533,1.5043285600120415,0.03271028037383177,0.2551826433347009,1.0,9/36,12.89%,APOE;ABCG1;CYP27A1;SOAT1;APOL2;CLN6;CETP;CH25H;CYP11A1
prerank,Monoatomic Anion Transmembrane Transport (GO:0098656),-0.4934121492637662,-1.503688715938717,0.021897810218978103,0.3303397162294215,1.0,13/49,13.26%,GABRE;GABRB1;SLC6A1;GLRA1;ANO2;GABRG2;SLC5A5;ANO10;GABRA1;GLRA3;GABRA3;GABRA4;SLC4A1
prerank,Endosome To Pigment Granule Transport (GO:0043485),0.7130151303181478,1.5034736987275763,0.0641025641025641,0.25569296852730816,1.0,4/8,17.64%,CD63;BLOC1S6;BLOC1S3;RAB32
prerank,Endosome To Melanosome Transport (GO:0035646),0.7130151303181478,1.5034736987275763,0.0641025641025641,0.25569296852730816,1.0,4/8,17.64%,CD63;BLOC1S6;BLOC1S3;RAB32
prerank,Negative Regulation Of T Cell Cytokine Production (GO:0002725),0.7663664671808289,1.5028499095260859,0.06756756756756757,0.2563346271556505,1.0,1/6,0.10%,LILRB4
prerank,Negative Regulation Of cAMP-mediated Signaling (GO:0043951),-0.7429861089699429,-1.5019642917805736,0.04159132007233273,0.33396232997370395,1.0,2/8,6.57%,PDE4D;PDE3A
prerank,Endochondral Ossification (GO:0001958),-0.7503900658896847,-1.5015431167658269,0.03917910447761194,0.333699671673664,1.0,3/8,2.63%,FOXC1;COL13A1;SCX
prerank,Endothelial Cell Differentiation (GO:0045446),-0.664821640160095,-1.5010356953034454,0.05419580419580419,0.3337461468973325,1.0,6/12,19.44%,SCUBE1;KDR;JAG1;BMPR2;EDF1;TIE1
prerank,Inorganic Anion Transmembrane Transport (GO:0098661),-0.47348428102892637,-1.500465599753504,0.017761989342806393,0.33404163793921393,1.0,16/56,13.26%,GABRE;GABRB1;SLC6A1;GLRA1;SLC26A2;ANO2;GABRG2;SLC5A5;ANO10;GABRA1;GLRA3;SLC25A11;GABRA3;GABRA4;SLC20A1;SLC4A1
prerank,Release Of Sequestered Calcium Ion Into Cytosol (GO:0051209),-0.5196581149339838,-1.5004244366234685,0.0210896309314587,0.33278501887657913,1.0,7/37,6.36%,PLCB4;RYR2;PLCE1;ITPR1;PLCG1;GP1BB;HTR2A
prerank,Glycogen Catabolic Process (GO:0005980),0.7641180295769681,1.4999725624318585,0.057649667405764965,0.26108987074336376,1.0,4/6,18.96%,PYGL;STBD1;GAA;PYGM
prerank,Regulation Of Blood Coagulation (GO:0030193),0.5508779575616757,1.4996293487251355,0.03938730853391685,0.26126838214984144,1.0,4/26,8.17%,APOE;EMILIN1;EMILIN2;HPSE
prerank,Positive Regulation Of Chemokine Production (GO:0032722),0.4845166910535022,1.4995580430727404,0.03139013452914798,0.26087125899837704,1.0,14/46,13.61%,LGALS9;SYK;CD74;PYCARD;HMOX1;AIF1;TLR7;CD84;ALOX15B;TLR2;TLR3;LCP1;MAVS;CSF1R
prerank,Negative Regulation Of Microtubule Polymerization (GO:0031115),-0.6986307747264997,-1.4995418746014166,0.04601769911504425,0.33399122427378386,1.0,3/10,3.61%,STMN2;CDH5;MAP2
prerank,Regulation Of Long-Term Neuronal Synaptic Plasticity (GO:0048169),-0.6995778870077106,-1.4994507671301396,0.0328719723183391,0.3328840422564361,1.0,3/10,7.78%,SYP;NETO1;SYNGR1
prerank,Cellular Response To Superoxide (GO:0071451),0.6681195895980975,1.4991846969068416,0.08849557522123894,0.2605577562886327,1.0,1/10,0.14%,SOD2
prerank,Removal Of Superoxide Radicals (GO:0019430),0.6681195895980975,1.4991846969068416,0.08849557522123894,0.2605577562886327,1.0,1/10,0.14%,SOD2
prerank,External Encapsulating Structure Organization (GO:0045229),-0.44273375773458007,-1.4990474830963134,0.005154639175257732,0.3325598531970661,1.0,28/95,17.40%,THSD4;ADAMTS1;ADAMTS2;COL13A1;COL11A1;MATN3;ECM2;ST7;ADAMTS10;COL24A1;HRNR;RECK;ADAMTS8;NF1;COL7A1;COL1A2;SMOC2;APP;ADAMTS9;COLQ;NPNT;COL1A1;TGM3;COL8A1;COL3A1;COL16A1;COL5A1;ADAMTS12
prerank,Positive Regulation Of Cellular Component Organization (GO:0051130),0.42665135539686294,1.4980581709161074,0.008869179600886918,0.2621537199615508,1.0,26/102,13.72%,APOE;SYK;TREM2;TMED9;LGALS3;APOC2;TGFB1;TGFB2;LMAN1;TPPP;CLU;RHOC;BAX;AKR1B1;ABCB7;SURF4;BID;SNCA;TGFBR1;BMF;FNIP2;DAB2IP;RUNX1;DAB2;FNIP1;BAK1
prerank,rRNA Processing (GO:0006364),0.44032001544835786,1.4976728662706775,0.018912529550827423,0.26229222977990807,1.0,31/79,23.11%,TSR3;DKC1;UTP20;DDX54;EXOSC4;NSA2;NHP2;MPHOSPH6;WDR18;RRP7A;EBNA1BP2;XRN2;DCAF13;RRP15;MRTO4;PELP1;EXOSC7;PES1;UTP4;NOC4L;FBL;EXOSC3;NOB1;MPHOSPH10;NOP53;NEDD4;LSM6;WDR74;ESF1;NAT10;SART1
prerank,Endoplasmic Reticulum To Golgi Vesicle-Mediated Transport (GO:0006888),0.4203426828000876,1.4971953835802572,0.002583979328165375,0.26269196710819936,1.0,26/104,17.50%,TMED9;TRAPPC3;COPE;RAB1B;LMAN1;YIF1A;LMAN1L;LMAN2L;TMED1;RAB29;USE1;ERGIC1;PREB;SEC13;GBF1;TMED2;RANGRF;ERGIC3;TMED10;SEC22C;SEC16A;WHAMM;VAPA;COPB2;TMED4;ARCN1
prerank,Negative Regulation Of Fatty Acid Metabolic Process (GO:0045922),0.6053651553262268,1.496514967032947,0.043478260869565216,0.26336815202433544,1.0,2/17,4.98%,APOC1;TRIB3
prerank,Long-Chain Fatty Acid Biosynthetic Process (GO:0042759),0.6559567669738291,1.4962072598436849,0.05240174672489083,0.2633790378120776,1.0,6/12,14.03%,ALOX5;GPX4;GSTP1;ALOX15B;LTC4S;ACSBG1
prerank,Response To Chemokine (GO:1990868),-0.6446102667602507,-1.4959041940509072,0.04780114722753346,0.3406152563154005,1.0,5/13,13.94%,FOXC1;DUSP1;STK39;CXCL12;RIPOR2
prerank,Polyamine Transport (GO:0015846),-0.833368999696177,-1.4949615970575114,0.02586206896551724,0.3420057809652072,1.0,4/5,13.72%,SLC22A2;SLC22A3;SLC47A1;TAF7
prerank,Vascular Associated Smooth Muscle Cell Development (GO:0097084),-0.800205539524345,-1.4947092735229857,0.033210332103321034,0.3414025287834134,1.0,2/6,11.43%,RAMP2;ENG
prerank,Stem Cell Development (GO:0048864),-0.643874646550361,-1.494538204054671,0.041121495327102804,0.3405085676602664,1.0,4/14,8.29%,SHH;NRG1;FAM172A;TAPT1
prerank,Negative Regulation Of miRNA Transcription (GO:1902894),0.5893286754354786,1.494406546978802,0.057208237986270026,0.2662857701695657,1.0,4/19,8.10%,LILRB4;TGFB1;PPARG;RELA
prerank,Establishment Of Golgi Localization (GO:0051683),0.794796369121797,1.493897779982832,0.0640176600441501,0.26671734302666034,1.0,1/6,0.18%,SLC9A3R1
prerank,Negative Regulation Of Toll-Like Receptor 4 Signaling Pathway (GO:0034144),0.7399949220608469,1.4937536280124077,0.05405405405405406,0.26643144732432916,1.0,3/8,2.73%,LILRA2;TREM2;LYN
prerank,Presynaptic Endocytosis (GO:0140238),-0.5411671572656522,-1.4928853723388902,0.027472527472527472,0.3439875857343487,1.0,17/29,22.69%,SYT2;SYT1;SNCG;SYNJ1;DNM1;SYT5;AP2M1;FCHO2;CANX;SYNJ2;SNCB;PIP5K1C;DNM3;CDK5;PACSIN1;AP2S1;NLGN4Y
prerank,Positive Regulation Of Hemoglobin Biosynthetic Process (GO:0046985),-0.8496741681836142,-1.492816978264777,0.026871401151631478,0.34287131024599227,1.0,3/5,8.38%,KLF4;SLC25A37;LDB1
prerank,AMP Biosynthetic Process (GO:0006167),0.7751290938709156,1.4926200340328373,0.06794055201698514,0.268090393063969,1.0,2/6,2.78%,NUDT2;APRT
prerank,Regulation Of Cytokine-Mediated Signaling Pathway (GO:0001959),0.4983343900782079,1.4925921652769856,0.03611738148984198,0.26762527691837396,1.0,15/38,20.83%,SYK;CD74;PYCARD;PTPN6;PTPN2;HIPK1;PTPN1;MAPKAPK2;SHARPIN;SIGIRR;CYLD;SPHK1;PTPRC;AGPAT2;TRIM44
prerank,Regulation Of Plasminogen Activation (GO:0010755),0.6046313457733374,1.4923089373124039,0.06100217864923747,0.26767260281124683,1.0,7/15,19.15%,CTSZ;ENO1;MELTF;RUNX1;SERPINE2;S100A10;PLGRKT
prerank,Chloride Transmembrane Transport (GO:1902476),-0.4977199172051719,-1.4922935883661677,0.025225225225225224,0.34297926364729103,1.0,14/44,16.80%,GABRE;GABRB1;SLC6A1;GLRA1;ANO2;GABRG2;ANO10;GABRA1;GLRA3;GABRA3;GABRA4;SLC4A1;SLC12A5;GABRB3
prerank,Mononuclear Cell Differentiation (GO:1903131),0.564782493104196,1.4921388968642564,0.05274725274725275,0.26746965276766216,1.0,8/22,3.86%,TREM2;IRF8;LILRB1;PPARG;IKZF1;LYN;BATF3;CLU
prerank,Amino Acid Import Across Plasma Membrane (GO:0089718),-0.5697425745435163,-1.4914028367554528,0.040268456375838924,0.34431675717998284,1.0,6/23,4.47%,SLC6A13;SLC6A20;SLC22A2;SLC38A5;SLC36A1;SLC1A2
prerank,Vesicle Transport Along Microtubule (GO:0047496),-0.5832104089402071,-1.4912024510098973,0.045787545787545784,0.34355889319811755,1.0,7/22,11.37%,BICDL1;KIFAP3;DYNC1I1;KIF5A;NDE1;KIF3A;TRAK2
prerank,"Negative Regulation Of CD8-positive, Alpha-Beta T Cell Activation (GO:2001186)",0.7684031961155338,1.4910035521246605,0.060133630289532294,0.26903119441160545,1.0,4/6,16.04%,LILRB1;ZBTB7B;VSIR;SOCS1
prerank,Regulation Of Microglial Cell Activation (GO:1903978),0.6289065929877389,1.4907735954204404,0.05161290322580645,0.26896974630181736,1.0,3/14,3.31%,TREM2;GRN;TTBK1
prerank,Tail-Anchored Membrane Protein Insertion Into ER Membrane (GO:0071816),0.5989741882747204,1.4902010189934698,0.05803571428571429,0.2694691299053047,1.0,6/15,17.09%,EMC6;EMC4;EMC10;EMC8;EMC9;EMC7
prerank,Regulation Of Short-Term Neuronal Synaptic Plasticity (GO:0048172),-0.6627953560237807,-1.4901411120828123,0.040229885057471264,0.34527812605209,1.0,8/13,15.53%,SYP;RAB3A;SLC4A10;SYNGR1;GRIK2;SLC8A2;SHISA6;PPFIA3
prerank,Regulation Of System Process (GO:0044057),-0.8136846107092393,-1.4900410616583188,0.02702702702702703,0.3442284331104732,1.0,2/5,4.71%,ROCK2;MTG1
prerank,Amino Sugar Catabolic Process (GO:0046348),0.7360885693811217,1.4898706081002158,0.07641921397379912,0.2695358262392401,1.0,4/7,14.06%,RENBP;NPL;GNPDA1;HOGA1
prerank,Regulation Of Cilium Beat Frequency (GO:0003356),-0.7867482441263598,-1.4897282638782308,0.057971014492753624,0.3437135399403823,1.0,3/6,18.23%,CFAP206;DNAH11;CCDC40
prerank,Desmosome Organization (GO:0002934),-0.8090626269270206,-1.4892860968236552,0.028901734104046242,0.34367140943188496,1.0,2/6,0.45%,DSP;PKP2
prerank,Neuron Projection Maintenance (GO:1990535),-0.7280630052429342,-1.4891820902083288,0.056363636363636366,0.3425979239127961,1.0,5/8,19.00%,ABCD2;INSR;ATP1A3;APP;PSEN1
prerank,Negative Regulation Of Angiogenesis (GO:0016525),-0.44113956958454553,-1.4888849477396666,0.01607142857142857,0.3420824255270806,1.0,11/78,5.18%,FOXC1;DCN;ISM1;KLF2;NRG1;ATF2;KLF4;ROCK2;ADGRB1;ECSCR;CLDN5
prerank,Regulation Of Transforming Growth Factor Beta Activation (GO:1901388),-0.7565435044512068,-1.4888344612072257,0.04684684684684685,0.3409360124537708,1.0,3/7,6.95%,TNXB;LTBP1;LRRC32
prerank,Pentose-Phosphate Shunt (GO:0006098),0.6476043048838915,1.4884226324429355,0.07221006564551423,0.271730801365336,1.0,7/11,16.72%,PGD;PGLS;G6PD;SHPK;H6PD;DERA;TALDO1
prerank,NADH Metabolic Process (GO:0006734),-0.7700462011800322,-1.4881873280081297,0.029159519725557463,0.3414861363071824,1.0,3/7,13.18%,ME1;MDH1;MDH1B
prerank,Negative Regulation Of Programmed Cell Death (GO:0043069),0.36276638547983164,1.4881539802598482,0.0,0.2716739348596578,1.0,76/339,14.69%,AQP1;CD44;TREM2;HIGD2A;CD74;HAX1;NUPR1;PDPN;XBP1;USP47;HCK;DDAH2;LAPTM5;MTDH;PA2G4;EVI2B;CRYAB;BCL2L1;NCKAP1L;LTF;MYO18A;CTSH;CD38;YME1L1;MIEN1;FKBP8;PIM3;GPX4;NOL3;BCL2A1;AKT1;FAS;PHB2;CIAPIN1;CCND2;PTK2;GSTP1;BNIP3L;CFL1;PEPD;RELA;DSTYK;SOX8;DHRS2;BECN1;CIB1;ARHGAP21;PTK2B;HSPD1;SNCA;CAT;PPT1;CLN3;PSMD10;BAG1;TM7SF3;ARHGDIA;MAP4K4;CBL;GOLPH3;ERBB3;PSMC5;CASP2;HTATIP2;BNIP2;PROC;GCLC;DAB2;BIRC7;PIM1;NME2;TP53;ERBB4;HDAC2;TMBIM6;BCL2L2
prerank,Sensory Organ Morphogenesis (GO:0090596),-0.7367701147812366,-1.487664369802415,0.041666666666666664,0.34169449954172487,1.0,5/8,14.51%,GLI3;INTU;WDPCP;STRA6;NIPBL
prerank,Regulation Of Innate Immune Response (GO:0045088),0.4365230444083866,1.4875687909736126,0.014457831325301205,0.2722014811897586,1.0,20/71,15.24%,TREM2;TYRO3;PTPN6;SLC15A4;IFI35;ADAM8;AKT1;RNF185;TRIM56;RNF135;FADD;PARP1;PTPN1;FCGR2B;FGR;PLSCR1;IFI16;BANF1;SAMHD1;AKIRIN2
prerank,Negative Regulation Of miRNA Metabolic Process (GO:2000629),0.5809474874079903,1.4874411006843566,0.06605922551252848,0.2719162750099411,1.0,4/20,8.10%,LILRB4;TGFB1;PPARG;RELA
prerank,TRAIL-activated Apoptotic Signaling Pathway (GO:0036462),0.760092014202857,1.4873240518686253,0.076,0.27162752875404655,1.0,3/6,11.83%,SPI1;FADD;TNFRSF10B
prerank,Membrane Lipid Catabolic Process (GO:0046466),0.7088061299597432,1.4867335704024365,0.0702576112412178,0.2722308045462399,1.0,3/8,8.97%,NAGA;FUCA1;PPT1
prerank,Regulation Of Actin Filament Polymerization (GO:0030833),0.4554073261407965,1.4867097074094577,0.01126126126126126,0.271746243647411,1.0,14/62,8.36%,HCLS1;HAX1;PYCARD;CDC42EP1;PFN1;HCK;BAIAP2;COTL1;BIN1;NCKAP1L;CDC42EP4;ARF6;TWF2;PTK2B
prerank,Regulation Of Peptidyl-Tyrosine Phosphorylation (GO:0050730),0.43528019516000394,1.4865534591239387,0.016091954022988506,0.27148714133348284,1.0,15/77,5.90%,CD44;RAP2B;HCLS1;TREM2;CD74;HAX1;ITGB2;TGFB1;PTPRJ;PTPN6;AGT;CADM4;BANK1;SAMSN1;PDGFA
prerank,Positive Regulation Of Alpha-Beta T Cell Proliferation (GO:0046641),0.6442841069047063,1.4865040620713017,0.06621004566210045,0.2710817759340537,1.0,2/13,0.46%,LGALS9;SYK
prerank,Regulation Of Immunoglobulin Production (GO:0002637),0.5753600446524364,1.4861274889120664,0.07317073170731707,0.27125895167489267,1.0,10/20,20.43%,XBP1;SASH3;CLCF1;PHB2;STX4;FCGR2B;VAMP3;CR1;PTPRC;EPHB2
prerank,Membrane Raft Organization (GO:0031579),0.6202600868589624,1.4852768109238919,0.07936507936507936,0.2723041462128821,1.0,5/13,8.99%,RFTN1;NPC1;COLEC12;PPT1;CLN3
prerank,Nuclear Membrane Disassembly (GO:0051081),0.7146687124377206,1.4851853775234514,0.05995203836930456,0.2719407169777721,1.0,4/8,16.32%,NEK6;CTDNEP1;PRKCB;PRKCA
prerank,Dopamine Metabolic Process (GO:0042417),0.6366519981195646,1.4847654887409247,0.06183368869936034,0.27223399514597074,1.0,3/13,2.71%,MAOB;COMT;TGFB2
prerank,Cellular Response To Ketone (GO:1901655),0.48991963664708515,1.4844470813385275,0.026200873362445413,0.2723392810929141,1.0,5/41,5.79%,AQP1;SPP1;GNB1;PCK2;AKR1B1
prerank,Negative Regulation Of Actin Nucleation (GO:0051126),0.7573439859773426,1.483089859318195,0.07555555555555556,0.2744163918234338,1.0,3/6,4.07%,CORO1B;CORO1A;GMFG
prerank,N-acetylneuraminate Catabolic Process (GO:0019262),0.7715430769941193,1.4830226831498872,0.06318082788671024,0.27403582904710144,1.0,4/6,14.06%,RENBP;NPL;GNPDA1;HOGA1
prerank,Presynaptic Active Zone Organization (GO:1990709),-0.8263284749358897,-1.4829754018901609,0.03642987249544627,0.35413626330117676,1.0,3/5,4.23%,ERC2;ERC1;RAB3A
prerank,Regulation Of Striated Muscle Contraction (GO:0006942),-0.5687977175254422,-1.4829218641735726,0.04,0.35292614897795366,1.0,6/22,12.77%,RYR2;DMD;RNF207;ATP1A2;GJA5;HCN4
prerank,Long-Chain Fatty Acid Transport (GO:0015909),0.5770355952909164,1.4826911930803741,0.049107142857142856,0.27412353708520826,1.0,2/21,2.53%,APOE;PPARG
prerank,Negative Regulation Of B Cell Proliferation (GO:0030889),0.6966335750706514,1.4826663886878182,0.046189376443418015,0.27363863952496964,1.0,4/10,9.02%,TYROBP;LYN;CD300A;FCGR2B
prerank,Type B Pancreatic Cell Differentiation (GO:0003309),-0.8404157720458002,-1.4815057024565557,0.025547445255474453,0.3557226918976923,1.0,2/5,2.50%,BMP6;BMP5
prerank,Establishment Of Spindle Localization (GO:0051293),0.6493464909999603,1.4808977847816118,0.06382978723404255,0.2761493034214364,1.0,2/11,5.09%,KPNB1;LLGL1
prerank,T Cell Homeostasis (GO:0043029),0.6497502895206956,1.4808051167565612,0.060674157303370786,0.2758449661070521,1.0,4/12,6.10%,NCKAP1L;AKT1;FAS;FADD
prerank,Actin Filament Organization (GO:0007015),0.40440892238463044,1.4807920661458474,0.006711409395973154,0.2753685681130416,1.0,24/126,8.00%,CAPG;TAGLN2;RHOG;HCLS1;CNN3;CORO1C;BAIAP2;CORO1B;PPP1R9B;DPYSL3;WAS;AIF1;CORO1A;SPIRE1;MYO1G;ACTN1;GAS2L1;RFLNB;WIPF1;COBL;MARCKSL1;CD2AP;PROX1;MYO1F
prerank,Sodium Ion Transmembrane Transport (GO:0035725),-0.4562893717476601,-1.4804829686085932,0.02112676056338028,0.35736154772022044,1.0,17/68,12.77%,SLC6A12;SLC6A13;SLC6A20;SLC6A11;SLC6A1;SLC9A2;SCN4B;SLC6A15;SCN9A;SLC9A7;SLC8A2;SLC24A3;ATP1A2;ATP1B3;SLC9A5;ATP1A3;HCN4
prerank,Insulin Secretion Involved In Cellular Response To Glucose Stimulus (GO:0035773),-0.7860911685227844,-1.4804385228735235,0.049723756906077346,0.3561025112868433,1.0,3/6,7.94%,PTPRN2;PTPRN;RAB11FIP5
prerank,"Positive Regulation Of Wnt Signaling Pathway, Planar Cell Polarity Pathway (GO:2000096)",-0.8388291468955362,-1.479585936365806,0.02727272727272727,0.35730658717749897,1.0,3/5,12.85%,NKD1;RSPO3;MLLT3
prerank,Tube Closure (GO:0060606),0.5289144259352538,1.4791014496707813,0.05393258426966292,0.27799444618335123,1.0,14/27,23.39%,TGFB1;TGFB2;GRHL3;SEMA4C;COBL;BCL10;DYNLL1;SKI;MTHFD1L;DEAF1;PLXNB2;FOLR1;VASP;FUZ
prerank,Positive Regulation Of Transmembrane Receptor Protein Serine/Threonine Kinase Signaling Pathway (GO:0090100),-0.4432209176964488,-1.4787504524668749,0.02385008517887564,0.3585297782072949,1.0,24/84,17.70%,BMP6;CDH5;RBPMS;TNXB;BMP4;BMP5;FOXD1;CREBBP;HES5;LEFTY2;SMAD4;UBE2O;TGFB1I1;GDF9;BMP3;BMPR2;TGFBR2;ENG;GDF5;RNF111;BMP2;SCUBE3;MSTN;JAK2
prerank,Response To Ethanol (GO:0045471),-0.6294790840632538,-1.4786033688481424,0.0692167577413479,0.35762038505219923,1.0,6/13,25.02%,GLRA1;CHRNB2;GRIN1;GRIN2B;GLRA2;GRIN2A
prerank,Negative Regulation Of Cellular Response To Hypoxia (GO:1900038),0.8093519013392243,1.4773438841648734,0.06553911205073996,0.2809108486448862,1.0,3/5,14.54%,ENO1;NOL3;TMBIM6
prerank,Keratan Sulfate Biosynthetic Process (GO:0018146),0.6304823687454695,1.4769199736345657,0.05761316872427984,0.28126873390198426,1.0,2/13,5.81%,CHST6;ST3GAL6
prerank,Aromatic Amino Acid Family Catabolic Process (GO:0009074),0.716263608977187,1.4767866479506655,0.05656108597285068,0.28101355011554,1.0,3/8,19.03%,GSTZ1;KYNU;QDPR
prerank,Cellular Response To Misfolded Protein (GO:0071218),0.5755698420787925,1.47667241221593,0.05092592592592592,0.2807258820003991,1.0,4/19,6.05%,BAG6;DERL1;RNF185;RNF126
prerank,Cellular Response To Exogenous dsRNA (GO:0071360),0.6501688902626367,1.4765165833729696,0.05982905982905983,0.2805327002810958,1.0,9/11,32.12%,COLEC12;MAVS;ZCCHC3;PQBP1;IFIH1;IFIT1;RALB;FLOT1;CGAS
prerank,Positive Regulation Of Lipopolysaccharide-Mediated Signaling Pathway (GO:0031666),0.754143513325016,1.476081161358258,0.06739130434782609,0.28087532375472485,1.0,4/6,7.54%,SCIMP;LY86;LY96;CD180
prerank,Modified Amino Acid Transport (GO:0072337),-0.5539145262135325,-1.4754163769705357,0.03202846975088968,0.3656488476622386,1.0,6/26,5.57%,SLC16A12;SLC6A13;SLC6A20;SLC22A2;SLC7A11;SLC19A1
prerank,Positive Regulation Of Sequestering Of Triglyceride (GO:0010890),0.7401031423819172,1.4751895442630876,0.06802721088435375,0.2819657713597543,1.0,3/7,11.35%,OSBPL11;PLIN3;LCP1
prerank,Transmembrane Receptor Protein Serine/Threonine Kinase Signaling Pathway (GO:0007178),-0.4208788153983684,-1.4749033741833817,0.006791171477079796,0.36576273575654494,1.0,40/113,18.67%,BMP6;CDH5;LTBP2;BMP4;BMP5;SCX;WFIKKN1;CLDN5;TGFBR3;ACVR1;APLP2;LEFTY2;SMAD4;FNTA;LRRC32;MAGI2;TGFB1I1;COL1A2;TMEM100;SMURF2;APOA1;ID1;GDF9;WFIKKN2;BMP3;BMPR2;TGFBR2;ENG;HPGD;GDF5;DLX5;JUN;RNF111;SMAD6;COL3A1;BMP2;SMAD5;MSTN;ZFYVE9;FAM83G
prerank,Regulation Of Protein Secretion (GO:0050708),0.4295322866285486,1.4744895041647412,0.011961722488038277,0.2827779097643592,1.0,20/89,13.04%,APOE;TREM2;EZR;TGFB1;TGFB2;MYO18A;ALOX5;KCNA5;ADAM8;ERP29;KCNJ11;LLGL1;ARF6;SIRT6;CD2AP;TMED10;GCK;GOLPH3;HADHA;CD33
prerank,Negative Regulation Of Fibroblast Proliferation (GO:0048147),0.5850226295847667,1.4739414885693543,0.08893709327548807,0.28337509511227044,1.0,9/17,14.04%,FTH1;PARP10;CDC73;MED9;CD300A;GSTP1;DAB2IP;SKI;TP53
prerank,Positive Regulation Of Interleukin-1 Production (GO:0032732),0.45945599885938593,1.4738323539934663,0.028446389496717725,0.2830620203758056,1.0,12/54,14.08%,TYROBP;LILRA2;LGALS9;PYCARD;MYD88;NLRC4;S100A13;NLRP3;TMED10;LCP1;IFI16;TRIM16
prerank,Regulation Of Axon Extension (GO:0030516),0.5105955895970149,1.4734767849650707,0.05191873589164785,0.2831526969169417,1.0,2/32,1.09%,APOE;NRCAM
prerank,Desensitization Of G Protein-Coupled Receptor Signaling Pathway (GO:0002029),0.7097725246645862,1.4733542532967034,0.06073752711496746,0.2828872846446391,1.0,2/8,5.99%,ARRB2;GRK3
prerank,Positive Regulation Of Ligase Activity (GO:0051351),0.7022384265506395,1.4732431786035343,0.07777777777777778,0.28253296357268337,1.0,4/8,13.67%,TMSB4X;XRCC1;ANTKMT;MID1IP1
prerank,Regulation Of Steroid Metabolic Process (GO:0019218),0.5970170624489602,1.4729908005108283,0.07936507936507936,0.28254533610769456,1.0,2/16,0.47%,APOE;ABCG1
prerank,Negative Regulation Of Autophagosome Assembly (GO:1902902),0.6578054332295967,1.4725977130595878,0.08108108108108109,0.2827433127396571,1.0,1/10,0.55%,NUPR1
prerank,Keratan Sulfate Metabolic Process (GO:0042339),0.6080676719327822,1.4724706052075978,0.06611570247933884,0.28251544305076154,1.0,3/15,8.93%,CHST6;ST3GAL6;GNS
prerank,Positive Regulation Of Syncytium Formation By Plasma Membrane Fusion (GO:0060143),0.6298036883452051,1.472399935918468,0.07158836689038031,0.28212517948531196,1.0,3/13,4.12%,TYROBP;TREM2;CD53
prerank,Negative Regulation Of Fatty Acid Biosynthetic Process (GO:0045717),0.6204338457189841,1.4723523964527077,0.07910750507099391,0.2816928762945181,1.0,2/14,4.98%,APOC1;TRIB3
prerank,Positive Regulation Of Lymphocyte Differentiation (GO:0045621),0.5002000800060901,1.4722392187151525,0.0215311004784689,0.2813900632800061,1.0,8/38,7.83%,SPI1;SYK;XBP1;NCKAP1L;MMP14;GATA3;SMARCB1;BTK
prerank,Negative Regulation Of Chemokine Production (GO:0032682),0.5999119011101908,1.4719386906829706,0.09484536082474226,0.2814822763888722,1.0,4/16,6.32%,LILRB4;LGALS9;SIRPA;GSTP1
prerank,Response To Laminar Fluid Shear Stress (GO:0034616),-0.6994169339585998,-1.4712315922141952,0.058823529411764705,0.3755300561199545,1.0,3/9,2.67%,KLF2;ASS1;KLF4
prerank,Leukocyte Cell-Cell Adhesion (GO:0007159),0.5338372869492853,1.4710995319318647,0.04929577464788732,0.2825594017046801,1.0,6/28,6.41%,SYK;ITGB2;EZR;TNIP1;FERMT3;OLR1
prerank,Photoreceptor Cell Development (GO:0042461),-0.6957938301894137,-1.4709326827868485,0.06363636363636363,0.37496765112255237,1.0,5/9,21.82%,DZANK1;TULP1;CEP290;CDHR1;RP1L1
prerank,Myeloid Leukocyte Differentiation (GO:0002573),0.4484433515821354,1.4708677907090952,0.03309692671394799,0.2824744959094492,1.0,13/63,8.30%,SPI1;TYROBP;LGALS9;TREM2;CEBPA;OSCAR;PPARG;BATF3;CD4;UCP2;GATA3;PARP1;DHRS2
prerank,Positive Regulation Of Lymphocyte Migration (GO:2000403),0.6084523650752909,1.4708176335428929,0.07575757575757576,0.2820540404032432,1.0,4/16,4.08%,PYCARD;AIF1;RHOA;CCL20
prerank,Cellular Response To Hypoxia (GO:0071456),0.4411962066440036,1.4699999397905101,0.021377672209026127,0.28302767853873917,1.0,11/70,8.96%,AQP1;HMOX1;TGFB1;PPARG;SIRT2;P4HB;ADAM8;BNIP3L;EGLN1;EGLN3;LMNA
prerank,Positive Regulation Of Lipid Storage (GO:0010884),0.5877582630218909,1.4697944832547576,0.0410958904109589,0.28298744282484006,1.0,7/18,12.37%,OSBPL11;MSR1;C3;PLIN3;APOC4;LCP1;HILPDA
prerank,Signal Release From Synapse (GO:0099643),-0.49980100334435984,-1.469719103690493,0.03664921465968586,0.3772895713432002,1.0,18/37,19.64%,RIMS1;PTPRN2;OTOF;CPLX1;SYT1;RAB3A;SNAP25;SNPH;SYN3;SYN1;PIP5K1C;LIN7A;STXBP1;PPFIA3;STXBP3;CPLX2;GRM4;CDK5
prerank,Delamination (GO:0060232),0.8027280141483316,1.46924693195755,0.06,0.2835833552130778,1.0,2/5,7.89%,SPI1;AKNA
prerank,Alanine Transport (GO:0032328),-0.6885201014540392,-1.468783240597818,0.05673758865248227,0.37890223012718083,1.0,2/10,3.04%,SLC7A10;SLC36A1
prerank,Central Nervous System Neuron Differentiation (GO:0021953),-0.5439202900887576,-1.4686554818644457,0.04220183486238532,0.37796906353762677,1.0,10/27,12.80%,NR4A2;CEND1;MAP2;GBA2;ISL1;ZC4H2;KNDC1;MDGA1;FAIM2;TOX
prerank,Synaptic Vesicle Cycle (GO:0099504),-0.5219192562119559,-1.4678467919667888,0.036101083032490974,0.3790770865833198,1.0,13/32,26.38%,RIMS1;OTOF;CPLX1;RAB3A;SNAP25;PIP5K1C;BRSK1;CPLX2;CDK5;PCLO;AP3M2;AP3S2;GIT2
prerank,Nucleotide Catabolic Process (GO:0009166),0.802846619809782,1.4677600758906524,0.07010309278350516,0.2860262084355233,1.0,3/5,14.99%,NUDT3;DNPH1;SAMHD1
prerank,Intraciliary Anterograde Transport (GO:0035720),-0.6143361407061587,-1.4677129450798307,0.06060606060606061,0.3780565396185387,1.0,7/15,19.55%,IFT80;IFT81;IFT88;TTC26;IFT57;TTC30A;IFT27
prerank,Negative Regulation Of Innate Immune Response (GO:0045824),0.47072958467697734,1.4673181115603482,0.027149321266968326,0.2864289879938601,1.0,15/47,17.93%,GRN;SLAMF8;TYRO3;PTPN2;AKT1;PARP1;FAM3A;STAT2;VSIG4;IFI16;BANF1;SAMHD1;CR1;AURKB;OAS1
prerank,Positive Regulation Of Muscle Cell Differentiation (GO:0051149),-0.6442001466163428,-1.4671093779611868,0.04679376083188908,0.3784800031263718,1.0,7/13,13.59%,LAMA2;NRG1;LAMB2;LAMC1;NID1;MAPK11;LAMB1
prerank,Negative Regulation Of Catecholamine Secretion (GO:0033604),-0.8067320884472241,-1.4669163987210736,0.048355899419729204,0.3777294862780713,1.0,2/5,4.72%,CHGA;SYT4
prerank,Regulation Of Leukocyte Migration (GO:0002685),0.6337240653027777,1.4667672279691235,0.07159353348729793,0.28704335242298884,1.0,3/13,3.59%,HMOX1;NCKAP1L;MADCAM1
prerank,Regulation Of Exosomal Secretion (GO:1903541),0.5842766057255088,1.4663584497631654,0.06487695749440715,0.2872600534352036,1.0,4/18,2.93%,RAB7A;SNF8;CHMP2A;SDC4
prerank,Iron Coordination Entity Transport (GO:1901678),-0.8138710246131309,-1.4659814832511993,0.04291044776119403,0.3790641849302523,1.0,2/5,3.53%,NRG1;LCN2
prerank,Positive Regulation Of Protein Polymerization (GO:0032273),0.4529841802601467,1.4657168294324656,0.024390243902439025,0.2880745592337794,1.0,14/61,8.36%,PYCARD;CDC42EP1;PFN1;HCK;BAIAP2;BIN1;NCKAP1L;TPPP;TTBK1;CDC42EP4;ARF6;PSRC1;MAPRE1;PTK2B
prerank,Regulation Of Cell Communication By Electrical Coupling Involved In Cardiac Conduction (GO:1901844),-0.6820289927853136,-1.4650239694894218,0.06115107913669065,0.3807283090612495,1.0,2/10,3.44%,PDE4D;HRC
prerank,Positive Regulation Of Nuclear Cell Cycle DNA Replication (GO:0010571),0.799143107531227,1.4648888767374562,0.06708595387840671,0.28909173059739607,1.0,1/5,3.64%,INO80
prerank,Surfactant Homeostasis (GO:0043129),0.7358125799171769,1.4643855221353899,0.07659574468085106,0.28953001669117717,1.0,2/7,4.62%,CTSH;NKIRAS2
prerank,Monoatomic Cation Transmembrane Transport (GO:0098655),-0.38238787210908687,-1.4642628526953723,0.001594896331738437,0.3816221265076825,1.0,55/239,15.50%,KCNA1;SLC6A12;SLC6A13;SLC6A20;SLC6A11;SLC6A1;SCARA5;KCNK2;SLC9A2;SCN4B;KCNB1;KCNN1;GAS6;SLC30A10;SLC36A1;KCNH5;TRPV5;CACNA1D;TRPM6;TRPC4AP;SLC6A15;KCNK3;RYR3;KCNK4;KCNC3;GRIN1;SCN9A;KCNC4;SLC9A7;SLC8A2;SLC24A3;LRRC38;CACNA1C;KCNH7;ATP1A2;ATP1B3;KCNH2;KCNG4;ATP2A3;TRPV1;MCOLN3;SLC9A5;ATP1A3;HCN4;SLC41A2;SLC39A10;KCNG1;TRPM1;KCNN2;TRPM3;TRPC6;SCN1B;ATP2A1;TRPC4;TRPM7
prerank,Regulation Of Cyclic-Nucleotide Phosphodiesterase Activity (GO:0051342),0.7637946742935302,1.4634758229376028,0.0779510022271715,0.29067831920576676,1.0,2/6,6.89%,SLC39A14;EGLN1
prerank,Regulation Of NIK/NF-kappaB Signaling (GO:1901222),0.4471065405453954,1.4625603081916063,0.036057692307692304,0.291961717364274,1.0,18/72,11.11%,SPI1;LGALS9;PYCARD;ADIPOR1;LAPTM5;EZR;TRADD;TMSB4X;IFI35;RHOA;TLR7;PHB2;TRIM56;TLR2;RELA;TLR3;PPM1A;NLRP3
prerank,Cardiac Muscle Tissue Development (GO:0048738),-0.49777842658024063,-1.4620344953782254,0.030685920577617327,0.38686120290850917,1.0,13/44,16.78%,NRG1;BMP5;TBX2;SMAD4;MAML1;MYLK2;BMPR2;GJA5;ANKRD1;GATA6;ADAMTS9;BMP2;SMAD5
prerank,Regulation Of Hemoglobin Biosynthetic Process (GO:0046984),-0.7940541956216272,-1.461902498952136,0.053742802303262956,0.3859089967772094,1.0,3/6,8.38%,KLF4;SLC25A37;LDB1
prerank,Negative Regulation Of Alpha-Beta T Cell Proliferation (GO:0046642),0.7248105304111819,1.4613302269754724,0.07777777777777778,0.29363619909020644,1.0,3/7,15.66%,LGALS9;ZBTB7B;VSIR
prerank,Positive Regulation Of miRNA Transcription (GO:1902895),0.48334788617914265,1.4611193160512674,0.047516198704103674,0.29353001374379656,1.0,9/40,8.10%,SPI1;TGFB1;PPARG;TGFB2;SREBF1;FGF2;APLN;GATA3;RELA
prerank,Commissural Neuron Axon Guidance (GO:0071679),-0.7122352323121982,-1.4605383465163027,0.05330882352941176,0.38870695427208674,1.0,2/8,4.62%,NELL1;NFIB
prerank,Regulation Of Protein Kinase C Signaling (GO:0090036),-0.6104105086416165,-1.4604062453140823,0.05807622504537205,0.3877228211939536,1.0,10/16,31.62%,ULK4;FLT4;ADRA1D;WNT11;GPD1L;CD40;DGKG;MYADM;SPHK2;WNT5A
prerank,T Cell Activation Involved In Immune Response (GO:0002286),0.6279312261353456,1.4602229689582502,0.05077262693156733,0.2947870792575516,1.0,4/13,3.83%,CD74;LILRB1;SLC11A1;FCER1G
prerank,Cellular Response To UV-B (GO:0071493),-0.669424041056083,-1.4600358176613935,0.07014388489208633,0.3873918005040734,1.0,5/10,22.60%,MFAP4;MAPK11;NLRP1;MAPK14;HYAL1
prerank,Negative Regulation Of Calcium Ion Transmembrane Transporter Activity (GO:1901020),-0.5501635136546202,-1.45981731627196,0.05008944543828265,0.3866453706877061,1.0,6/25,10.34%,PLN;PPP3R1;CASQ2;ATP1A2;CLIC2;FMR1
prerank,L-amino Acid Transport (GO:0015807),-0.5516714773042725,-1.459518307748127,0.05802047781569966,0.38627991964438363,1.0,8/24,16.45%,SLC6A20;SLC22A2;SLC38A5;SLC36A1;SLC7A11;SLC47A1;SLC7A8;SLC7A1
prerank,Regulation Of Nitrogen Compound Metabolic Process (GO:0051171),0.6476638580843613,1.4593055439635172,0.07478632478632478,0.29601256965237344,1.0,2/11,4.25%,APOE;ALDH2
prerank,Regulation Of Cysteine-Type Endopeptidase Activity Involved In Apoptotic Signaling Pathway (GO:2001267),0.6830240870628603,1.4587010063740102,0.06382978723404255,0.2966487597880142,1.0,2/9,5.04%,LGALS9;FAS
prerank,Positive Regulation Of NIK/NF-kappaB Signaling (GO:1901224),0.47223379874399657,1.458454843473665,0.046460176991150445,0.2965777285487409,1.0,12/46,9.11%,LGALS9;PYCARD;LAPTM5;TRADD;IFI35;RHOA;TLR7;PHB2;TRIM56;TLR2;RELA;TLR3
prerank,Primary Neural Tube Formation (GO:0014020),0.5239067062183603,1.4581017169762334,0.06473214285714286,0.2967797181440424,1.0,13/26,23.39%,TGFB1;TGFB2;GRHL3;SEMA4C;COBL;BCL10;DYNLL1;SKI;MTHFD1L;DEAF1;PLXNB2;VASP;FUZ
prerank,Positive Regulation Of Neuron Death (GO:1901216),0.5000806021555714,1.4576722755913991,0.05656108597285068,0.29708078716500286,1.0,10/34,8.63%,TYROBP;NUPR1;ITGB2;GRN;C1QA;TGFB2;CLU;BAX;MAP3K5;SNCA
prerank,Import Into Nucleus (GO:0051170),0.4442303476247199,1.4571637898804022,0.030660377358490566,0.2975821033117179,1.0,15/67,12.69%,SYK;IPO13;KPNB1;NUTF2;AKT1;PHB2;SEC13;NUP188;NUP50;RANGRF;HEATR3;RPAIN;STK4;E2F3;HTATIP2
prerank,Positive Regulation Of Necrotic Cell Death (GO:0010940),-0.8158363343090739,-1.4569482314516324,0.036053130929791274,0.39281346535163975,1.0,2/5,3.42%,SLC6A13;RIPK1
prerank,Positive Regulation Of Keratinocyte Proliferation (GO:0010838),-0.7144359410460224,-1.4566612235491936,0.057692307692307696,0.39238333262483943,1.0,5/8,23.00%,FGF10;STXBP4;FGF7;TGM1;MDK
prerank,"Regulation Of CD4-positive, Alpha-Beta T Cell Differentiation (GO:0043370)",0.7037918010077271,1.4563007321921797,0.08620689655172414,0.2987963719049185,1.0,5/8,16.04%,NCKAP1L;RUNX3;ZBTB7B;RUNX1;SOCS1
prerank,Positive Regulation Of Exosomal Secretion (GO:1903543),0.6242013078786303,1.456146071915659,0.06986899563318777,0.2985237410977789,1.0,4/14,2.93%,RAB7A;SNF8;CHMP2A;SDC4
prerank,Regulation Of miRNA Transcription (GO:1902893),0.45038530958054557,1.4559633404420818,0.035398230088495575,0.2983346210783246,1.0,10/55,8.10%,SPI1;LILRB4;TGFB1;PPARG;TGFB2;SREBF1;FGF2;APLN;GATA3;RELA
prerank,Negative Regulation Of Blood Vessel Endothelial Cell Migration (GO:0043537),0.5168038219607235,1.4557019806336418,0.052980132450331126,0.2983357503380927,1.0,5/29,4.12%,APOE;TGFB1;PPARG;RHOA;FGF2
prerank,Negative Regulation Of Protein K63-linked Ubiquitination (GO:1900045),0.7301758645421271,1.4556586421786812,0.0881057268722467,0.2978904238097944,1.0,1/7,1.81%,PARP10
prerank,Rap Protein Signal Transduction (GO:0032486),0.7204694785913194,1.4555378211517973,0.06904231625835189,0.29760681700538855,1.0,5/8,18.29%,RAP2B;RAP1A;RAP2A;RAP2C;SGSM3
prerank,Regulation Of T Cell Activation (GO:0050863),0.47230303978920773,1.455440594964781,0.04906542056074766,0.2972708648585554,1.0,9/45,4.41%,PYCARD;LGALS3;LAPTM5;CCL2;GPNMB;SIRPA;CD4;FCHO1;PAG1
prerank,Regulation Of Stem Cell Proliferation (GO:0072091),-0.6340479948760562,-1.4551887572950877,0.05075187969924812,0.3955838168885295,1.0,4/13,15.94%,FBLN1;EPCAM;AGO3;YAP1
prerank,Aspartate Family Amino Acid Metabolic Process (GO:0009066),-0.6806894245519561,-1.454891712412537,0.04924242424242424,0.3952469324429283,1.0,4/11,7.39%,SLC25A12;ASS1;MTHFR;GOT1
prerank,Negative Regulation Of T Cell Mediated Cytotoxicity (GO:0001915),0.7645129483156614,1.4547329341786135,0.07142857142857142,0.2981478201353631,1.0,3/6,9.02%,LILRB1;NCKAP1L;FCGR2B
prerank,Formation Of Cytoplasmic Translation Initiation Complex (GO:0001732),0.6514707705474734,1.454567322597221,0.08108108108108109,0.29796126052451755,1.0,6/11,25.30%,EIF3G;EIF3H;EIF3L;EIF3D;EIF3J;EIF3B
prerank,Regulation Of Myelination (GO:0031641),0.5298329877184335,1.454073019890223,0.04470588235294118,0.29838936509833586,1.0,7/25,3.06%,PTPRZ1;ITGAX;NKX6-2;MYRF;TYMP;TPPP;SIRT2
prerank,Endochondral Bone Morphogenesis (GO:0060350),-0.66720066848339,-1.4540585988313657,0.07393715341959335,0.3963273660704154,1.0,3/11,2.63%,FOXC1;COL13A1;SCX
prerank,Response To Histamine (GO:0034776),-0.7507856897516609,-1.4539200989860672,0.05545286506469501,0.39539557929334734,1.0,4/7,19.52%,GABRB1;GABRG2;GABRB3;DIAPH1
prerank,Cytokine-Mediated Signaling Pathway (GO:0019221),0.3766753877743104,1.453452554977207,0.005025125628140704,0.2991113202718678,1.0,30/199,6.45%,SPI1;LILRB4;LILRA2;SYK;PYCARD;CD300LF;ADIPOR1;HCK;CEBPA;TRADD;CCL2;LILRB1;PTPRJ;IL13RA1;LYN;IRF5;TMSB4X;PTPN6;P4HB;FCER1G;UGCG;CCL20;CD4;CLCF1;AKT1;MYD88;TNIP2;CCR1;TNFRSF1A;CHUK
prerank,Positive Regulation Of Type II Interferon Production (GO:0032729),0.4780489503882736,1.4532827711391214,0.03588516746411483,0.2988935832399402,1.0,14/47,11.71%,LGALS9;PYCARD;LILRB1;SLC11A1;TLR7;FADD;CD276;CD14;HSPD1;CD226;TLR3;TRIM27;IL12RB1;CD244
prerank,Polyamine Biosynthetic Process (GO:0006596),0.7418482145016188,1.4531323324762235,0.07838983050847458,0.2986725199826659,1.0,5/6,23.45%,SMOX;SRM;PAOX;SMS;SAT1
prerank,Positive Regulation Of Monocyte Chemotactic Protein-1 Production (GO:0071639),0.71584512073067,1.4530579181850247,0.06060606060606061,0.2982759149909508,1.0,3/8,6.67%,LGALS9;SYK;CD84
prerank,Regulation Of Cdc42 Protein Signal Transduction (GO:0032489),0.723837530662437,1.4525879291284,0.09513742071881606,0.29864932858099097,1.0,1/7,0.02%,APOE
prerank,Regulation Of Homotypic Cell-Cell Adhesion (GO:0034110),0.697927814592094,1.4522160449516697,0.08333333333333333,0.29882358275520987,1.0,2/9,2.73%,SYK;LYN
prerank,Positive Regulation Of Supramolecular Fiber Organization (GO:1902905),0.42528772119937625,1.4521179998148117,0.02142857142857143,0.29853758404114433,1.0,17/83,8.36%,APOE;PYCARD;CDC42EP1;PFN1;HCK;BAIAP2;BIN1;NCKAP1L;CLU;CDC42EP4;SEMA5A;ARF6;PLEK;PSRC1;MAPRE1;PROX1;PTK2B
prerank,"mRNA Cis Splicing, Via Spliceosome (GO:0045292)",0.5866328740216564,1.4517288025826738,0.07709750566893424,0.29881811770127875,1.0,10/17,23.11%,NCBP2;SNRNP200;CLNS1A;SDE2;WBP4;CWC15;DDX23;HNRNPC;DCPS;SART1
prerank,Cellular Response To Acetylcholine (GO:1905145),-0.6558737342424624,-1.451502946954804,0.07608695652173914,0.4016355203943918,1.0,10/11,34.28%,ROCK2;CHRNB2;CHRNA3;CHRND;SLURP2;LY6G6E;LYPD1;CHRM3;CHRNA7;LY6G6D
prerank,U2-type Prespliceosome Assembly (GO:1903241),0.5314447614309605,1.4507753414544418,0.06167400881057269,0.3002269858982716,1.0,6/23,10.83%,SNRPF;SNRPA1;SF3B6;SNRPB;SNRPD1;SF3A1
prerank,Regulation Of Release Of Cytochrome C From Mitochondria (GO:0090199),0.497472292391956,1.4507609675380295,0.04838709677419355,0.2997515125631966,1.0,11/37,14.04%,PYCARD;BCL2L1;CLU;NOL3;BAX;BID;BBC3;PSMD10;BMF;BAK1;TP53
prerank,Positive Regulation Of Cysteine-Type Endopeptidase Activity Involved In Apoptotic Process (GO:0043280),0.4097985951648605,1.4507010608819972,0.019656019656019656,0.29938576472397216,1.0,27/97,13.56%,LGALS9;SYK;PYCARD;CTSD;LAPTM5;PPARG;FAS;BAX;MTCH1;NLRC4;SORD;MAP3K5;FIS1;EGLN3;BCL2L13;BID;HSPD1;SNCA;BBC3;BOK;NDUFA13;BCL10;NLRP3;CASP2;HSPE1;DYNLL1;KHDC1
prerank,Chloride Transport (GO:0006821),-0.44870064202423116,-1.450260909599928,0.03260869565217391,0.40434848256756634,1.0,18/67,13.26%,GABRE;GABRB1;SLC6A1;GLRA1;ANO2;GABRG2;CLIC5;ANO10;GABRA1;SLC4A10;SLC26A7;GLRA3;GABRA3;SLC26A5;CLIC2;GABRA4;CLCN5;SLC4A1
prerank,Cellular Response To Sterol (GO:0036315),-0.6332139550118477,-1.4501224371078012,0.06329113924050633,0.4034635727477509,1.0,5/13,17.00%,PTCH1;INSIG1;DYNAP;GRAMD1C;GRAMD1A
prerank,Actin Polymerization Or Depolymerization (GO:0008154),0.4558043322480443,1.4501041896348628,0.04950495049504951,0.3000968962580103,1.0,12/52,7.57%,CAPG;PREX1;FAM107A;WAS;AIF1;SPIRE1;GAS7;CFL1;MICAL1;TWF2;WIPF1;COBL
prerank,Ras Protein Signal Transduction (GO:0007265),0.3928596650062889,1.4496564388776905,0.0049382716049382715,0.30045835696409834,1.0,29/135,10.27%,RAP2B;ARHGDIB;RHOG;TAX1BP3;PDPN;CDKN2A;ADGRG1;GNA12;CYFIP1;KPNB1;WAS;RASGEF1A;CDKN1A;AIF1;RHOA;GNB1;FGF2;NKIRAS2;NRAS;DBNL;RALGDS;CFL1;MAPKAPK5;DOK5;RAP1A;RASGRP4;RTKN;ARHGDIA;GDI1
prerank,One-Carbon Compound Transport (GO:0019755),-0.5282785360976451,-1.4496473420419729,0.04945054945054945,0.403660187242591,1.0,11/29,19.16%,HBD;SLC4A3;SLC4A10;SLC26A7;SLC26A5;HBB;SLC4A1;AQP8;CYB5R1;AQP11;CA4
prerank,Embryonic Heart Tube Morphogenesis (GO:0003143),-0.5083134778558647,-1.4494324924860056,0.044169611307420496,0.403003464921585,1.0,13/37,21.39%,RYR2;SHH;MICAL2;TBX2;CCDC39;TGFBR2;ENG;NDRG4;AHI1;DLL1;CCDC40;PKD2;ZIC3
prerank,Regulation Of Establishment Of Cell Polarity (GO:2000114),-0.6079095152704923,-1.4492312402243175,0.05204460966542751,0.4022373415158686,1.0,6/15,13.94%,CDH5;BCAS3;ROCK2;GSN;RUFY3;RIPOR2
prerank,Positive Regulation Of Bone Resorption (GO:0045780),0.6858321311412157,1.449218316618387,0.09010989010989011,0.3008305793798507,1.0,4/8,10.74%,SYK;SPP1;PLEKHM1;TNFRSF11A
prerank,Regulation Of Protein Localization To Chromatin (GO:1905634),0.7123984716453329,1.4490667058148627,0.09267241379310345,0.3006305920673717,1.0,2/8,7.62%,SPI1;SIRT6
prerank,Regulation Of Centriole Replication (GO:0046599),-0.5998327676729006,-1.448946062251504,0.05555555555555555,0.4017860875992898,1.0,6/17,16.05%,CEP295NL;CENPJ;SPICE1;MDM1;KAT2A;CEP295
prerank,Negative Regulation Of Cholesterol Storage (GO:0010887),0.680181871317266,1.4486892023909805,0.0945945945945946,0.3008722010278934,1.0,3/8,2.53%,ABCG1;TREM2;PPARG
prerank,Glutamine Family Amino Acid Catabolic Process (GO:0009065),0.6434210514817434,1.4481835405593024,0.07317073170731707,0.3012835478414185,1.0,3/12,10.07%,DDAH1;DDAH2;GLUL
prerank,Maintenance Of Apical/Basal Cell Polarity (GO:0035090),0.6950772785935624,1.4476727413295278,0.10833333333333334,0.3011930348743509,1.0,2/8,1.03%,SLC9A3R1;CRB2
prerank,Maintenance Of Epithelial Cell Apical/Basal Polarity (GO:0045199),0.6950772785935624,1.4476727413295278,0.10833333333333334,0.3011930348743509,1.0,2/8,1.03%,SLC9A3R1;CRB2
prerank,Monocarboxylic Acid Transport (GO:0015718),-0.4654914016404427,-1.4476152518221033,0.02717391304347826,0.4046569191267081,1.0,13/58,8.27%,ABCG2;SLC6A12;CRABP1;SLC16A12;SLC6A13;SLC6A11;SLC16A6;ATP8B1;SLC10A4;FABP4;SLC16A1;SLC16A14;SLC10A6
prerank,Negative Regulation Of MAP Kinase Activity (GO:0043407),0.46922586996873467,1.4468999385847316,0.03761061946902655,0.3021859044535525,1.0,10/46,6.32%,APOE;SORL1;PTPRJ;PPARG;LYN;MAPK8IP1;AGT;RGS14;CD300A;GSTP1
prerank,Type B Pancreatic Cell Proliferation (GO:0044342),-0.8181408545397288,-1.4468784450334597,0.053475935828877004,0.40552226695975874,1.0,3/5,3.98%,NKX6-1;CCN3;BTBD10
prerank,Positive Regulation Of Smooth Muscle Cell Apoptotic Process (GO:0034393),0.7144291230448597,1.4464527419153501,0.09978308026030369,0.3025904461745291,1.0,2/7,2.53%,SOD2;PPARG
prerank,Positive Regulation Of Glucose Metabolic Process (GO:0010907),0.6086128579524324,1.4463335608606804,0.08423326133909287,0.30233480228377424,1.0,5/15,9.37%,IRS2;PTPN2;AKT1;DDB1;SLC45A3
prerank,Calcium Ion Import (GO:0070509),-0.6747425987436931,-1.4461121108806705,0.07570422535211267,0.40654349845061943,1.0,4/10,5.62%,CACNB2;CACNA1D;CACNA1H;MICU1
prerank,Autophagosome Organization (GO:1905037),0.45842331816902415,1.4459941482685685,0.043478260869565216,0.3024314683842156,1.0,10/51,9.68%,RAB7A;EMC6;PACS2;GABARAPL2;RAB1B;STX12;GABARAP;NSFL1C;BECN1;RAB23
prerank,Cellular Response To Laminar Fluid Shear Stress (GO:0071499),-0.7627320395439252,-1.445897243917782,0.061507936507936505,0.40588751216810875,1.0,2/6,2.67%,KLF2;KLF4
prerank,Melanocyte Differentiation (GO:0030318),-0.6765835541119694,-1.4457501172260532,0.07011070110701106,0.405037203046537,1.0,4/10,7.24%,TYRP1;OCA2;USP13;KIT
prerank,Response To Axon Injury (GO:0048678),0.5728595393675137,1.4456424060724269,0.08421052631578947,0.30261211592217346,1.0,3/18,2.16%,TYROBP;TREM2;DPYSL3
prerank,Positive Regulation Of Isomerase Activity (GO:0010912),0.728956301817199,1.4436118952020702,0.09462365591397849,0.30620746476672406,1.0,4/7,17.35%,ITGB2;PLSCR1;ITGAM;UHRF1
prerank,Mitochondrion Distribution (GO:0048311),-0.6708876709568614,-1.4434632732063408,0.06578947368421052,0.41068725974923453,1.0,6/11,18.77%,MSTO1;TRAK2;DNM1L;ARMC1;TRAK1;ATCAY
prerank,Protein Targeting To Vacuole (GO:0006623),0.4938682525630519,1.4432657702973093,0.03205128205128205,0.30635991266608104,1.0,11/32,15.88%,RAB7A;M6PR;LAPTM5;SORL1;BECN1;VPS37D;NAGPA;HGS;VPS13D;VPS37C;AP4M1
prerank,Regulation Of Sensory Perception Of Pain (GO:0051930),-0.6592216589185685,-1.4431844203601922,0.08163265306122448,0.4102620751664673,1.0,7/11,25.09%,CCN3;TMEM100;GPR171;SPX;ATPSCKMT;ZFHX2;SCN11A
prerank,Negative Regulation Of Protein Secretion (GO:0050709),0.48780586934596376,1.4430909852171476,0.056818181818181816,0.30620948529104425,1.0,4/34,4.45%,APOE;PSMD9;ERP29;KCNJ11
prerank,Positive Regulation Of Lymphocyte Activation (GO:0051251),0.5181611956872327,1.442621278373587,0.06183368869936034,0.30661269059346663,1.0,8/29,8.39%,TYROBP;PYCARD;CCL2;SIRPA;NCKAP1L;FCHO1;TNIP2;HSPD1
prerank,Positive Regulation Of Blood Vessel Endothelial Cell Migration (GO:0043536),-0.48194514910253206,-1.4423942428977534,0.035650623885918005,0.41139693354112916,1.0,10/42,6.28%,PTGS2;FOXC2;KDR;SRPX2;RHOJ;JCAD;PLCG1;FGF18;MAP3K3;FGFR1
prerank,Sterol Metabolic Process (GO:0016125),0.46160673558461307,1.4423533216062392,0.05045871559633028,0.30662762819167155,1.0,10/47,12.89%,APOE;ABCG1;PMVK;CYP27A1;SOAT1;APOL2;CLN6;CETP;CH25H;CYP11A1
prerank,Postsynaptic Density Organization (GO:0097106),0.7330442134349275,1.4422077544211307,0.06854838709677419,0.30638819078836815,1.0,2/7,10.04%,NLGN2;NRXN2
prerank,Negative Regulation Of Extracellular Matrix Organization (GO:1903054),0.6675762243732575,1.4420996062966742,0.07983193277310924,0.30611269547762016,1.0,3/9,6.24%,TGFB1;EMILIN1;TNFRSF1A
prerank,Positive Regulation Of Vascular Permeability (GO:0043117),-0.7028584295458074,-1.441862429983886,0.08093525179856115,0.4118181617103442,1.0,4/9,6.57%,BMP6;TJP1;OCLN;PDE3A
prerank,Maintenance Of Synapse Structure (GO:0099558),-0.6661412742187697,-1.4412352158723385,0.06846846846846846,0.4124802833283196,1.0,3/10,4.23%,ERC2;ERC1;RAB3A
prerank,NADP Metabolic Process (GO:0006739),-0.5980629943392659,-1.4404750751397695,0.057971014492753624,0.41358644648761717,1.0,6/18,16.17%,FMO2;ME1;MDH1;FMO5;NOCT;KCNAB2
prerank,Positive Regulation Of Lipoprotein Lipase Activity (GO:0051006),0.7797630101667885,1.440244712549441,0.08387096774193549,0.3086016038637325,1.0,2/5,8.41%,APOC2;GPIHBP1
prerank,Positive Regulation Of Triglyceride Lipase Activity (GO:0061365),0.7797630101667885,1.440244712549441,0.08387096774193549,0.3086016038637325,1.0,2/5,8.41%,APOC2;GPIHBP1
prerank,Glomerular Epithelial Cell Development (GO:0072310),-0.8092070505407378,-1.439492114952437,0.03787878787878788,0.4151563337894147,1.0,3/5,7.04%,PODXL;JAG1;MAGI2
prerank,Positive Regulation Of Cellular Component Biogenesis (GO:0044089),0.4232169430073064,1.4389859001068608,0.024390243902439025,0.31068691635086015,1.0,22/83,13.72%,RAB7A;SYK;PFN1;LGALS3;SNF8;TGFB1;CHMP2A;SDC4;TPPP;CLU;EMILIN1;RHOC;BAX;PLEK;BID;BMF;PFN2;FNIP2;DAB2IP;HGS;FNIP1;BAK1
prerank,Negative Regulation Of Cellular Catabolic Process (GO:0031330),0.4409036971821464,1.4385071750348088,0.034722222222222224,0.31111697892328294,1.0,5/62,3.06%,APOC1;TREM2;NUPR1;SORL1;SIRT2
prerank,Positive Regulation Of Cell Junction Assembly (GO:1901890),-0.46619809581987315,-1.4383396456158788,0.03676470588235294,0.41747981710000026,1.0,11/54,9.16%,THY1;KDR;SRPX2;NELL1;NRG1;CLSTN2;SLITRK4;SFRP1;CLDN5;MYOC;CLSTN3
prerank,Embryonic Cranial Skeleton Morphogenesis (GO:0048701),-0.6097384391118852,-1.4378996049911252,0.075,0.41751560642073643,1.0,5/14,14.51%,PDGFRA;SIX1;TWIST1;TGFBR2;NIPBL
prerank,Sterol Homeostasis (GO:0055092),0.4472545272447974,1.4377209904951702,0.031476997578692496,0.31214367554413996,1.0,13/58,11.35%,APOE;ABCG1;XBP1;APOC2;NPC2;NPC1;CNBP;SOAT1;ABCD1;GPIHBP1;ABCA2;CETP;LCP1
prerank,Regulation Of Ossification (GO:0030278),-0.5125393719750464,-1.4370709015580758,0.07169117647058823,0.4187894273254202,1.0,15/32,23.00%,PTN;BMP4;NELL1;NOTUM;SFRP1;SGMS2;TWIST1;TENT5A;BMPR2;SMAD6;BMP2;TXLNG;RBPJ;S1PR1;MDK
prerank,Regulation Of Interleukin-2 Production (GO:0032663),0.46089019849119534,1.436785876923483,0.041379310344827586,0.31342435382961176,1.0,11/43,12.95%,LILRB4;HAVCR2;HOMER3;LAPTM5;EZR;CD4;CARD11;TRIM27;MAP3K7;VSIG4;RUNX1
prerank,Cell-Cell Junction Assembly (GO:0007043),-0.44961150154416485,-1.436530237243465,0.028469750889679714,0.4191018716167156,1.0,14/66,6.16%,GJB6;CDH5;PKP2;GJB2;GJC1;RAMP2;CDH18;CDH11;TJP1;CDH12;CLDN5;GJA4;CDH13;CDH6
prerank,Regulation Of Protein Localization To Nucleus (GO:1900180),0.44746574708880965,1.4360626696316432,0.030973451327433628,0.31437511515205446,1.0,7/49,5.40%,LILRB4;SUMO3;CTNNA1;OTUD7B;TGFB1;LIMK2;LAMTOR5
prerank,Fluid Transport (GO:0042044),0.6212135880091034,1.435070381897968,0.07075471698113207,0.31573238827253347,1.0,2/13,0.90%,AQP4;PDPN
prerank,Thyroid Hormone Generation (GO:0006590),-0.7317123781375036,-1.4348367320172035,0.06934306569343066,0.4231561222239332,1.0,3/7,4.91%,SLC5A5;CTSK;CPQ
prerank,Negative Regulation Of Neuroinflammatory Response (GO:0150079),0.6097505894832828,1.434700760621122,0.09956709956709957,0.31587591213972316,1.0,2/13,1.23%,TREM2;GRN
prerank,Cellular Response To Lectin (GO:1990858),0.5645993346429661,1.4329551941880858,0.07906976744186046,0.3183595336726221,1.0,3/18,2.73%,TYROBP;SYK;LYN
prerank,Stimulatory C-type Lectin Receptor Signaling Pathway (GO:0002223),0.5645993346429661,1.4329551941880858,0.07906976744186046,0.3183595336726221,1.0,3/18,2.73%,TYROBP;SYK;LYN
prerank,Polyol Metabolic Process (GO:0019751),-0.5809227641547459,-1.4328696926473075,0.08348134991119005,0.42813753679784106,1.0,4/17,11.02%,INPP5A;SYNJ1;PPIP5K2;MINPP1
prerank,Cellular Response To Histamine (GO:0071420),-0.7651817940419192,-1.4326428337270916,0.06566604127579738,0.4275332749187895,1.0,4/6,19.52%,GABRB1;GABRG2;GABRB3;DIAPH1
prerank,Negative Regulation Of Endothelial Cell Apoptotic Process (GO:2000352),-0.5317954523477192,-1.432053946646855,0.06378986866791744,0.42804281921386533,1.0,4/25,2.43%,CDH5;KDR;RAMP2;GAS6
prerank,Positive Regulation Of Cell-Matrix Adhesion (GO:0001954),-0.4888936529809086,-1.4318987774745646,0.05384615384615385,0.42723835017382816,1.0,9/39,7.15%,THY1;KDR;NELL1;NRG1;SFRP1;UTRN;CDH13;ENC1;MYOC
prerank,Positive Regulation Of Microglial Cell Migration (GO:1904141),0.7873744155484577,1.4312926762757472,0.09812108559498957,0.3210787305847863,1.0,2/5,12.17%,TREM2;P2RY12
prerank,Positive Regulation Of Cell Morphogenesis Involved In Differentiation (GO:0010770),-0.6322374823981769,-1.4310492018081933,0.08592321755027423,0.4285240560515519,1.0,3/11,13.17%,CAPRIN2;CDKL3;SS18L1
prerank,Axon Guidance (GO:0007411),-0.39740708007326075,-1.4308598619878687,0.015384615384615385,0.42776931929184675,1.0,34/140,13.67%,EPHA7;SHH;NELL1;NOTCH3;SIAH1;SEMA6C;SOS1;PLEKHG4B;KALRN;EFNA5;ARHGEF25;CDK5R1;SEMA3C;NELL2;SLIT2;NFIB;CYFIP2;RET;PLXNA2;RAC3;MYCBP2;KIF5A;EPHA6;BOC;EFNB2;CXCL12;EPHA3;LGR6;SEMA3F;TRIO;USP33;PLXNA4;CNTN4;NEO1
prerank,Endothelial Cell Migration (GO:0043542),-0.48338460873472383,-1.430552333835177,0.042328042328042326,0.4274316501038622,1.0,15/39,12.59%,CDH5;NR4A1;PRSS3;CCN3;NELL1;EGR3;CDH13;S100A12;PTP4A3;ADGRA2;DPP4;CYP1B1;ID1;EMP2;MYH9
prerank,Positive Regulation Of T Cell Receptor Signaling Pathway (GO:0050862),0.6295851964919633,1.4304387650655546,0.07484407484407485,0.32222299866120246,1.0,6/12,18.98%,RAB29;RELA;CARD11;CD226;NECTIN2;CD81
prerank,Phosphatidylinositol Metabolic Process (GO:0046488),-0.4501723198564596,-1.4292424852449135,0.03202846975088968,0.4301248308454627,1.0,14/59,15.57%,PDGFRB;CDS1;PLCG1;PITPNM2;PI4KA;PGAP3;SYNJ1;MTMR7;BMX;PGAP1;SYNJ2;PIP5K1C;MTMR6;PITPNM3
prerank,Regulation Of High Voltage-Gated Calcium Channel Activity (GO:1901841),-0.6783881175173113,-1.428859325156208,0.08022388059701492,0.43001625241191915,1.0,1/9,0.12%,CACNB2
prerank,Negative Regulation Of Epithelial Cell Proliferation (GO:0050680),0.4329513700033025,1.4285492420614432,0.033707865168539325,0.32542422724422765,1.0,14/64,12.67%,APOE;NUPR1;TGFB1;TGFB2;ALOX5;CDC73;CDKN2B;GATA3;SORD;RUNX3;SPARC;TINF2;CNMD;DAB2IP
prerank,Regulation Of Granulocyte Differentiation (GO:0030852),0.6757887589507554,1.4278694664881386,0.11337868480725624,0.3262401135403189,1.0,4/9,1.95%,HCLS1;HAX1;C1QC;EVI2B
prerank,Negative Regulation Of Cholesterol Transport (GO:0032375),0.720308591210604,1.4277590612110633,0.08478260869565217,0.32594608042408435,1.0,2/7,1.39%,APOC1;APOC2
prerank,Negative Regulation Of Monooxygenase Activity (GO:0032769),0.7553214611871576,1.4269491790649607,0.0876068376068376,0.3270699082813698,1.0,3/5,8.63%,NOSIP;GLA;SNCA
prerank,Regulation Of Extrinsic Apoptotic Signaling Pathway (GO:2001236),0.44818638202488287,1.4265657064227368,0.029953917050691243,0.3273236805179595,1.0,14/57,9.21%,LTBR;PYCARD;TNFRSF12A;LGALS3;AGT;NOL3;AKR1B1;FADD;GSTP1;BID;RELA;STX4;TGFBR1;LTB
prerank,Positive Regulation Of Interleukin-1 Beta Production (GO:0032731),0.44912820064663,1.4261433933429677,0.04291845493562232,0.3276462524675622,1.0,6/51,5.97%,TYROBP;LILRA2;LGALS9;PYCARD;MYD88;NLRC4
prerank,Negative Regulation Of Peptidyl-Serine Phosphorylation (GO:0033137),-0.5735743940541559,-1.426064308469082,0.07321428571428572,0.43760417117043365,1.0,2/19,0.92%,PDE4D;DMD
prerank,Aorta Development (GO:0035904),-0.6113635437504705,-1.4260131893889179,0.08286252354048965,0.4364334881320681,1.0,6/14,20.03%,PDGFRB;JAG1;TBX2;TGFBR2;ROBO1;PKD2
prerank,Extracellular Structure Organization (GO:0043062),-0.4259287077636276,-1.4257574385982061,0.016245487364620937,0.435882945679996,1.0,26/93,17.40%,THSD4;ADAMTS1;ADAMTS2;COL13A1;COL11A1;MATN3;ECM2;ST7;ADAMTS10;COL24A1;RECK;ADAMTS8;NF1;COL7A1;COL1A2;SMOC2;APP;ADAMTS9;COLQ;NPNT;COL1A1;COL8A1;COL3A1;COL16A1;COL5A1;ADAMTS12
prerank,Calcium Ion Import Across Plasma Membrane (GO:0098703),-0.5188285551857259,-1.425629270833886,0.046125461254612546,0.4350364210486082,1.0,12/31,15.15%,SCN8A;TRPV5;CACNA1D;CACNA1H;CACNA1B;CACNA2D1;SCN9A;SLC8A2;CACNA1C;TRPV1;TRPM1;SCN7A
prerank,Cellular Response To Organonitrogen Compound (GO:0071417),0.40849618566275436,1.4255784244071577,0.02546296296296296,0.3282457519843898,1.0,19/95,12.17%,AQP1;CTNNA1;XBP1;CIB2;EZR;CPEB4;SHMT1;P2RY11;CLU;LAMTOR4;LAMTOR5;KCNQ1;RELA;LAMTOR2;RAP1A;HCN3;GOLPH3;MEF2C;P2RY12
prerank,Positive Regulation Of Epithelial Cell Proliferation (GO:0050679),-0.4096274069236085,-1.4254803057659864,0.025362318840579712,0.4341498587415503,1.0,22/107,11.14%,BMP6;FGF10;PTN;KDR;NR4A1;NR4A3;BMP4;NELL1;PTPRN;BMP5;SFRP1;NELL2;EGFR;EGR3;FLT4;CDH13;LAMC1;FGF9;STXBP4;EGFL7;OSR2;BMPR2
prerank,Negative Regulation Of Lipid Storage (GO:0010888),0.5698335429168087,1.4254391132894773,0.06904761904761905,0.3280202611506615,1.0,4/17,3.83%,ABCG1;TREM2;PPARG;PTPN2
prerank,Regulation Of T Cell Proliferation (GO:0042129),0.44439056982631686,1.4248965809521768,0.04838709677419355,0.3286304227389212,1.0,10/59,8.01%,LILRB4;LGALS3;GPNMB;LILRB1;NCKAP1L;SDC4;CEBPB;DLG5;CD276;CD6
prerank,Cardiac Ventricle Morphogenesis (GO:0003208),-0.5004630939181326,-1.4248822549903057,0.06216696269982238,0.43466867322641145,1.0,11/34,11.43%,PKP2;TPM1;TNNT2;BMP4;HEYL;JAG1;TGFBR3;ISL1;SFRP2;TGFBR2;ENG
prerank,Regulation Of Small GTPase Mediated Signal Transduction (GO:0051056),-0.4081845052212087,-1.4248607018543555,0.014388489208633094,0.4334295852060446,1.0,30/113,14.54%,ARHGAP29;PLEKHG1;PLCE1;ARHGAP20;PLEKHG4B;KALRN;ARHGAP44;ARHGEF25;CGNL1;FAM13A;FGD5;SLIT2;RHOD;MCF2;ARHGAP28;MYO9A;ARHGEF28;MCF2L;OBSCN;ARHGEF1;ARHGEF11;MRAP;ECT2;ITSN1;ARHGEF12;TRIO;ARHGAP12;SYDE1;RHOF;FAM13B
prerank,N-acylphosphatidylethanolamine Metabolic Process (GO:0070292),0.7077081959423125,1.42409193561204,0.10643015521064302,0.3297153351745995,1.0,4/7,22.72%,PLAAT4;PLAAT5;NAAA;PLAAT3
prerank,Positive Regulation Of Proteolysis Involved In Protein Catabolic Process (GO:1903052),0.5032897727125001,1.4240733448799383,0.06178489702517163,0.3292459983881321,1.0,9/29,12.67%,TREM2;NUPR1;LAPTM5;CLU;PTK2;PSMC3;CTSC;PSMC5;DAB2IP
prerank,Regulation Of Oxidative Stress-Induced Neuron Intrinsic Apoptotic Signaling Pathway (GO:1903376),0.7695489963547966,1.423970422429473,0.09050772626931568,0.3289346388106297,1.0,1/5,0.50%,TREM2
prerank,Neutrophil Degranulation (GO:0043312),0.7727802797233321,1.4239550757926047,0.11208791208791209,0.32846981590671903,1.0,2/5,7.04%,STXBP2;VAMP8
prerank,Neurotransmitter Transport (GO:0006836),-0.47526625017647023,-1.4238399643675284,0.05226480836236934,0.43547085979072425,1.0,19/46,16.23%,SLC18A3;SLC22A2;PTPRN2;SYT1;SLC1A2;SLC6A15;SYNJ1;SNAP25;SLC22A3;CHAT;SLC5A7;SNPH;SYN3;SYN1;BRSK1;LIN7A;STXBP1;PPFIA3;STXBP3
prerank,Signal Peptide Processing (GO:0006465),0.6331974193401844,1.4231859015086596,0.09401709401709402,0.32957429647880315,1.0,4/11,16.65%,SEC11C;IMMP1L;SEC11A;PARL
prerank,Response To Exogenous dsRNA (GO:0043330),0.5474599537896487,1.4226976217481537,0.07291666666666667,0.3300354694858225,1.0,11/19,26.49%,RFTN1;COLEC12;TLR3;MAVS;ZCCHC3;PQBP1;TICAM1;IFIH1;IFIT1;SLC3A2;RALB
prerank,Hexose Biosynthetic Process (GO:0019319),0.5018660940366952,1.4220562864875355,0.052854122621564484,0.33078968731865127,1.0,11/31,10.34%,SLC39A14;PGM1;ENO1;FBP1;PCK2;ATF4;PGAM2;SORD;SLC25A10;G6PC3;CRTC2
prerank,Positive Regulation Of Pathway-Restricted SMAD Protein Phosphorylation (GO:0010862),-0.4831456566342259,-1.4218585819072216,0.043859649122807015,0.4403717202477899,1.0,13/41,13.15%,BMP6;RBPMS;TNXB;BMP4;BMP5;LEFTY2;SMAD4;GDF9;BMP3;BMPR2;TGFBR2;ENG;GDF5
prerank,Positive Regulation Of Natural Killer Cell Activation (GO:0032816),0.6265567858136893,1.4216198473985848,0.10444444444444445,0.33116991856621114,1.0,3/12,5.33%,TYROBP;LAMP1;FCGR3A
prerank,Protein Localization To Vacuole (GO:0072665),0.6112636977274538,1.4211572304450308,0.09555555555555556,0.3316191441843363,1.0,7/13,26.67%,LAMTOR4;MFSD1;LAMTOR5;GLMP;CD81;GBP1;LMBRD1
prerank,Neuron Fate Specification (GO:0048665),-0.7797690815765526,-1.4211375929214178,0.06476190476190476,0.44126859238783794,1.0,3/5,16.76%,MNX1;ISL1;DLL1
prerank,Protein Kinase A Signaling (GO:0010737),0.6281379380366515,1.4205298771047157,0.1315240083507307,0.332363793851849,1.0,2/12,1.60%,RAB13;EZR
prerank,Mitochondrial Transport (GO:0006839),0.45494287415683277,1.4203645929093034,0.05502392344497608,0.3321766413681268,1.0,10/47,15.08%,TOMM7;TSPO;BCL2L1;FIS1;SLC25A24;TIMM10;TIMM17B;TIMM13;BAK1;TOMM20
prerank,Depyrimidination (GO:0045008),0.722299686332818,1.4202369622837352,0.07606263982102908,0.33191470784875454,1.0,3/7,8.89%,UNG;NEIL2;SMUG1
prerank,Regulation Of Voltage-Gated Sodium Channel Activity (GO:1905150),-0.7905471026222078,-1.4202364545490362,0.05451127819548872,0.4426971154411881,1.0,5/5,20.98%,GRP;SLMAP;FGF12;FGF14;FGF13
prerank,Negative Regulation Of Leukocyte Apoptotic Process (GO:2000107),0.6376443829865907,1.4198336120807826,0.09433962264150944,0.3321985806872423,1.0,4/11,5.26%,HCLS1;LILRB1;MERTK;IRF7
prerank,Positive Regulation Of Cytoskeleton Organization (GO:0051495),0.4264930712875534,1.4198082432877956,0.04878048780487805,0.331750519629595,1.0,17/71,12.00%,PYCARD;CDC42EP1;PFN1;HCK;BAIAP2;BIN1;NCKAP1L;CDC42EP4;SEMA5A;ARF6;PLEK;PROX1;PTK2B;PFDN2;NES;SCIN;PFN2
prerank,Regulation Of Natural Killer Cell Mediated Cytotoxicity Directed Against Tumor Cell Target (GO:0002858),0.7394255009590895,1.4192046259530255,0.10304449648711944,0.33243626523547126,1.0,2/6,15.32%,TGFB1;NECTIN2
prerank,Regulation Of T Cell Differentiation In Thymus (GO:0033081),-0.6448440721676633,-1.4187615601091819,0.08687615526802218,0.4462243244299978,1.0,5/12,13.64%,SHH;BMP4;CAMK4;TOX;ZC3H8
prerank,Protein Ufmylation (GO:0071569),0.7694548373332768,1.418545965026161,0.10329670329670329,0.3332331885963458,1.0,4/5,17.31%,UFC1;DDRGK1;UBA5;UFL1
prerank,Cellular Modified Amino Acid Biosynthetic Process (GO:0042398),0.7130329076876071,1.418204724885073,0.07727272727272727,0.33340391237327155,1.0,3/7,15.95%,PLOD2;PLSCR1;SLC27A1
prerank,Sympathetic Nervous System Development (GO:0048485),-0.6231685376507918,-1.4180124772082168,0.0962566844919786,0.44720625737404773,1.0,5/12,12.38%,NELL1;NELL2;NF1;CTNNB1;SEMA3F
prerank,Regulation Of Amyloid Fibril Formation (GO:1905906),0.587717102205201,1.4174175891120888,0.08189655172413793,0.33446468093390186,1.0,4/14,10.09%,TREM2;CRYAB;CLU;PFDN2
prerank,Cellular Response To UV (GO:0034644),0.4268073907736429,1.4172590177052529,0.045454545454545456,0.3342493413361374,1.0,9/72,8.05%,AQP1;USP47;YY1;CDKN1A;INO80;ATF4;DDB1;SDE2;PARP1
prerank,Sequestering Of Extracellular Ligand From Receptor (GO:0035581),-0.6785498263476577,-1.416393652822669,0.07360861759425494,0.4509412581716788,1.0,3/9,6.79%,NBL1;GREM2;LTBP1
prerank,Peptide Hormone Secretion (GO:0030072),-0.5604554854610989,-1.4163343274549494,0.06871609403254973,0.44981989487039714,1.0,5/21,11.64%,EDN3;PTPRN;IL6;RIMS2;CAMK2G
prerank,Cell Communication By Electrical Coupling Involved In Cardiac Conduction (GO:0086064),-0.5998218735061123,-1.416008149435992,0.0931098696461825,0.44957643637182537,1.0,7/15,12.72%,PKP2;RYR2;GJC1;CACNA1C;ATP1A2;GJA5;ATP1A3
prerank,DNA Methylation-Dependent Heterochromatin Formation (GO:0006346),0.780787790366263,1.4159386704707373,0.09533898305084745,0.336277042008869,1.0,4/5,21.41%,TEX15;HELLS;MBD3;MBD2
prerank,Positive Regulation Of Reactive Oxygen Species Biosynthetic Process (GO:1903428),0.6346210112131005,1.41576352030855,0.09433962264150944,0.33610313600682923,1.0,2/11,5.57%,CYBA;RAB27A
prerank,Positive Regulation Of miRNA Metabolic Process (GO:2000630),0.4648147389069501,1.4155043157072646,0.0518018018018018,0.3361017259179873,1.0,9/44,8.10%,SPI1;TGFB1;PPARG;TGFB2;SREBF1;FGF2;APLN;GATA3;RELA
prerank,Osmosensory Signaling Pathway (GO:0007231),0.7593485814707097,1.415250875755216,0.09071274298056156,0.3360985125221256,1.0,2/5,11.11%,PYCARD;NLRP3
prerank,Purine Deoxyribonucleotide Catabolic Process (GO:0009155),0.7653303085468414,1.4150777402161083,0.08609271523178808,0.33597077552680604,1.0,3/5,14.99%,NUDT16;NUDT18;SAMHD1
prerank,Ephrin Receptor Signaling Pathway (GO:0048013),-0.4720370539717618,-1.4149338186670268,0.04886561954624782,0.45176422211121886,1.0,10/43,10.59%,EPHA7;KALRN;PAK3;EFNA5;CDK5R1;EPHA6;EFNB2;ARHGEF28;EPHA3;ANKS1B
prerank,Regulation Of Phospholipase C Activity (GO:1900274),-0.6468917091777018,-1.414715616729824,0.09836065573770492,0.4511569823784152,1.0,4/11,7.24%,PDGFRA;PDGFRB;FGFR1;KIT
prerank,Positive Regulation Of Fibroblast Apoptotic Process (GO:2000271),-0.7433712244535022,-1.414555337805849,0.0695970695970696,0.4503703846260074,1.0,4/6,20.17%,TP63;SFRP1;STK17A;PRDM11
prerank,Negative Regulation Of Proteolysis (GO:0045861),0.4970430108722976,1.4144315751091299,0.07366071428571429,0.33675710106606677,1.0,6/34,9.06%,CTSB;CSTA;BAG6;AKT1;CLN3;SNX12
prerank,Negative Regulation Of Receptor-Mediated Endocytosis (GO:0048261),0.5235648948443273,1.4142152206243845,0.0684931506849315,0.33670973728513515,1.0,4/26,6.55%,APOC1;APOC2;ANKRD13B;ARF6
prerank,Melanin Biosynthetic Process (GO:0042438),-0.7289490286503281,-1.4132632790870072,0.08455882352941177,0.4530599987443746,1.0,2/7,5.46%,TYRP1;OCA2
prerank,Negative Regulation Of Peptidase Activity (GO:0010466),0.4922819510495527,1.4132458790807325,0.06823027718550106,0.33813765463773277,1.0,9/39,9.74%,SERPINA1;CTSB;CRB2;CSTA;AKT1;UBXN1;SERPINB6;SERPINA3;SERPINB1
prerank,Negative Regulation Of Intracellular Estrogen Receptor Signaling Pathway (GO:0033147),-0.6930797043396781,-1.4132202565925351,0.07243816254416961,0.4519183883326264,1.0,5/9,8.68%,KANK2;ZNF366;VPS11;ISL1;STRN3
prerank,Regulation Of Microglial Cell Migration (GO:1904139),0.7362707116830975,1.413056858809106,0.11715481171548117,0.33799867311275017,1.0,3/6,18.07%,TREM2;P2RY12;CX3CR1
prerank,Regulation Of Protein Catabolic Process (GO:0042176),0.390844064114613,1.4129097678976843,0.015555555555555555,0.3377759078477037,1.0,21/110,13.81%,APOE;RAB7A;EZR;TNFSF13B;SORL1;SNF8;GFAP;SIRT2;PSME2;OAZ2;RGP1;APC2;DDB1;PSME1;SNX12;NDUFA13;DAB2IP;TNFSF12;PSMD14;HGS;WDR91
prerank,Regulation Of Calcium Ion Transmembrane Transport Via High Voltage-Gated Calcium Channel (GO:1902514),-0.6789230798239225,-1.4127674545596915,0.07846715328467153,0.45202138192621694,1.0,2/9,6.45%,CACNB2;CACNA2D1
prerank,Water Transport (GO:0006833),0.6129038389111625,1.412206668962608,0.09048723897911833,0.33860738475013696,1.0,2/12,0.90%,AQP4;PDPN
prerank,Positive Regulation Of Pseudopodium Assembly (GO:0031274),0.6848240969307982,1.4115533454424996,0.10961968680089486,0.339005611982358,1.0,2/8,4.08%,CDC42EP1;CDC42EP4
prerank,Regulation Of Pseudopodium Assembly (GO:0031272),0.6848240969307982,1.4115533454424996,0.10961968680089486,0.339005611982358,1.0,2/8,4.08%,CDC42EP1;CDC42EP4
prerank,Nucleotide-Sugar Biosynthetic Process (GO:0009226),0.5814792892719516,1.4113615056052873,0.08609271523178808,0.33886459400880886,1.0,6/15,12.56%,UAP1L1;GFPT2;NANS;PMM1;GNPDA1;PGM3
prerank,Cholesterol Metabolic Process (GO:0008203),0.44835112277906863,1.4112757477595304,0.02570093457943925,0.3385355018231698,1.0,12/54,12.89%,APOE;ABCG1;PMVK;CYP27A1;SOAT1;APOL2;CLN6;G6PD;CETP;SNX17;CH25H;CYP11A1
prerank,Regulation Of Resting Membrane Potential (GO:0060075),0.7543894916541662,1.411203138055687,0.12943632567849686,0.3381505600847415,1.0,1/5,0.50%,TREM2
prerank,Bundle Of His Cell To Purkinje Myocyte Communication (GO:0086069),-0.717582059100977,-1.4107191948037066,0.06338028169014084,0.4575090730759194,1.0,5/7,17.14%,DSP;PKP2;GJA5;DSG2;JUP
prerank,Cellular Response To Topologically Incorrect Protein (GO:0035967),0.5326237087751406,1.410421321415834,0.08908685968819599,0.33919577188618877,1.0,7/22,14.54%,HSPB8;BAX;PTPN1;TM7SF3;DAB2IP;BAK1;TMBIM6
prerank,Cytochrome Complex Assembly (GO:0017004),0.7089611959817201,1.4097009293226412,0.12080536912751678,0.3401688693909591,1.0,1/7,0.11%,CYBA
prerank,Regulation Of Smooth Muscle Contraction (GO:0006940),-0.5552445638355791,-1.409620546941799,0.09328358208955224,0.4596970403836175,1.0,7/20,17.97%,PLCE1;CHRM2;PROK2;CHRNA3;NMU;CAV1;ATP2B1
prerank,Positive Regulation Of Extracellular Matrix Disassembly (GO:0090091),0.7104293301616478,1.4084555017726599,0.10947368421052632,0.3421007855572374,1.0,4/7,9.11%,PDPN;DDR2;MELTF;FSCN1
prerank,snRNA Transcription By RNA Polymerase III (GO:0042796),-0.7334702297472491,-1.4083946574773776,0.0737410071942446,0.46246386226410935,1.0,4/6,15.09%,SNAPC3;ICE2;ZC3H8;SNAPC1
prerank,Aerobic Electron Transport Chain (GO:0019646),0.4314246810800437,1.4081234198836643,0.032036613272311214,0.34226891360002754,1.0,24/62,22.84%,NDUFS6;COX7C;NDUFA1;COX7A2;UQCR11;NDUFS5;UQCC3;SDHA;NDUFA3;NDUFB6;COX8A;NDUFS4;NDUFS7;NDUFB5;NDUFA2;UQCRB;NDUFC2;NDUFA9;NDUFB7;COX5B;COX4I1;NDUFC1;UQCR10;NDUFAB1
prerank,Positive Regulation Of Mast Cell Degranulation (GO:0043306),0.6730257065739325,1.4081070070999009,0.10457516339869281,0.3418002474504329,1.0,2/8,7.04%,SYK;VAMP8
prerank,Nucleobase Biosynthetic Process (GO:0046112),0.7350824113081507,1.4080890207288304,0.09243697478991597,0.3413417498586461,1.0,3/6,5.14%,SHMT2;SHMT1;CTPS2
prerank,Macromolecule Catabolic Process (GO:0009057),0.4132898949533079,1.4074397384512767,0.03686635944700461,0.34215172648294534,1.0,20/79,13.50%,TPP1;TGFB1;RNASE6;RNASET2;PPP1R8;MVB12A;EXOSC4;REXO4;USE1;LGMN;BECN1;CLN6;SLC16A3;PPT1;XRN2;APEX1;EXOSC7;EXOSC6;DAB2IP;DNASE1L2
prerank,Cardiac Left Ventricle Morphogenesis (GO:0003214),-0.6464164232085257,-1.4069730328482657,0.09689213893967093,0.4659673519573141,1.0,4/11,11.22%,RYR2;SMAD4;SFRP2;TGFBR2
prerank,Negative Regulation Of Protein Kinase Activity (GO:0006469),0.41392299953509404,1.4068712701380286,0.03365384615384615,0.34275226523750535,1.0,20/78,10.23%,LILRB4;PYCARD;CORO1C;SFN;SORL1;CDKN1A;SLC8A1;AKT1S1;TRIB3;AKT1;PTPRO;GSTP1;DTNBP1;GADD45A;PTPN1;SNCA;TRIM27;DUSP3;DVL1;ADAR
prerank,Tight Junction Assembly (GO:0120192),-0.4846294593528432,-1.4068204114484064,0.050434782608695654,0.46520608065393576,1.0,13/39,15.06%,CDH5;PARD3;RAMP2;ESAM;OCLN;CLDN5;PDCD6IP;MARVELD3;LSR;MARVELD2;ECT2;FRMPD2;CLDN12
prerank,Positive Regulation Of Fibroblast Migration (GO:0010763),0.6993328930200102,1.4066053071801536,0.10762331838565023,0.34278679725284933,1.0,3/7,6.30%,DDR2;TGFB1;PTK2
prerank,"DNA Damage Response, Signal Transduction By P53 Class Mediator Resulting In Cell Cycle Arrest (GO:0006977)",0.5717945289945285,1.4065140899287591,0.10672853828306264,0.34248351377576725,1.0,5/15,16.70%,CDKN1A;MUC1;CASP2;TP53;CDKN1B
prerank,Peptidyl-Proline Hydroxylation (GO:0019511),0.6327307996213195,1.4058636744965367,0.11013215859030837,0.343311602129086,1.0,5/10,15.40%,P4HB;EGLN1;EGLN3;P3H2;OGFOD1
prerank,Regulation Of T Cell Cytokine Production (GO:0002724),0.573412824795246,1.405453504364636,0.10367170626349892,0.3436574859734828,1.0,1/14,0.10%,LILRB4
prerank,Cellular Response To Reactive Oxygen Species (GO:0034614),0.4215138284442171,1.4054179959106132,0.029978586723768737,0.34321836483287804,1.0,14/67,11.01%,AQP1;SIRPA;MPV17;PEX5;CLU;PEX10;AKT1;MPV17L2;CHUK;MAP3K5;RELA;ROMO1;PRKCD;ZNF580
prerank,Endocardial Cushion Morphogenesis (GO:0003203),-0.5516357398614975,-1.4051827011227491,0.0852994555353902,0.4692918488154,1.0,7/20,11.43%,BMP4;HEYL;TBX2;ISL1;MDM4;TGFBR2;ENG
prerank,rRNA Metabolic Process (GO:0016072),0.42974130960928886,1.4048751307295475,0.045871559633027525,0.34388697291701414,1.0,25/66,22.41%,DKC1;UTP20;DDX54;EXOSC4;TRIR;WDR18;RRP7A;EBNA1BP2;XRN2;DCAF13;MRTO4;PELP1;EXOSC7;EXOSC6;PES1;SPIN1;NOC4L;FBL;EXOSC3;SIRT7;BYSL;NOB1;NOP53;WDR74;ESF1
prerank,Negative Regulation Of Interleukin-10 Production (GO:0032693),0.6084802950639485,1.4048565189430162,0.11547344110854503,0.34342620281078934,1.0,3/12,2.12%,LILRB4;TYROBP;LILRB1
prerank,Positive Regulation Of Transferase Activity (GO:0051347),0.38392894763058294,1.4046850099749546,0.014925373134328358,0.34327727239812633,1.0,17/128,4.98%,APOE;DDR1;TSPO;TREM2;CD74;PLAAT4;DDR2;SORL1;TGFB1;MERTK;TYRO3;UBE2I;AGT;CD4;DKC1;TNIP1;TRIB3
prerank,Ruffle Assembly (GO:0097178),0.7644091507088905,1.4045967184850459,0.1101511879049676,0.34294515449851115,1.0,2/5,12.06%,ARF6;AIF1L
prerank,Cholesterol Homeostasis (GO:0042632),0.43749398927940775,1.4045323406354,0.05476190476190476,0.34257247592854145,1.0,12/57,11.35%,APOE;ABCG1;XBP1;APOC2;NPC2;NPC1;CNBP;SOAT1;GPIHBP1;ABCA2;CETP;LCP1
prerank,Mitochondrial ATP Synthesis Coupled Electron Transport (GO:0042775),0.4264891900605395,1.4042888022446067,0.04943820224719101,0.34255668031683656,1.0,24/63,22.84%,NDUFS6;COX7C;NDUFA1;COX7A2;UQCR11;NDUFS5;UQCC3;SDHA;NDUFA3;NDUFB6;COX8A;NDUFS4;NDUFS7;NDUFB5;NDUFA2;UQCRB;NDUFC2;NDUFA9;NDUFB7;COX5B;COX4I1;NDUFC1;UQCR10;NDUFAB1
prerank,Plus-End-Directed Organelle Transport Along Microtubule (GO:0072386),-0.7851091910351509,-1.4041360946083294,0.06806282722513089,0.47131309147348016,1.0,2/5,9.45%,KIFAP3;KIF3A
prerank,Regulation Of Bicellular Tight Junction Assembly (GO:2000810),-0.5946712892123703,-1.4040012222982603,0.07865168539325842,0.470470950741834,1.0,4/15,6.85%,TJP1;ROCK2;CLDN5;MYO1C
prerank,Macromolecule Biosynthetic Process (GO:0009059),0.45078248030558116,1.4039081739920953,0.046296296296296294,0.34279102398324557,1.0,17/53,18.47%,APOE;RRBP1;EEF1B2;SLC11A1;INHBA;TNIP1;TUFM;B4GALT5;GAL3ST4;GOLPH3;POLD2;PABPC4;POLL;GCNT1;GSPT2;HBS1L;EEF2
prerank,Intermediate Filament Organization (GO:0045109),-0.5374370104377507,-1.4037487101045556,0.07509157509157509,0.4699125753696792,1.0,4/25,3.88%,DSP;PKP2;NEFL;KRT16
prerank,Regulation Of Autophagy Of Mitochondrion (GO:1903146),0.5507551648916299,1.403635878356491,0.08351648351648351,0.34283868723394517,1.0,3/18,4.26%,HAX1;SREBF1;FKBP8
prerank,Positive Regulation Of Lipoprotein Particle Clearance (GO:0010986),0.7573668224434376,1.4031022424376383,0.12368972746331237,0.34336433720409804,1.0,2/5,8.41%,TREM2;GPIHBP1
prerank,L-serine Metabolic Process (GO:0006563),0.6636236058639287,1.4029937588163104,0.11059907834101383,0.3430881737878832,1.0,3/9,3.06%,SDS;SHMT2;SHMT1
prerank,Pulmonary Valve Morphogenesis (GO:0003184),-0.5691462639337441,-1.4029521594651744,0.10106382978723404,0.47113832406729,1.0,8/17,16.74%,BMP4;HEYL;JAG1;SLIT2;STRA6;GJA5;SMAD6;ROBO1
prerank,Response To Leptin (GO:0044321),-0.7229750300842834,-1.4027710771836057,0.08178438661710037,0.47048638093781214,1.0,3/7,10.67%,LEPR;NR4A3;NR1D1
prerank,Negative Regulation Of Platelet Activation (GO:0010544),0.5743174561073938,1.4026270338125726,0.0853932584269663,0.34328784354053143,1.0,3/15,5.90%,APOE;CD9;PDGFA
prerank,Positive Regulation Of Protein Serine/Threonine Kinase Activity (GO:0071902),-0.4031637664054031,-1.4023408992589672,0.024305555555555556,0.47057141491894555,1.0,18/109,8.63%,CEMIP;NTRK3;PDGFRB;PDGFD;ADRA2A;TPD52L1;EDN3;FGF18;EGFR;IFNG;INSR;FGFR1;ELANE;S100A12;NEK10;KIT;SLC8A2;RPTOR
prerank,Positive Regulation Of Leukocyte Proliferation (GO:0070665),0.5835258371562295,1.401578462806887,0.09719222462203024,0.34483471257002063,1.0,6/14,17.34%,LYN;PTK2;NMB;IL34;CSF1R;CSF2RB
prerank,Thymus Development (GO:0048538),-0.6291847024263679,-1.4009483672907292,0.11213235294117647,0.4736963270314945,1.0,3/12,3.51%,FGF10;SHH;SIX1
prerank,Folic Acid Metabolic Process (GO:0046655),0.6066331160086993,1.4001948102087647,0.11320754716981132,0.3470150635072614,1.0,3/12,3.06%,MTHFD2;SHMT2;SHMT1
prerank,Regulation Of Epidermis Development (GO:0045682),0.7078343622222143,1.4000804715920592,0.09843400447427293,0.346760909038298,1.0,3/7,13.80%,SGPP1;MAFG;NME2
prerank,Endocytosis (GO:0006897),0.3666774171617789,1.399952202131241,0.01256281407035176,0.3465245262362884,1.0,29/180,10.19%,APOE;RAB7A;M6PR;DNER;ITGB2;MSR1;HEATR5A;CORO1C;SORL1;BIN1;DPYSL2;MERTK;TYRO3;CORO1A;SLC11A1;EHD4;EPN1;MYD88;CXCL16;ANXA11;CD14;MESD;ARHGAP27;PPT1;CLN3;FCGR2B;RINL;CLINT1;PLD4
prerank,"Regulation Of Wound Healing, Spreading Of Epidermal Cells (GO:1903689)",-0.7102926079106622,-1.3998200240479337,0.09695817490494296,0.47608387123498286,1.0,3/7,16.73%,PHLDB2;FERMT1;CLASP2
prerank,Chondrocyte Differentiation (GO:0002062),-0.5142714891227858,-1.3992069764312318,0.0868824531516184,0.47671547122735364,1.0,10/29,11.14%,SLC26A2;CCN3;BMP4;SCX;NFIB;HES5;WNT2B;SULF2;OSR2;BMPR2
prerank,Protein Insertion Into Mitochondrial Membrane (GO:0051204),0.495656508795403,1.3991969759754737,0.08,0.3474399455733497,1.0,11/27,20.36%,TOMM7;MTCH1;TIMM10;ROMO1;NDUFA13;MTCH2;TIMM13;TOMM20;HSPA4;TRMT10B;TIMM8B
prerank,Platelet Activating Factor Metabolic Process (GO:0046469),0.725796994879808,1.3986847028784795,0.12280701754385964,0.3479667782650514,1.0,1/6,0.10%,PLA2G7
prerank,Positive Regulation Of Smooth Muscle Cell Migration (GO:0014911),-0.5752421291964174,-1.3986150208553159,0.09706959706959707,0.47725921684675976,1.0,5/16,7.86%,PDGFRB;NR4A3;NELL1;CCN4;FGF9
prerank,Amino-Acid Betaine Transport (GO:0015838),-0.7420886337122448,-1.398325780269577,0.09496124031007752,0.4769515374780701,1.0,2/6,0.50%,SLC6A12;SLC6A20
prerank,Negative Regulation Of Cell Cycle G2/M Phase Transition (GO:1902750),0.7206476522217169,1.3980306950604784,0.10888888888888888,0.3488249476085096,1.0,1/6,1.17%,USP47
prerank,Embryonic Hemopoiesis (GO:0035162),-0.6266917073603536,-1.397193248100819,0.08499095840867993,0.47945844603897647,1.0,7/11,31.16%,KDR;KIT;TGFBR2;KMT2A;TAL1;SH2B3;THPO
prerank,Regulation Of Neurotransmitter Transport (GO:0051588),-0.5718513615371302,-1.3968106331623316,0.08394160583941605,0.4795084326644661,1.0,9/18,17.65%,RIMS1;OTOF;CPLX1;SNCAIP;FMR1;SYN1;MCTP1;MCTP2;CPLX2
prerank,Serotonin Uptake (GO:0051610),-0.7147286096802009,-1.3962787188604293,0.08880994671403197,0.4787075618329184,1.0,3/7,6.72%,SLC18A3;SLC22A2;SLC22A3
prerank,Neurotransmitter Reuptake (GO:0098810),-0.7147286096802009,-1.3962787188604293,0.08880994671403197,0.4787075618329184,1.0,3/7,6.72%,SLC18A3;SLC22A2;SLC22A3
prerank,Positive Regulation Of Extrinsic Apoptotic Signaling Pathway Via Death Domain Receptors (GO:1902043),-0.7642974409438434,-1.3961325706298227,0.08785046728971962,0.47793785731761024,1.0,2/5,5.51%,SFRP1;TIMP3
prerank,Regulation Of Cellular Component Size (GO:0032535),0.46086520570448075,1.3959479201222513,0.0625,0.35253113509517414,1.0,7/42,5.40%,SLC9A3R1;EZR;VAV1;BLOC1S1;LAMTOR4;PEX11G;LAMTOR5
prerank,Positive Regulation Of Biosynthetic Process (GO:0009891),0.45748927818265117,1.3957419240566662,0.06378132118451026,0.3524373179847656,1.0,5/42,5.57%,APOE;CYBA;TGFB1;AKT1;RAB27A
prerank,Positive Regulation Of ERK1 And ERK2 Cascade (GO:0070374),0.3785029385089059,1.3950068959676711,0.012254901960784314,0.35348006227581497,1.0,25/150,8.45%,APOE;CD44;DDR1;LGALS9;TREM2;CD74;PYCARD;ARRB2;DDR2;CHI3L1;CCL2;GLIPR2;TGFB1;SCIMP;GPNMB;CCL20;CD4;FGF2;PHB2;PDGFA;CCR1;DSTYK;CIB1;PTK2B;C5AR1
prerank,Extrinsic Apoptotic Signaling Pathway (GO:0097191),0.4283827791617076,1.394292150305249,0.04434589800443459,0.35447936047216067,1.0,25/63,14.69%,TRADD;TGFB1;BCL2L1;TGFB2;INHBA;GABARAP;HIPK1;BCL2A1;FAS;BAX;FADD;TNFRSF1A;BID;CIB1;TLR3;BOK;DEDD;ERBB3;TNFRSF10B;CASP2;DAB2IP;TNFSF12;BAK1;SIVA1;BCL2L2
prerank,Cellular Response To Glucose Starvation (GO:0042149),0.4591260628749137,1.3938671214788172,0.0651685393258427,0.3548165630787249,1.0,11/38,18.49%,XBP1;PLIN3;CPEB4;ATF4;RRP8;BECN1;IFI16;TP53;TBL2;MTMR3;PICK1
prerank,"Protein Import Into Peroxisome Matrix, Receptor Recycling (GO:0016562)",0.7283302035418098,1.3938032845074524,0.10467706013363029,0.3544371938442987,1.0,5/6,23.90%,PEX5;PEX10;PEX2;PEX12;PEX6
prerank,Negative Regulation Of Phosphate Metabolic Process (GO:0045936),0.538994076513375,1.3937826346682598,0.10151187904967603,0.3539916233547469,1.0,5/19,6.60%,CDKN2A;CDKN1A;INHBA;CDKN2B;PLEK
prerank,Cilium Assembly (GO:0060271),-0.36658769480153935,-1.3933882307436907,0.004658385093167702,0.48554907445760753,1.0,93/217,32.77%,FAM161A;CEP126;CDC14A;INTU;PIBF1;CFAP206;IFT80;CPLANE1;BBS9;IFT81;CENPJ;WDPCP;RPGRIP1L;CFAP54;CFAP70;CCDC39;GALNT11;IFT88;KIF3A;DYNC2H1;WDR19;FLNA;TTC26;TTLL3;GSN;KIF27;ARMC9;SNX10;ARL6;TTBK2;UBXN10;CEP83;PCNT;CEP164;IFT57;CFAP221;TTC30A;DNMBP;CFAP46;AHI1;SEPTIN6;CFAP58;RSPH4A;CCDC40;CC2D2A;TEKT2;CCDC13;EHD1;IFT27;SCLT1;CEP290;STK36;CFAP20;WDR54;TMEM216;RP1L1;TTC21B;GORAB;ACTR2;SPAG17;IQCB1;RFX3;TMEM67;RPGR;AVIL;BBS5;CCDC66;TCTN1;DZIP1L;CCDC57;TMEM250;MBD1;B9D1;UNC119B;CFAP74;HSPB11;CDC14B;IFT172;ATAT1;RSPH9;NME8;DZIP1;TMEM237;SSX2IP;SEPTIN7;PHIP;IQUB;TBC1D31;CC2D2B;CEP19;TMEM17;POC1B;RAB8B
prerank,Positive Regulation Of Cell-Substrate Junction Organization (GO:0150117),-0.5354844440393483,-1.3924653299593766,0.07894736842105263,0.48724266023942037,1.0,6/22,7.15%,THY1;KDR;NELL1;NRG1;SFRP1;MYOC
prerank,Tetrahydrofolate Interconversion (GO:0035999),0.6719158050457669,1.3922458099506307,0.1047008547008547,0.35653113430200745,1.0,3/8,3.06%,MTHFD2;SHMT2;SHMT1
prerank,Cellular Response To Cytokine Stimulus (GO:0071345),0.3526874974952083,1.3918189271591301,0.005050505050505051,0.3569491245854787,1.0,41/242,10.13%,LILRB4;HCLS1;LILRA2;LGALS9;HAX1;AQP4;PYCARD;XBP1;HCK;IRF8;CHI3L1;CEBPA;TRADD;CCL2;LILRB1;PTPRJ;SIRPA;DPYSL3;IL13RA1;AIF1;IRF5;PTPN6;SHMT1;RHOA;CCL20;CD4;CLCF1;AKT1;ST3GAL6;GATA3;CCR1;TNFRSF1A;CHUK;ERBIN;TLR2;RELA;CIB1;SHPK;GSDME;ASAH1;NDUFA13
prerank,Melanosome Organization (GO:0032438),0.4710714037154448,1.3917985670473996,0.07095343680709534,0.35649522392493815,1.0,9/36,14.43%,APOE;BLOC1S1;AP1S3;RAB29;DTNBP1;BLOC1S6;HPS6;HPS3;BLOC1S3
prerank,Folic Acid-Containing Compound Metabolic Process (GO:0006760),0.5840894675301378,1.3917238708344402,0.10395010395010396,0.3561278624117947,1.0,3/14,3.06%,MTHFD2;SHMT2;SHMT1
prerank,Hair Cell Differentiation (GO:0035315),-0.7765122829526154,-1.3916436880695622,0.08035714285714286,0.4887535599576874,1.0,1/5,0.61%,USH1C
prerank,Positive Regulation Of Nuclear Division (GO:0051785),-0.5403388378493443,-1.391553092443636,0.08007448789571694,0.48778100943931035,1.0,4/20,7.88%,PDGFRB;EDN3;INSR;NPM2
prerank,"Base-Excision Repair, AP Site Formation (GO:0006285)",0.6243970229083611,1.390871437533205,0.10375275938189846,0.3573094621005995,1.0,3/11,8.89%,UNG;NEIL2;SMUG1
prerank,Axonogenesis (GO:0007409),-0.3755902240656916,-1.3908621072236518,0.006896551724137931,0.4887089685414395,1.0,50/177,15.19%,EPHA7;PARD3;SHH;NELL1;NOTCH3;SIAH1;SEMA6C;NEFH;SOS1;PLEKHG4B;SLITRK4;KALRN;PAK3;EFNA5;ARHGEF25;CDK5R1;SEMA3C;NELL2;SLIT2;RAB3A;AUTS2;CYFIP2;RET;MYCBP2;APLP2;KIF5A;B4GALT6;EPHA6;BOC;ISL1;EFNB2;SPG11;ATL1;ULK1;CXCL12;EPHA3;CTNNA2;LGR6;SEMA3F;TRIO;APP;TAOK2;USP33;BRSK1;CNTN4;NEO1;SLITRK1;PLPPR4;OTX2;SCN1B
prerank,Regulation Of Lymphocyte Apoptotic Process (GO:0070228),0.6874937109556385,1.390738964319888,0.12,0.3570520477495594,1.0,3/7,7.83%,LGALS3;LYN;BTK
prerank,Lysosome Organization (GO:0007040),0.4705530046369997,1.3905487088446877,0.059322033898305086,0.3569019191583707,1.0,10/36,13.31%,TPP1;GRN;CORO1A;VPS18;TFEB;GNPTAB;NAGPA;CLN3;VPS33A;GAA
prerank,Positive Regulation Of Cell Communication (GO:0010647),-0.5171968969661283,-1.3901775968474839,0.08286252354048965,0.4896982539329704,1.0,11/27,16.10%,EDN3;TNXB;RIMS1;CLSTN2;SYT1;GRIK2;CLSTN3;RIMS2;HOMER1;GATA6;NMU
prerank,protein-RNA Complex Assembly (GO:0022618),0.3840528427842315,1.3895536509038335,0.021479713603818614,0.35826381022881704,1.0,23/116,10.41%,NUDT21;SNRPF;EIF3G;TSSC4;CDC73;SNRNP200;NOL3;TNIP1;SNRPB;GEMIN6;EIF3H;SNRPD1;TXNL4A;CLNS1A;SRPK3;GEMIN8;RRP7A;PUF60;AGO4;SCAF11;BOP1;ADAR;STRAP
prerank,Positive Regulation Of Angiogenesis (GO:0045766),0.3862562311300301,1.3895188115223358,0.023529411764705882,0.3578566872807225,1.0,18/110,6.49%,AQP1;HMOX1;XBP1;NINJ1;GRN;ITGAX;CHI3L1;MTDH;CTSH;HSPB6;EMILIN1;FGF2;HK2;EMILIN2;SEMA5A;HIPK1;VEGFB;S100A1
prerank,Regulation Of Vascular Associated Smooth Muscle Cell Migration (GO:1904752),-0.6264941819644351,-1.389167540500912,0.08103130755064457,0.49181657340478907,1.0,4/12,7.86%,TPM1;NR4A3;BMP4;FGF9
prerank,Immunological Synapse Formation (GO:0001771),0.6882215963650755,1.3889079503526307,0.11713665943600868,0.3586148513611154,1.0,4/7,22.76%,CORO1A;CD6;CD81;MSN
prerank,Regulation Of Extracellular Matrix Assembly (GO:1901201),0.7135049970743568,1.3886741341877948,0.13043478260869565,0.3585180515713391,1.0,2/6,3.94%,TGFB1;EMILIN1
prerank,Morphogenesis Of A Polarized Epithelium (GO:0001738),-0.6159842451992616,-1.3886150533987953,0.0962962962962963,0.4924431711947836,1.0,4/12,16.41%,INTU;WDPCP;YAP1;AHI1
prerank,Positive Regulation Of Protein Acetylation (GO:1901985),-0.6675518405796342,-1.3884371803534692,0.09608540925266904,0.4917957659263203,1.0,6/9,19.41%,FAM161A;PRKAA1;PRKAA2;DIP2A;CEP295;KAT5
prerank,Regulation Of Transport (GO:0051049),-0.4847798538721124,-1.3880254015801894,0.06398537477148081,0.491896885260688,1.0,7/39,6.56%,LEPR;NELL1;PTPRN2;PTPRN;PLD1;ICA1L;ICA1
prerank,Insulin Secretion (GO:0030073),-0.5763658426592848,-1.3879181760179078,0.09424083769633508,0.4909295689474726,1.0,5/16,11.64%,PTPRN2;PTPRN;RAB11FIP5;RIMS2;CAMK2G
prerank,Smooth Muscle Cell Differentiation (GO:0051145),-0.6260673258964664,-1.387863004506941,0.10526315789473684,0.48981297047567385,1.0,3/11,4.87%,TBX18;BMP4;TMEM204
prerank,Regulation Of Transforming Growth Factor Beta1 Production (GO:0032908),0.7289676642387332,1.3876426943572118,0.11324786324786325,0.3600935171381982,1.0,1/6,0.13%,TYROBP
prerank,Hematopoietic Stem Cell Proliferation (GO:0071425),-0.6482342165201289,-1.3875857679750412,0.11397058823529412,0.48946317296703895,1.0,4/10,12.02%,CD34;WNT2B;SFRP2;MECOM
prerank,Regulation Of Cholesterol Metabolic Process (GO:0090181),0.5230323577261253,1.3875737175212561,0.08144796380090498,0.35973566482527963,1.0,2/23,0.47%,APOE;ABCG1
prerank,Glycoside Catabolic Process (GO:0016139),0.7036940065189858,1.387477146166737,0.13203463203463203,0.3594266207989021,1.0,4/6,5.89%,NAGA;FUCA1;GUSB;GLA
prerank,mRNA 3'-End Processing (GO:0031124),0.46994408219834316,1.3872252998258832,0.07494646680942184,0.35946265042506714,1.0,14/38,17.32%,NUDT21;CPSF4;NCBP2;CDC73;CSTF2T;GRSF1;CPSF3;LEO1;PCF11;CSTF3;CSTF2;CPSF4L;PAPOLG;PEX2
prerank,Cellular Response To Lipid (GO:0071396),0.3647221909481745,1.3869385445449014,0.01288659793814433,0.35954299088569835,1.0,31/197,11.70%,AQP1;SYK;CD68;TREM2;PYCARD;XBP1;NFKBIB;CCL2;LILRB1;SIRPA;SPP1;LYN;RHOA;CDC73;TNIP1;LY96;MYD88;AKR1B1;TNIP2;GSTP1;CD14;TWF2;CD180;RELA;PTK2B;SHPK;NDUFA13;BCL10;NLRP3;LCP1;MEF2C
prerank,Cell Projection Organization (GO:0030030),0.5341722150200497,1.38676133869448,0.11134903640256959,0.3594260073734369,1.0,6/20,6.60%,CAPG;PARVG;NCKAP1L;PDGFA;MTSS2;PLEK
prerank,Regulation Of Signal Transduction (GO:0009966),-0.3704774748005713,-1.386497241283342,0.006993006993006993,0.49177712929645334,1.0,44/180,17.20%,RGS5;ZIC1;RGS6;VWA2;OGT;CD46;IGFBP2;IGFBP6;PTCH1;GRK5;NELL1;FOXL1;PLCE1;ADCYAP1;INTU;SOCS2;TMEM204;CREBBP;IFT81;RGS4;ACVR1;TSPYL2;KCTD8;GALNT11;SLC8A2;YWHAG;CD177;RGS3;MAPK8IP2;CDK13;HOMER1;KIF26A;APP;IGFBP3;USP33;RGS7;GNG4;DTX1;OTX2;FRMPD1;ADIPOQ;ITGB1BP1;DLL1;RGS11
prerank,TOR Signaling (GO:0031929),0.503030757701306,1.3863025537811315,0.06904231625835189,0.3598457227127336,1.0,7/26,8.73%,EIF4EBP1;LAMTOR4;PRR5L;LAMTOR5;GATA3;CARD11;LAMTOR2
prerank,Positive Regulation Of Heart Contraction (GO:0045823),-0.5461043872315627,-1.3858418381651005,0.09090909090909091,0.49270089078925344,1.0,6/18,9.68%,RYR2;EDN3;CHGA;HRC;ADRA1D;ATP1A2
prerank,Endocardial Cushion Development (GO:0003197),-0.5402170541816302,-1.3857767673861046,0.08775137111517367,0.4916127687562531,1.0,7/21,11.43%,BMP4;HEYL;TBX2;ISL1;MDM4;BMPR2;ENG
prerank,Genitalia Development (GO:0048806),-0.6609368361720268,-1.3855780096545691,0.11151736745886655,0.4909787065641024,1.0,4/9,12.48%,SHH;STRA6;LHCGR;FOXF2
prerank,Inner Ear Receptor Cell Development (GO:0060119),-0.7115147648889717,-1.3854412815098196,0.08957952468007313,0.49016598882270507,1.0,3/7,8.83%,USH1C;PDZD7;IFT88
prerank,Hexose Catabolic Process (GO:0019320),0.7630728430614366,1.3850756202286494,0.10944206008583691,0.36177132997102857,1.0,3/5,15.33%,GALK1;GCK;TKTL1
prerank,Muscle Tissue Development (GO:0060537),-0.5113910124564924,-1.3850462229813238,0.081374321880651,0.4901963739259903,1.0,14/30,20.36%,DMD;PTCH1;SHH;SIX1;SVIL;NF1;STRA6;POPDC3;ENG;PGM5;CFLAR;CAV1;MYH7B;BVES
prerank,Ubiquitin-Dependent Protein Catabolic Process Via The C-end Degron Rule Pathway (GO:0140627),-0.6904240585499384,-1.3848028010985407,0.08719851576994433,0.48976881803118877,1.0,3/8,23.35%,TRPC4AP;KLHDC10;KLHDC2
prerank,Bicellular Tight Junction Assembly (GO:0070830),-0.4856393660032168,-1.3843396149281517,0.07205623901581722,0.4900358034891346,1.0,11/35,13.28%,CDH5;PARD3;RAMP2;ESAM;OCLN;CLDN5;PDCD6IP;MARVELD3;MARVELD2;ECT2;FRMPD2
prerank,Regulation Of Neuron Projection Arborization (GO:0150011),-0.596120358080612,-1.3843222750035822,0.10925925925925926,0.4888418530334978,1.0,4/14,11.81%,FZD4;SPRY3;MYO9A;MOV10
prerank,Protein Import Into Nucleus (GO:0006606),0.42095368670498556,1.383931921274199,0.04976303317535545,0.3635444846500793,1.0,14/66,11.72%,SYK;IPO13;KPNB1;NUTF2;AKT1;PHB2;SEC13;NUP188;NUP50;RANGRF;HEATR3;RPAIN;STK4;E2F3
prerank,Transition Metal Ion Transport (GO:0000041),0.49004475597143715,1.3838811349523819,0.0738255033557047,0.3631596971550929,1.0,14/29,21.59%,FTH1;F3;LTF;SLC11A1;MELTF;SLC31A1;SLC31A2;COX17;TTYH1;SLC39A8;HEPH;SLC30A5;CP;MT3
prerank,Cardiac Muscle Cell Myoblast Differentiation (GO:0060379),-0.744231127546756,-1.3831830062370025,0.10566037735849057,0.49138978752244966,1.0,1/6,2.07%,NRG1
prerank,Regulation Of Macrophage Differentiation (GO:0045649),0.5709101365681901,1.383142569757465,0.1210762331838565,0.36409088272996903,1.0,5/14,9.55%,C1QC;INHBA;PTPN2;FADD;IL34
prerank,Positive Regulation Of T Cell Migration (GO:2000406),0.5266132133264133,1.3830633628513107,0.07708779443254818,0.3637438689836131,1.0,4/22,4.08%,PYCARD;AIF1;RHOA;CCL20
prerank,Mitotic Nuclear Membrane Disassembly (GO:0007077),0.7112039391870977,1.3829741106880762,0.13073394495412843,0.3634368404606433,1.0,3/6,16.32%,NEK6;PRKCB;PRKCA
prerank,DNA Catabolic Process (GO:0006308),0.5505062820191753,1.3829726054292362,0.10199556541019955,0.3629535327293478,1.0,6/17,13.50%,DNASE2B;REXO4;DNASE2;ENDOG;EXOG;DNASE1L2
prerank,Negative Regulation Of Response To Endoplasmic Reticulum Stress (GO:1903573),0.5176486352457804,1.382810420942733,0.09932279909706546,0.36275224371476367,1.0,6/23,8.61%,XBP1;TXNDC12;BCL2L1;CLU;UBXN1;PTPN1
prerank,Biomineral Tissue Development (GO:0031214),0.7387932960539914,1.3827471572354926,0.15,0.3624072744146991,1.0,2/5,3.52%,DDR2;FAM20C
prerank,Positive Regulation Of Leukocyte Tethering Or Rolling (GO:1903238),0.7505725343680006,1.3826701214495467,0.12606837606837606,0.3620842689751422,1.0,1/5,4.91%,FUT4
prerank,Positive Regulation Of Glial Cell Migration (GO:1903977),0.7113675419948651,1.3825833726988406,0.13566739606126915,0.36176051338132154,1.0,2/7,12.17%,TREM2;P2RY12
prerank,Podocyte Cell Migration (GO:0090521),-0.7679393453949197,-1.3823213780821302,0.10231660231660232,0.49290049182462164,1.0,1/5,2.08%,KANK2
prerank,Negative Regulation Of Osteoblast Proliferation (GO:0033689),-0.7125354604099648,-1.3820292333398598,0.09227871939736347,0.4926754338246181,1.0,3/7,4.03%,MN1;NELL1;SFRP1
prerank,Cap-Dependent Translational Initiation (GO:0002191),0.7669307159465912,1.381905154094986,0.1031578947368421,0.3626642320052694,1.0,2/5,1.99%,MIF4GD;NCBP2
prerank,Lytic Vacuole Organization (GO:0080171),0.4904197657675578,1.3815412697475054,0.0728051391862955,0.36294176789698523,1.0,7/30,8.99%,TPP1;GRN;VPS18;TFEB;GNPTAB;NAGPA;CLN3
prerank,Intracellular Calcium Ion Homeostasis (GO:0006874),-0.3918361882552204,-1.3813692182510253,0.020618556701030927,0.49382088676655844,1.0,49/118,24.93%,CDH5;RYR2;EDN3;CALCA;CDH23;PLN;CALCB;HRC;STIM2;MICU3;MICU1;HERPUD1;HTR2A;ELANE;MCU;PTH1R;SLC8A2;SLC24A3;CCL14;CASQ2;CXCL12;DRD5;ATP2A3;EDNRA;ANXA6;ATP2B3;TRPC6;ATP2A1;TRPC4;HCRTR2;CAV1;ATP2B1;PSEN1;ATP13A5;CD40;HTR2B;SLC30A1;FZD9;PML;FKBP1B;ATP13A2;TMEM64;ATP2C1;CCL7;STOML2;ATP1B1;NPTN;GPER1;TRPC3
prerank,Positive Regulation Of Glial Cell Differentiation (GO:0045687),0.5546372711646345,1.3809298244778643,0.10588235294117647,0.36376906214181864,1.0,5/17,9.55%,PTPRZ1;TGFB1;CLCF1;TENM4;IL34
prerank,Bone Development (GO:0060348),-0.47841695721249683,-1.3806515789775353,0.06133828996282528,0.4948225257628633,1.0,10/36,12.56%,BMP6;OGN;NOTUM;SFRP4;LRRC17;MYOC;SULF2;OSR2;CYP26B1;DYM
prerank,Negative Regulation Of Intracellular Signal Transduction (GO:1902532),0.3503945416123919,1.3805392758330146,0.009828009828009828,0.36409743237320785,1.0,41/211,11.22%,SPI1;LILRB4;SLC9A3R1;TREM2;PYCARD;ARRB2;ADIPOR1;OTUD7B;PTPRJ;BCL2L1;WWC1;PPARG;LYN;TMSB4X;DUSP4;IFI35;SPRED3;CD22;BANK1;AKT1S1;NOL3;TNIP1;DLG5;PHLDA3;PEBP1;GSTP1;PLEK;SORD;RNF34;MAPKAPK5;CD2AP;RELA;CIB1;PSMD10;DUSP3;NDUFA13;PPM1A;APLNR;ARHGAP25;NLRP3;CARD19
prerank,Pyrimidine-Containing Compound Catabolic Process (GO:0072529),0.6869371378688267,1.3804633512036946,0.1111111111111111,0.3637683355499484,1.0,2/7,2.16%,DPYSL2;DPYSL3
prerank,Regulation Of SMAD Protein Signal Transduction (GO:0060390),-0.5170356712792702,-1.3804546228808408,0.09123434704830054,0.49422711109147555,1.0,7/26,13.15%,BMP6;RBPMS;CCN3;BMP4;SMAD4;BMPR2;GDF5
prerank,Negative Regulation Of Production Of Molecular Mediator Of Immune Response (GO:0002701),0.6792327203189583,1.3804241706931377,0.14132762312633834,0.3633775881697906,1.0,4/7,15.75%,LILRB1;CD22;FCGR2B;CR1
prerank,Phosphatidylcholine Acyl-Chain Remodeling (GO:0036151),0.6173866460199804,1.3803545368721784,0.11982570806100218,0.36303911373183134,1.0,2/11,3.62%,TSPO;PLB1
prerank,Cytosolic Transport (GO:0016482),0.3858609572614874,1.3802859336129305,0.014962593516209476,0.3627127299180031,1.0,33/114,15.88%,RAB7A;SYS1;HEATR5A;RCSD1;LAPTM5;SNF8;LAMP1;STX6;BAIAP3;VPS51;VTI1B;RGP1;RAB29;RNF126;GBF1;TBC1D10C;RHOBTB3;BECN1;STX10;CLN3;TRIM27;PLEKHJ1;TBC1D10B;EEA1;RBSN;RAB14;DENND2A;SNX1;WDR91;VAMP3;WIPF3;GAK;AP4M1
prerank,Cardiac Conduction (GO:0061337),-0.4603299519566083,-1.3800515118236372,0.061855670103092786,0.4943485688061837,1.0,16/43,17.72%,CACNB2;DSP;PKP2;SCN4B;AKAP9;CACNA1D;SLC4A3;CACNA2D1;ISL1;CACNA1C;KCNH2;HCN4;DSG2;SCN1B;JUP;CAV1
prerank,Positive Regulation Of Epithelial Cell Apoptotic Process (GO:1904037),-0.5295750464230494,-1.3800121312955447,0.08941605839416059,0.4932195862127712,1.0,6/21,10.79%,PLA2R1;PLCG1;ECSCR;SFRP4;IL6;GSN
prerank,Positive Regulation Of Cytokine-Mediated Signaling Pathway (GO:0001961),0.45743921442105206,1.3798496475979671,0.08237986270022883,0.3631121831285448,1.0,7/39,6.10%,CD74;CD300LF;LAPTM5;RNF185;TRIM56;RBM47;FADD
prerank,Regulation Of Renal Sodium Excretion (GO:0035813),-0.7728176227634546,-1.3792854047051308,0.0749063670411985,0.49433287083403116,1.0,4/5,15.70%,NPR1;SPX;CORIN;AGTR1
prerank,Carbohydrate Phosphorylation (GO:0046835),0.6594474348516695,1.378843880677414,0.14418604651162792,0.36466676850108337,1.0,4/8,11.35%,GNPTG;HK2;GNPTAB;GCK
prerank,Regulation Of Cell Adhesion Molecule Production (GO:0060353),-0.7717927870886772,-1.3788052355268603,0.08269230769230769,0.49453372947979285,1.0,2/5,17.72%,CXCL8;CAV1
prerank,Positive Regulation Of Protein Localization To Cell Periphery (GO:1904377),0.435521093767001,1.378703660147382,0.04308390022675737,0.3644637536721171,1.0,10/51,9.54%,RHOG;TREM2;LGALS3;AKT1;ARF6;EPB41L2;CIB1;STX4;STAC3;RANGRF
prerank,Establishment Of Epithelial Cell Polarity (GO:0090162),0.5500764156449529,1.3786065691069327,0.11252653927813164,0.36418651933067725,1.0,8/18,13.40%,SLC9A3R1;EZR;MYO18A;RHOA;GOLPH3;CYTH1;SIPA1;RAP2A
prerank,Protein Polymerization (GO:0051258),0.4142125559424858,1.3781151347939555,0.05463182897862233,0.36465022855441875,1.0,12/60,9.49%,PREX1;FAM107A;WAS;CHMP2A;TPPP;SPIRE1;GPX4;GAS7;RNF135;COBL;CKAP5;PSTPIP1
prerank,Regulation Of Microtubule Cytoskeleton Organization (GO:0070507),-0.478925119250801,-1.3780872025571789,0.06118881118881119,0.4955826105146981,1.0,14/37,16.98%,PHLDB2;STMN2;STMN3;EFNA5;MID1;PRKAA1;EPHA3;PRKAA2;FRMPD2;GSK3B;MAPRE3;TRIM36;CLASP2;MARK2
prerank,Potassium Ion Transmembrane Transport (GO:0071805),-0.3903724665749491,-1.377796742165095,0.02097902097902098,0.4952654834784574,1.0,29/118,15.21%,KCNA1;KCNT2;KCNK2;SLC9A2;KCNJ14;KCNB1;KCNN1;KCNJ16;KCNH5;KCNJ13;KCNK3;KCNK4;KCNC3;KCNC4;SLC9A7;SLC24A3;LRRC38;KCNH7;ATP1A2;ATP1B3;KCNH2;KCNG4;KCNJ15;SLC9A5;ATP1A3;HCN4;KCNG1;KCNN2;SLC12A5
prerank,Negative Regulation Of Cell Projection Organization (GO:0031345),0.4480771858468059,1.377074762586543,0.05739514348785872,0.3662786847018994,1.0,7/48,5.64%,APOE;DPYSL3;TNR;LPAR1;ITM2C;PTPRO;RAB29
prerank,Positive Regulation Of Cellular Response To Insulin Stimulus (GO:1900078),0.6306457593496873,1.3769691231318344,0.12471655328798185,0.3660033268702023,1.0,3/10,16.50%,SORL1;ZBTB7B;SORBS1
prerank,Regulation Of Potassium Ion Transmembrane Transporter Activity (GO:1901016),-0.5053234074050215,-1.3764022176402517,0.08921933085501858,0.4986799034893936,1.0,8/24,13.79%,AKAP9;CACNA1D;KCNAB1;NETO1;STK39;CASQ2;ATP1B3;KCNG1
prerank,Multi-Pass Transmembrane Protein Insertion Into ER Membrane (GO:0160063),0.7349387327219657,1.3763231010033692,0.10973084886128365,0.3668188181224942,1.0,4/6,24.21%,RAB5IF;TMCO1;TMEM147;NOMO1
prerank,IRE1-mediated Unfolded Protein Response (GO:0036498),0.7431067275939978,1.3761724075233397,0.12526539278131635,0.3666683030602216,1.0,2/5,8.61%,XBP1;PTPN1
prerank,Intrinsic Apoptotic Signaling Pathway By P53 Class Mediator (GO:0072332),0.47238740733955353,1.3759787624835484,0.08968609865470852,0.3665576331276882,1.0,9/32,14.04%,PYCARD;BAG6;HIPK1;PHLDA3;RRP8;BOK;DDIT4;IFI16;TP53
prerank,Positive Regulation Of Aspartic-Type Peptidase Activity (GO:1905247),0.6732267155622285,1.375578346155369,0.13179916317991633,0.36686173570143643,1.0,2/7,2.73%,GRN;LYN
prerank,Cardiac Muscle Cell-Cardiac Muscle Cell Adhesion (GO:0086042),-0.7334915471433258,-1.3747843040066692,0.08833922261484099,0.5025848366262832,1.0,2/6,0.45%,DSP;PKP2
prerank,Negative Regulation Of Cell Division (GO:0051782),-0.644646955818124,-1.374336494770279,0.09342560553633218,0.5028262643927913,1.0,3/10,10.10%,TXNIP;SUSD2;E2F8
prerank,Lens Fiber Cell Development (GO:0070307),0.682557091151246,1.3743126565163353,0.1504237288135593,0.36900181384959285,1.0,3/7,20.08%,ATF4;PROX1;WNT5B
prerank,"Retrograde Vesicle-Mediated Transport, Golgi To Endoplasmic Reticulum (GO:0006890)",0.46017165928643333,1.3733569625688806,0.07345971563981042,0.37039124419948993,1.0,14/43,18.49%,COPZ1;TAPBP;USE1;ERGIC1;ARF3;ARF5;GBF1;ERGIC3;TMED10;GOLPH3;TMEM115;COPB2;ATP9A;PICK1
prerank,Regulation Of Fatty Acid Oxidation (GO:0046320),-0.578668897182754,-1.3732624369829762,0.08905380333951762,0.5050002632413882,1.0,5/16,11.00%,NR4A3;ACADL;PPARGC1A;APLP2;PDK4
prerank,Pyrimidine Deoxyribonucleotide Catabolic Process (GO:0009223),0.5918503456761767,1.3731335344690814,0.10239651416122005,0.37038619087604546,1.0,4/12,15.97%,UNG;NEIL2;SMUG1;UPP2
prerank,Negative Regulation Of Erythrocyte Differentiation (GO:0045647),0.7598654036583602,1.3723305188400272,0.13390928725701945,0.3714723284169729,1.0,1/5,0.16%,MAFB
prerank,Negative Regulation Of Leukocyte Chemotaxis (GO:0002689),-0.6291421446567098,-1.3722830524844953,0.1003584229390681,0.5067758196160935,1.0,4/11,4.08%,NBL1;CCN3;DUSP1;SLIT2
prerank,Regulation Of Necrotic Cell Death (GO:0010939),-0.7068095587621025,-1.372259638506619,0.10266159695817491,0.505597480240818,1.0,2/7,3.42%,SLC6A13;RIPK1
prerank,Regulation Of SA Node Cell Action Potential (GO:0098907),-0.7282093117104076,-1.3722260481932724,0.09826589595375723,0.5044753786159656,1.0,2/6,0.74%,TBX18;RYR2
prerank,Positive Regulation Of Interleukin-10 Production (GO:0032733),0.5090224517339698,1.3719859708467301,0.07758620689655173,0.3716255905095468,1.0,3/24,0.61%,LGALS9;SYK;PYCARD
prerank,Synaptic Vesicle Docking (GO:0016081),-0.7193357773468725,-1.3710329707374596,0.11397058823529412,0.5070274914736993,1.0,4/6,25.13%,SNAP25;SNPH;STX1B;UNC13A
prerank,Positive Regulation Of ATP Metabolic Process (GO:1903580),0.6502031961834674,1.3705799267327716,0.1301518438177874,0.3740286440833631,1.0,3/9,3.39%,TREM2;TMSB4X;ENO1
prerank,Regulation Of Cellular Extravasation (GO:0002691),-0.6512397616311206,-1.3704417830090596,0.11153119092627599,0.5076950860578565,1.0,5/9,20.85%,THY1;LYVE1;FUT9;OLFM4;BST1
prerank,Negative Regulation Of Peptidyl-Lysine Acetylation (GO:2000757),-0.7332888396692896,-1.370264545026338,0.11213235294117647,0.5070274137555884,1.0,1/6,6.63%,TWIST1
prerank,Erythrocyte Differentiation (GO:0030218),0.4598093768473631,1.3702248306806384,0.0625,0.3742515973420786,1.0,7/38,7.24%,HCLS1;IKZF1;NCKAP1L;LYN;INHBA;PTPN2;SLC1A5
prerank,Positive Regulation Of Cell Cycle (GO:0045787),0.42573846013284306,1.3697395316499634,0.045871559633027525,0.3747640726215115,1.0,16/58,16.32%,NUPR1;EIF4EBP1;TGFB2;AKT1;RAD23A;CCND2;PSRC1;PROX1;LGMN;PSMD10;NUDT16;DUSP3;FOXA1;FGFR2;RGCC;PRKCA
prerank,Response To UV-B (GO:0010224),-0.5910316927014048,-1.3692705743721494,0.1088560885608856,0.5092648021773334,1.0,6/13,22.60%,MFAP4;MSH2;MAPK11;NLRP1;MAPK14;HYAL1
prerank,Regulation Of T Cell Migration (GO:2000404),0.5208559354216393,1.3687595701227846,0.11447084233261338,0.3762627777562229,1.0,4/22,4.08%,PYCARD;AIF1;RHOA;CCL20
prerank,Positive Regulation Of Sodium Ion Transport (GO:0010765),-0.6314235612401173,-1.3687563024510783,0.1039426523297491,0.5098024400394919,1.0,4/11,15.19%,PKP2;SCN4B;GPD1L;SCN1B
prerank,Positive Regulation Of Vasculogenesis (GO:2001214),-0.6455513893062408,-1.3686093239786752,0.10892857142857143,0.5090528583900229,1.0,3/9,8.60%,CD34;KDR;TMEM100
prerank,Regulation Of Protein Kinase B Signaling (GO:0051896),0.3782639066179159,1.3682084767659057,0.025522041763341066,0.37696267995447963,1.0,22/120,10.49%,SLC9A3R1;HCLS1;HAX1;ARRB2;CHI3L1;MTDH;TGFB1;PTPRJ;FGF2;BANK1;SEMA5A;PHLDA3;PDGFA;GATA3;PTK2;SORD;HPSE;CIB1;TGFBR1;RASD2;NTS;PIK3R5
prerank,"mRNA Splicing, Via Spliceosome (GO:0000398)",0.3577105318446936,1.3679401596406877,0.017632241813602016,0.3770206779003466,1.0,61/196,21.28%,HNRNPF;RBM42;SNRPF;HNRNPA3;NCBP2;SRSF4;MFAP1;SNRPA1;RBM8A;SF3B6;TSSC4;LSM7;SNRNP200;DDX41;SNRPB;GEMIN6;DHX15;SLU7;HNRNPH3;SNRPD1;HNRNPR;TXNL4A;CLNS1A;SRPK3;SDE2;U2AF1L4;GEMIN8;PUF60;PPIL1;SCAF11;STRAP;SF3A1;WBP4;PRPF38A;CTNNBL1;CWC15;WDR77;SART3;PNN;RNF113A;SF3B4;SRSF9;DDX20;CWC27;PRPF4;RBM5;LSM2;SYF2;EIF4A3;PPIE;PQBP1;GPATCH1;DDX23;HNRNPC;PRPF6;HNRNPA2B1;DCPS;GPKOW;WDR83;EFTUD2;RALY
prerank,Phosphatidylethanolamine Metabolic Process (GO:0046337),0.5153204528478265,1.367906135921941,0.08333333333333333,0.3766114822685992,1.0,8/22,18.58%,PLAAT4;PNPLA8;PLA2G15;ETNK2;SLC27A1;PLAAT5;NAAA;CEPT1
prerank,Protein Homooligomerization (GO:0051260),0.38083274873932577,1.367884852980183,0.03712871287128713,0.3761738952461402,1.0,20/113,8.12%,SOD2;AQP4;PYCARD;ALOX5AP;NINJ1;ALAD;SHMT2;CHMP2A;ASIC1;SHMT1;EHD4;SSBP1;CLU;NACC2;PKD2L1;NOL3;RNF135;NLRC4;SLC1A5;CARD11
prerank,Oogenesis (GO:0048477),-0.6176239666186021,-1.367838625958458,0.11252268602540835,0.5104507709826386,1.0,5/11,23.00%,PTN;MARF1;METTL3;NANOS3;MDK
prerank,Female Gamete Generation (GO:0007292),-0.5259606080097587,-1.3677791399161006,0.09549549549549549,0.5094237225822292,1.0,7/21,18.46%,PTN;MARF1;GDF9;DIAPH2;PARN;METTL3;NANOS3
prerank,Positive Regulation Of Type I Interferon-Mediated Signaling Pathway (GO:0060340),0.6064848069822963,1.367703910005912,0.16150442477876106,0.37603458211114715,1.0,4/11,13.55%,RNF185;TRIM56;RBM47;MAVS
prerank,Oligodendrocyte Development (GO:0014003),0.5532509707946875,1.3674111582783048,0.10135135135135136,0.3760455565971481,1.0,5/16,6.50%,CNTNAP1;MYRF;TPPP;SOX10;ZNF488
prerank,Regulation Of G Protein-Coupled Receptor Signaling Pathway (GO:0008277),-0.4365492094547059,-1.367273411719549,0.04847396768402154,0.5098372242674974,1.0,19/59,15.51%,RGS5;MRAP2;RGS6;GRK5;PLCE1;SYP;ROCK2;CXCL8;RGS4;RPGRIP1L;NMT2;KCTD8;KLK5;RGS3;CAMKMT;USP33;RGS7;GNG4;FRMPD1
prerank,Interleukin-3-Mediated Signaling Pathway (GO:0038156),0.7312164481920422,1.3671718108845203,0.15450643776824036,0.37605959036989395,1.0,2/5,3.83%,SYK;FCER1G
prerank,Activation Of Cysteine-Type Endopeptidase Activity Involved In Apoptotic Process (GO:0006919),0.4198656468458528,1.3671291789018296,0.05392156862745098,0.3756526983695139,1.0,18/60,13.56%,PYCARD;LAPTM5;PPARG;BAX;MTCH1;NLRC4;SORD;EGLN3;BCL2L13;BID;HSPD1;SNCA;BBC3;BOK;CASP2;HSPE1;DYNLL1;KHDC1
prerank,Protein Homotetramerization (GO:0051289),0.4355021173611355,1.3664474013696717,0.07476635514018691,0.37652945925362347,1.0,7/46,4.52%,SOD2;AQP4;SHMT2;SHMT1;SSBP1;CLU;PKD2L1
prerank,Regulation Of Pathway-Restricted SMAD Protein Phosphorylation (GO:0060393),-0.44203782231718397,-1.3663812079512596,0.06108202443280977,0.5114817801168093,1.0,19/53,17.86%,BMP6;RBPMS;TNXB;BMP4;BMP5;LEFTY2;SMAD4;BMPER;PMEPA1;GDF9;BMP3;BMPR2;TGFBR2;ENG;GDF5;SMAD6;BMP2;MSTN;PIN1
prerank,Protein Autoprocessing (GO:0016540),0.5728622405825493,1.366182447136262,0.12723214285714285,0.37657204007899986,1.0,2/14,2.39%,CTSL;MYRF
prerank,Regulation Of Tumor Necrosis Factor-Mediated Signaling Pathway (GO:0010803),0.4420501991423059,1.3660449456125716,0.08390022675736962,0.3764117829574326,1.0,7/43,6.32%,SYK;PYCARD;LAPTM5;PPP2CB;PTPN2;HIPK1;GSTP1
prerank,Positive Regulation Of TOR Signaling (GO:0032008),0.440716710064427,1.3659243267303265,0.08016877637130802,0.37615683334824757,1.0,12/44,14.75%,TREM2;GPR137B;NCKAP1L;LAMTOR4;STAMBPL1;LAMTOR5;SEC13;LAMTOR2;GOLPH3;RNF167;FNIP1;OTUD5
prerank,Regulation Of Neuron Death (GO:1901214),0.42760033956118015,1.3657465581627972,0.07424593967517401,0.37606032004539397,1.0,11/55,8.63%,TYROBP;ITGB2;SORL1;GPNMB;C1QA;CLU;AKT1S1;RAB29;MAP3K5;EGLN3;SNCA
prerank,Negative Regulation Of DNA-binding Transcription Factor Activity (GO:0043433),0.37062838070081505,1.3655368649486173,0.02102803738317757,0.37595946175361417,1.0,22/132,11.32%,SPI1;HAVCR2;NUPR1;PYCARD;ARRB2;CDKN2A;PARP10;PPP2CB;TMSB4X;USP7;PHB2;ADORA3;CHUK;TMIGD3;EGLN1;ERBIN;PROX1;PSMD10;ID3;HES6;NLRP3;KEAP1
prerank,Positive Regulation Of Cell Differentiation (GO:0045597),-0.3572714247588987,-1.3654054492115504,0.006622516556291391,0.5134846377392064,1.0,69/256,15.94%,FOXC1;BMP6;LEF1;NBL1;CCN2;CDS1;LAMA2;EDN3;CD34;PTN;TNXB;KDR;TP63;BMP4;HEYL;NELL1;SFRP1;FRZB;NGF;CCN4;LAMB2;ARID1B;WNT4;ACVR1;FGFR1;LAMC1;TWIST1;SMAD4;HOXB4;ACTL6B;BOC;TENT5A;ISL1;MEDAG;IL6R;TGFB1I1;RBM24;TMEM100;TCF4;ZC4H2;IL6;PLA2G5;SFRP2;PKDCC;CTNNB1;ECT2;TRIM32;BMPR2;TGFBR2;SMARCC2;NID1;MAPK11;CREB1;IGFBP3;GDF5;NEUROD2;LAMB1;SMARCA4;PF4;RIPOR2;HOXD3;NPNT;COL1A1;PHF10;NOCT;GSK3B;AGTR1;BMP2;YAP1
prerank,Embryonic Axis Specification (GO:0000578),-0.5876231928720007,-1.3652840305557898,0.12454212454212454,0.5126388031259386,1.0,6/14,25.26%,PTCH1;RIPPLY2;SMAD6;TASOR;TBX3;CXXC4
prerank,Regulation Of Actin Filament Organization (GO:0110053),0.6303998931361167,1.3651282088070575,0.14225941422594143,0.3762790709593529,1.0,2/10,2.40%,HAX1;WAS
prerank,Positive Regulation Of Receptor Signaling Pathway Via JAK-STAT (GO:0046427),-0.4945032232117696,-1.364983569322329,0.08273381294964029,0.512425754660504,1.0,16/30,28.59%,OCIAD1;PIBF1;CENPJ;HES5;KIT;OCIAD2;IL6;CYP1B1;JAK2;IL4;TNF;GH2;PRLR;EP300;IL10;F2
prerank,Glucosamine-Containing Compound Metabolic Process (GO:1901071),0.5780843007198199,1.3648856971045238,0.12359550561797752,0.37632164533326357,1.0,4/13,12.96%,CHST6;RENBP;PGM3;CHST3
prerank,Regulation Of Muscle Cell Differentiation (GO:0051147),-0.5430160841543792,-1.3644138222896847,0.11330935251798561,0.5129836998613867,1.0,7/19,13.59%,LAMA2;PTBP1;LAMB2;LAMC1;NID1;MAPK11;LAMB1
prerank,Gamma-Aminobutyric Acid Signaling Pathway (GO:0007214),-0.5662378071005411,-1.3643918991566544,0.10748560460652591,0.5118466736842864,1.0,8/17,16.80%,GABRE;GABRB1;GABRG2;GABRA1;GABRA3;GABRA4;GABBR2;GABRB3
prerank,Positive Regulation Of Catabolic Process (GO:0009896),0.4110309455461829,1.364164738176428,0.04567307692307692,0.3772740472031062,1.0,19/71,16.70%,RAB7A;LAPTM5;EZR;TNFSF13B;SORL1;SNF8;CLU;OAZ2;APC2;PTK2;DDB1;NDUFA13;DAB2IP;TNFSF12;VSIR;OAZ1;RNF41;CSNK2A1;CDKN1B
prerank,Regulation Of DNA Strand Elongation (GO:0060382),0.553119181888775,1.363413014506048,0.11324786324786325,0.37822252176272214,1.0,4/16,3.64%,YY1;TFPT;NUCKS1;INO80
prerank,Response To Vitamin (GO:0033273),0.6629948970293716,1.3628745606819737,0.13793103448275862,0.3787793983464987,1.0,2/7,12.66%,SPP1;KYNU
prerank,Positive Regulation Of Telomerase RNA Localization To Cajal Body (GO:1904874),0.5858913894721154,1.3626309991291554,0.12527472527472527,0.37875635396822216,1.0,6/12,15.79%,DKC1;TNIP1;NHP2;CCT3;RUVBL1;CCT8
prerank,Cortical Actin Cytoskeleton Organization (GO:0030866),0.5313213145690471,1.3620788683004328,0.10851063829787234,0.3793869836496332,1.0,6/19,11.35%,RAB13;NCKAP1L;LLGL1;FMNL3;PLEK;LCP1
prerank,Organic Cation Transport (GO:0015695),-0.5089419963229672,-1.3620030666206044,0.08453237410071943,0.5184061464212859,1.0,8/27,11.98%,SLC6A12;SLC22A2;SLC35F3;SLC22A3;SLC5A7;SLC47A1;SLC19A3;SLC22A5
prerank,Ganglioside Catabolic Process (GO:0006689),0.7340829893039897,1.3617563924889458,0.1346578366445916,0.3796055707500367,1.0,2/5,6.16%,NEU4;HEXB
prerank,Positive Regulation Of Intracellular Signal Transduction (GO:1902533),0.3220168965998379,1.3615952093602133,0.0,0.3794393822318674,1.0,99/471,12.68%,DDR1;SLC9A3R1;LTBR;HCLS1;NEK6;LGALS9;TREM2;CD74;HAX1;NUPR1;PYCARD;LITAF;HMOX1;DDR2;PIK3AP1;LAPTM5;CHI3L1;TRADD;MTDH;TGFB1;PTPRJ;WWC1;PPARG;TGFB2;LYN;LTF;PTPN6;CXXC5;NDFIP1;LPAR1;IFI35;RHOA;TLR7;AGT;ADAM8;CD4;FGF2;LAMTOR4;GPR62;SEMA5A;RHOC;DLG5;PHB2;BAX;LAMTOR5;TRIM56;MYD88;PDGFA;DHX15;GATA3;FADD;TNIP2;TNFRSF1A;PTK2;CHUK;S100A13;SEC13;FIS1;DOK5;TLR2;APOL2;BID;PARP1;RELA;PLEKHF1;CARD11;HPSE;BECN1;LAMTOR2;BBC3;TGFBR1;RASD2;TLR3;LTB;BOK;FGF1;MAP3K7;NTS;PLXNB1;GSDME;S100B;PIK3R5;TRAF3IP2;TRIM8;PPM1A;BCL10;NLRP3;CBL;ZNF622;GOLPH3;ERBB3;FGR;TNFRSF10B;P2RY12;TIFA;FN1;PRKCB;DAB2IP;SHISA5
prerank,Nucleoside Metabolic Process (GO:0009116),0.6450472923176837,1.361582659345657,0.13793103448275862,0.37899259966420484,1.0,4/9,15.97%,TYMP;MACROD1;NME4;UPP2
prerank,Regulation Of Cellular Component Biogenesis (GO:0044087),0.4715170577312501,1.3613152877217716,0.08428246013667426,0.3789754683327532,1.0,3/34,1.97%,APOE;EZR;GFAP
prerank,Detection Of Mechanical Stimulus Involved In Sensory Perception Of Sound (GO:0050910),-0.7138108260738776,-1.3611773029596028,0.10193321616871705,0.5198622277381579,1.0,3/6,7.24%,COL11A1;PDZD7;KIT
prerank,Negative Regulation Of Establishment Of Protein Localization (GO:1904950),0.6403564733609313,1.3609719893781151,0.12253829321663019,0.3792100542487487,1.0,2/9,9.06%,NDFIP1;SNX12
prerank,Cytosolic Pattern Recognition Receptor Signaling Pathway (GO:0002753),0.5309142644155964,1.3609298451484415,0.12933025404157045,0.37881189100748,1.0,7/20,13.90%,PHB2;IRF7;RNF135;MAP3K7;TIFA;MAVS;IRF3
prerank,Amino Sugar Biosynthetic Process (GO:0046349),0.635096374090883,1.3608836924593115,0.15665236051502146,0.37844328290301876,1.0,4/9,12.56%,UAP1L1;GFPT2;GNPDA1;PGM3
prerank,Determination Of Left/Right Symmetry (GO:0007368),-0.48452466751983353,-1.3606529281527937,0.07853403141361257,0.5203667107308723,1.0,11/34,23.94%,SHH;CCDC39;GALNT11;DNAH11;DNAI1;DLL1;CCDC40;CER1;PKD2;ZIC3;RFX3
prerank,Regulation Of Macrophage Proliferation (GO:0120040),0.7398124398665609,1.3606000777852982,0.14541387024608501,0.37861459626281013,1.0,2/5,9.55%,PTK2;IL34
prerank,Negative Regulation Of Hydrolase Activity (GO:0051346),0.4542832700153654,1.3599940526116654,0.08602150537634409,0.3793208173849729,1.0,13/40,19.49%,CTSB;CSTA;SLC39A14;GMIP;EGLN1;TMED2;DAB2IP;ARL2;FICD;WNK1;CHP1;FZD10;HRAS
prerank,Regulation Of Cell Fate Specification (GO:0042659),0.5595553547755027,1.3599449917728013,0.12240184757505773,0.37894546240863175,1.0,9/14,29.18%,FGF2;CHD4;HDAC2;MTA2;MBD3;GATAD2A;MTA1;ESRP1;RBBP4
prerank,"Protein Alpha-1,2-Demannosylation (GO:0036508)",0.5539497010967684,1.3597671147537225,0.14285714285714285,0.37882981462956933,1.0,5/15,14.35%,MAN1C1;RNF185;MAN1A1;EDEM2;UGGT1
prerank,Regulation Of ATP Biosynthetic Process (GO:2001169),0.5605123641845429,1.3596053397342942,0.12127659574468085,0.3786457312884313,1.0,4/14,8.05%,TREM2;TMSB4X;ENO1;PARP1
prerank,Negative Regulation Of Insulin-Like Growth Factor Receptor Signaling Pathway (GO:0043569),-0.7552869636417545,-1.359497089256774,0.09289617486338798,0.5229627357491872,1.0,1/5,2.50%,BMP5
prerank,Transforming Growth Factor Beta Receptor Signaling Pathway (GO:0007179),-0.41906086925520397,-1.359385097729492,0.07001795332136446,0.522126041938493,1.0,23/68,16.78%,CDH5;FMOD;LTBP2;WFIKKN1;CLDN5;TGFBR3;APLP2;SMAD4;FNTA;LRRC32;COL1A2;APOA1;ID1;GDF9;WFIKKN2;TGFBR2;ENG;HPGD;GDF5;JUN;SMAD6;COL3A1;SMAD5
prerank,Autophagosome Assembly (GO:0000045),0.42514377673606596,1.3592759038124216,0.07077625570776255,0.37883363932190317,1.0,10/55,9.68%,RAB7A;EMC6;PACS2;GABARAPL2;RAB1B;STX12;GABARAP;NSFL1C;BECN1;RAB23
prerank,Regulation Of Focal Adhesion Assembly (GO:0051893),-0.44299290579769346,-1.358809189151673,0.07130124777183601,0.5227929221454579,1.0,12/53,9.95%,PHLDB2;THY1;KDR;NELL1;NRG1;EFNA5;BCAS3;SFRP1;ROCK2;MYOC;LDB1;EPHA3
prerank,Negative Regulation Of Axonogenesis (GO:0050771),-0.5336022476787432,-1.358707861887084,0.09906542056074766,0.5218664799093128,1.0,9/21,24.34%,THY1;MAP2;MCF2;ULK1;RUFY3;SEMA3G;FGF13;DCC;ULK2
prerank,Protein Quality Control For Misfolded Or Incompletely Synthesized Proteins (GO:0006515),0.4865650601746627,1.3582944861816406,0.09907834101382489,0.3802162769026336,1.0,5/27,5.28%,BAG6;DERL1;YME1L1;PEX10;RNF185
prerank,Extracellular Matrix Organization (GO:0030198),-0.3777264648378568,-1.358222621309388,0.030035335689045935,0.5222744328765151,1.0,44/152,16.03%,THSD4;HMCN1;ADAMTS1;ADAMTS2;COL13A1;COL11A1;MATN3;KLK7;GAS6;FLRT2;SCX;ECM2;ST7;CTSK;ADAMTS10;NID2;COL24A1;COL18A1;RECK;COL12A1;LAMC1;ELANE;ADAMTS8;CTSG;LOXL4;NF1;COL7A1;COL2A1;COL1A2;KLK5;CYP1B1;LOXL1;GSN;SMOC2;NID1;APP;ADAMTS9;COLQ;NPNT;COL1A1;COL8A1;COL3A1;DPT;COL16A1
prerank,Adrenal Gland Development (GO:0030325),-0.7069585744412235,-1.3582117128809759,0.11460258780036968,0.5211090168070924,1.0,4/7,10.04%,WNT4;NF1;WNT11;STRA6
prerank,Oligosaccharide Catabolic Process (GO:0009313),0.7172492234503475,1.3574412402389506,0.13569937369519833,0.3814377272896536,1.0,3/6,13.96%,NEU4;PGD;MANBA
prerank,Positive Regulation Of Cell-Cell Adhesion Mediated By Cadherin (GO:2000049),-0.7163159491384801,-1.3574280033918629,0.10892857142857143,0.5224160456971566,1.0,3/6,11.39%,PTPRU;TJP1;DENND6A
prerank,Brain Development (GO:0007420),-0.37755693402959456,-1.3572529271331777,0.02891156462585034,0.5217669311165904,1.0,48/147,22.87%,EPHA7;ZIC1;ADGRL2;EMX2;PTCH1;ZIC2;CDK5R1;MAST1;SPEF2;NFIB;EML1;SYNJ1;HES5;AMIGO1;GRIN1;AFF2;NF1;UBE3A;CCL14;SYNJ2;HSPG2;MDGA1;NNAT;TGFBR2;CTNNA2;FLNB;CNTN4;NDRG4;PBX4;NIPBL;CDK5R2;MEIS1;HESX1;RTN1;PHF8;GRIN2B;GRIN2D;KDM4B;CNTN5;TUBGCP2;ZFHX2;MEIS2;CNTNAP2;ZFHX3;RAPGEF2;ANAPC7;PBX3;CLN5
prerank,Negative Regulation Of Epithelial Cell Migration (GO:0010633),0.47571033824817754,1.3557363771706892,0.07816091954022988,0.3844534549697485,1.0,4/31,1.37%,APOE;ADIPOR1;CORO1C;TACSTD2
prerank,Detection Of Stimulus Involved In Sensory Perception Of Pain (GO:0062149),-0.7595815074818428,-1.3551942185425987,0.11842105263157894,0.5273069151145864,1.0,1/5,0.25%,KCNA1
prerank,Intracellular Cholesterol Transport (GO:0032367),0.5680897178213744,1.354651751975266,0.1053864168618267,0.3861670431272463,1.0,3/14,6.38%,ABCG1;NPC2;NPC1
prerank,"RNA Splicing, Via Transesterification Reactions With Bulged Adenosine As Nucleophile (GO:0000377)",0.3606159268256704,1.354281376136347,0.03178484107579462,0.3864527984461583,1.0,49/167,21.28%,HNRNPF;RBM42;SNRPF;HNRNPA3;NCBP2;SRSF4;MFAP1;SNRPA1;RBM8A;SF3B6;LSM7;SNRNP200;DDX41;SNRPB;GEMIN6;DHX15;SLU7;HNRNPH3;SNRPD1;HNRNPR;TXNL4A;U2AF1L4;PPIL1;SF3A1;WBP4;PRPF38A;CTNNBL1;CWC15;SART3;PNN;RNF113A;SF3B4;SRSF9;CWC27;PRPF4;RBM5;LSM2;SYF2;EIF4A3;PPIE;GPATCH1;DDX23;HNRNPC;PRPF6;HNRNPA2B1;GPKOW;WDR83;EFTUD2;RALY
prerank,Negative Regulation Of SMAD Protein Signal Transduction (GO:0060392),0.6811475123015378,1.353454815986457,0.12578616352201258,0.3876783584012699,1.0,1/7,2.53%,PPARG
prerank,Icosanoid Biosynthetic Process (GO:0046456),0.6037734073517256,1.3534178431922268,0.15319148936170213,0.38729735435590684,1.0,5/11,10.12%,PYCARD;LTA4H;ALOX5AP;NLRC4;LTC4S
prerank,Positive Regulation Of Transforming Growth Factor Beta Production (GO:0071636),-0.6263158442329291,-1.3530709026130168,0.14678899082568808,0.5329295679709696,1.0,3/10,1.20%,PTGS2;CD46;TNXB
prerank,Protein Geranylgeranylation (GO:0018344),-0.7472216693316371,-1.3527675498013594,0.12546125461254612,0.532640481843546,1.0,3/5,14.97%,FNTA;CHML;RABGGTA
prerank,N-acetylglucosamine Metabolic Process (GO:0006044),0.5628564023232231,1.3523228743954705,0.1348314606741573,0.3890034898490216,1.0,4/14,12.96%,CHST6;RENBP;GNPDA1;CHST3
prerank,B Cell Mediated Immunity (GO:0019724),0.6086988683920111,1.3519637110017089,0.13598326359832635,0.38927699596622406,1.0,3/10,9.02%,CD74;FCER1G;FCGR2B
prerank,Negative Regulation Of Striated Muscle Cell Apoptotic Process (GO:0010664),0.724388854358783,1.3519571951731848,0.14444444444444443,0.3888011072180991,1.0,1/5,0.55%,NUPR1
prerank,Regulation Of Stress Fiber Assembly (GO:0051492),-0.41034006732892625,-1.3516799915543756,0.04744525547445255,0.5349746113092816,1.0,18/72,12.12%,PHLDB2;CCN2;TPM1;ALMS1;NELL1;TMEFF2;CGNL1;MET;SFRP1;TJP1;ROCK2;MYOC;ARHGAP28;APOA1;WNT11;LIMK1;EVL;FHOD1
prerank,Tetrahydrofolate Metabolic Process (GO:0046653),0.6023469505681831,1.3515107537663347,0.1368653421633554,0.3892375923974991,1.0,3/11,3.06%,MTHFD2;SHMT2;SHMT1
prerank,DNA-templated Transcription Initiation (GO:0006352),0.4280382788005579,1.3514329701273629,0.0779510022271715,0.3889378751985047,1.0,16/53,18.14%,TAF10;GTF2E1;POLR2G;GTF2F1;E2F3;CRCP;POLR2I;GTF2F2;ELOA;ELOC;RSF1;TAF12;NAT14;POLRMT;ZFP36L2;GTF2B
prerank,Isoprenoid Metabolic Process (GO:0006720),-0.6843533365119804,-1.3510841116785017,0.1227106227106227,0.5357214682048211,1.0,2/7,12.60%,PDSS2;HMGCR
prerank,Regulation Of BMP Signaling Pathway (GO:0030510),-0.4160564655216289,-1.3509008630643273,0.05423728813559322,0.5350305325076541,1.0,17/67,13.15%,NBL1;CDH5;BMP4;FOXD1;CHRDL1;HES5;SMAD4;SFRP4;UBE2O;SKIL;SMURF2;CRIM1;BMPER;BMPR2;ENG;FST;GDF5
prerank,Synapse Organization (GO:0050808),0.36955550380264995,1.3506591935137588,0.04716981132075472,0.39006919224956044,1.0,22/126,10.18%,TNC;C1QC;DNER;PTPRF;NRCAM;CYFIP1;CHRNA1;C1QB;C1QA;CTNND2;NLGN2;PCDHB4;DBNL;RAB29;ARHGAP39;CBLN3;GPM6A;PLXND1;C5AR1;SNCA;NRXN2;DVL1
prerank,Purine Nucleobase Biosynthetic Process (GO:0009113),0.7264996069043705,1.3505679491372935,0.14316239316239315,0.38975599232660896,1.0,3/5,6.54%,SHMT2;SHMT1;PRPS1
prerank,Striated Muscle Hypertrophy (GO:0014897),-0.7507045685571353,-1.3502905902589504,0.10093457943925234,0.5357795196457587,1.0,2/5,7.15%,RYR2;MYOC
prerank,Positive Regulation Of Biomineral Tissue Development (GO:0070169),-0.4671764453411824,-1.3500915280003811,0.0831858407079646,0.5352072851605302,1.0,11/40,11.14%,BMP6;PTN;WNT6;BMP4;NELL1;WNT4;TENT5A;AMTN;PKDCC;OSR2;BMPR2
prerank,Positive Regulation Of Non-Canonical Wnt Signaling Pathway (GO:2000052),-0.6320592623483882,-1.3499883866227522,0.11594202898550725,0.5343396133434396,1.0,4/10,12.85%,NKD1;SFRP1;RSPO3;MLLT3
prerank,Positive Regulation Of Insulin Secretion (GO:0032024),0.4659302721786221,1.3498390189598082,0.09767441860465116,0.3907971360084529,1.0,9/33,11.86%,PSMD9;IRS2;BAIAP3;NLGN2;SIRT6;STX4;TM7SF3;GCK;TUNAR
prerank,Response To Endoplasmic Reticulum Stress (GO:0034976),0.37745627818391536,1.3490449075306625,0.0413625304136253,0.39198352961090493,1.0,33/107,19.20%,XBP1;SEL1L;P4HB;BAG6;DERL1;CEBPB;TRIB3;UFC1;RNF185;BAX;TMX1;ATF4;SELENOK;MAP3K5;PDIA6;BBC3;TMEM238L;TMEM117;TNFRSF10B;CCDC47;DAB2IP;BAK1;TP53;DDRGK1;EIF2S1;SEC16A;FICD;UBA5;BCL2;UFL1;ERO1A;ATF6B;ERN1
prerank,Import Into Cell (GO:0098657),-0.46806917857946095,-1.3486561585631704,0.08303886925795052,0.5376589115548316,1.0,8/36,5.57%,SLC6A13;SLC6A20;SLC18A3;SLC22A2;SLC38A5;SLC36A1;SNAP25;SLC19A1
prerank,Astrocyte Activation (GO:0048143),0.6080035589204815,1.3483468786146593,0.13852813852813853,0.39287769687729024,1.0,4/11,8.45%,TREM2;GRN;C1QA;C5AR1
prerank,Positive Regulation Of Synaptic Plasticity (GO:0031915),-0.7302101969995641,-1.3482117775758156,0.10830324909747292,0.5379485127396049,1.0,4/6,17.65%,ANAPC2;DBN1;NEUROD2;CPLX2
prerank,Positive Regulation Of Interleukin-13 Production (GO:0032736),0.639267280162849,1.3480308572417887,0.13747228381374724,0.3930647144183245,1.0,1/9,0.44%,LGALS9
prerank,Protein Localization To Nucleus (GO:0034504),0.37635344506590085,1.3476484013145154,0.030456852791878174,0.39342184586772677,1.0,21/114,10.39%,SYK;IPO13;LMNB2;KPNB1;CTDNEP1;NUTF2;LMNB1;AKT1;PHB2;SEC13;RRP7A;TOR1AIP2;NUP188;LMNA;NUP50;RANGRF;HEATR3;RPAIN;YWHAE;DVL1;STK4
prerank,Regulation Of Endoplasmic Reticulum Unfolded Protein Response (GO:1900101),0.6360217963645555,1.3474490339002225,0.1447084233261339,0.39336167866082977,1.0,4/9,19.20%,XBP1;BAX;FICD;ERN1
prerank,Regulation Of Dopamine Receptor Signaling Pathway (GO:0060159),0.7379599088216007,1.3471781351638477,0.1504237288135593,0.3934456336547035,1.0,2/5,6.63%,PALM;DTNBP1
prerank,Positive Regulation Of Potassium Ion Transport (GO:0043268),-0.575874185592018,-1.3465732520233422,0.11516314779270634,0.5422829273560033,1.0,4/14,10.56%,ADRA2A;AMIGO1;FLNA;KCNH2
prerank,Negative Regulation Of Lipid Metabolic Process (GO:0045833),0.5199360336336813,1.3462873548365457,0.12472647702407003,0.3948425018506447,1.0,3/20,3.26%,APOC1;APOC2;SREBF1
prerank,Regulation Of Steroid Biosynthetic Process (GO:0050810),-0.5995811674953782,-1.3462659873145488,0.12338858195211787,0.5420478127319865,1.0,4/12,15.92%,BMP5;WNT4;EGR1;BMP2
prerank,Bundle Of His cell-Purkinje Myocyte Adhesion Involved In Cell Communication (GO:0086073),-0.7485116465366248,-1.346210240992484,0.1082024432809773,0.5410198869977495,1.0,2/5,0.45%,DSP;PKP2
prerank,Activation Of Protein Kinase B Activity (GO:0032148),-0.5206302175340942,-1.3460922219814189,0.10746812386156648,0.5401839568730442,1.0,4/22,6.10%,NTRK3;NRG1;GAS6;INSR
prerank,Positive Regulation Of Cartilage Development (GO:0061036),-0.5734749288588104,-1.3459188660061212,0.12274368231046931,0.539599268030582,1.0,9/16,23.00%,BMP4;SCX;TAPT1;PKDCC;BMPR2;GDF5;BMP2;BMP1;MDK
prerank,Visual Learning (GO:0008542),-0.6066852972090847,-1.3453195442335435,0.11531531531531532,0.5404132396564751,1.0,5/10,12.81%,CHRNB2;NETO1;GRIN1;NF1;APP
prerank,Protein O-linked Glycosylation Via Serine (GO:0018242),0.6354342795708814,1.3452728646546035,0.13636363636363635,0.39638689274626393,1.0,2/9,3.66%,GALNT3;GALNT2
prerank,Post-Transcriptional Regulation Of Gene Expression (GO:0010608),0.41320694572537375,1.3452364952541112,0.06960556844547564,0.3959785724666565,1.0,13/53,16.35%,NUDT21;CYFIP1;ZNF385A;MEX3D;ZC3H7B;MAPKAPK5;ELP4;GIGYF2;RBM3;MSI1;EIF2S1;ELP3;MSI2
prerank,Embryonic Digestive Tract Morphogenesis (GO:0048557),-0.691819837530293,-1.3449697919889287,0.10657193605683836,0.5404860479974085,1.0,1/7,0.28%,PDGFRA
prerank,Aldehyde Catabolic Process (GO:0046185),0.6994383849504638,1.3442284761835497,0.1615720524017467,0.39758302136441975,1.0,3/5,19.21%,ALDH2;HOGA1;ALDH3B1
prerank,UDP-N-acetylglucosamine Biosynthetic Process (GO:0006048),0.647754108664917,1.344088100430544,0.16348195329087048,0.39736940134442955,1.0,4/8,12.56%,UAP1L1;GFPT2;GNPDA1;PGM3
prerank,Ventricular Septum Morphogenesis (GO:0060412),-0.5039092284683019,-1.3439790681080241,0.1092896174863388,0.542573371970356,1.0,8/25,11.22%,ZFPM2;BMP4;HEYL;SLIT2;TGFBR3;SMAD4;BMPR2;TGFBR2
prerank,UDP-N-acetylglucosamine Metabolic Process (GO:0006047),0.6154692372128988,1.34397402784278,0.14225941422594143,0.3971057577692839,1.0,4/10,12.56%,UAP1L1;GFPT2;GNPDA1;PGM3
prerank,Benzene-Containing Compound Metabolic Process (GO:0042537),0.7024365390252729,1.3435679684340216,0.16630196936542668,0.39744844217295056,1.0,3/6,12.66%,ACAA1;KYAT1;KYNU
prerank,Actin Filament Polymerization (GO:0030041),0.46236049369777255,1.3433731518780099,0.09699769053117784,0.3973365775369996,1.0,7/30,9.49%,PREX1;FAM107A;WAS;SPIRE1;GAS7;COBL;PSTPIP1
prerank,Regulation Of Mitotic Nuclear Division (GO:0007088),-0.4354182774147597,-1.3433658700355666,0.0693950177935943,0.5434391395905199,1.0,5/49,6.10%,PDGFRB;EDN3;BMP4;DUSP1;INSR
prerank,Activation Of Transmembrane Receptor Protein Tyrosine Kinase Activity (GO:0007171),-0.7503399158303659,-1.342982017658941,0.11153846153846154,0.5435375279589659,1.0,5/5,25.00%,NRG1;CHRNA3;ANGPT1;PILRB;PRLR
prerank,Negative Regulation Of Canonical Wnt Signaling Pathway (GO:0090090),-0.3816014572183151,-1.342827444779547,0.032490974729241874,0.5429043091721365,1.0,27/108,12.85%,RBMS3;HECW1;TBX18;PTPRU;BICC1;IGFBP2;TLE1;IGFBP6;GLI3;FZD6;NKD1;SFRP1;FRZB;NKD2;LATS2;SFRP4;CCDC88C;CCL14;WNT11;SFRP2;LATS1;TLE5;SHISA6;PRICKLE1;DKK2;LMBR1L;MLLT3
prerank,Regulation Of Establishment Of Protein Localization (GO:0070201),0.5695111926468351,1.3428103402903968,0.12053571428571429,0.3980536678916753,1.0,2/13,1.02%,TREM2;CTSD
prerank,Positive Regulation Of Myeloid Leukocyte Differentiation (GO:0002763),0.47482149418410285,1.3424182597219207,0.11441647597254005,0.3984069299715102,1.0,9/29,10.74%,HCLS1;CD74;HAX1;EVI2B;CD4;FADD;CCR1;IL34;TNFRSF11A
prerank,"Regulation Of Wnt Signaling Pathway, Planar Cell Polarity Pathway (GO:2000095)",-0.668276762568454,-1.3423305492429012,0.11926605504587157,0.5433754511955375,1.0,4/8,19.53%,NKD1;RSPO3;MLLT3;DACT1
prerank,Ganglioside Biosynthetic Process (GO:0001574),-0.5855312266472852,-1.3423243772610307,0.125,0.5422263440818119,1.0,6/13,18.27%,ST6GALNAC5;B4GALT6;ST6GALNAC3;B4GALNT1;ST8SIA6;ST8SIA3
prerank,Notch Signaling Involved In Heart Development (GO:0061314),-0.6183968588434969,-1.3419614690814459,0.14156079854809436,0.5422437882107224,1.0,3/10,8.04%,HEYL;JAG1;GALNT11
prerank,Magnesium Ion Transport (GO:0015693),-0.6296361401477815,-1.3419126207932142,0.1490125673249551,0.5412509956407459,1.0,5/10,29.33%,NIPA1;SLC41A2;TUSC3;MMGT1;NIPAL1
prerank,Positive Regulation Of Steroid Biosynthetic Process (GO:0010893),-0.7502349130763509,-1.3418804232484574,0.11406844106463879,0.5401747440756491,1.0,3/5,20.85%,IFNG;NR1D1;TNF
prerank,Regulation Of Protein Metabolic Process (GO:0051246),0.3876763260784181,1.3416334525933042,0.05145413870246085,0.3994712443750661,1.0,20/84,17.52%,APOE;CYFIP1;SNF8;TGFB1;INHBA;AGT;AKT1;MAPKAPK5;ELP4;RHOBTB3;RBM3;HGS;WDR91;MSI1;EIF2S1;ELP3;MSI2;PARL;UHRF1;CNDP1
prerank,Inorganic Anion Transport (GO:0015698),-0.4516399452809424,-1.3414018838175499,0.06954887218045112,0.5405680802878774,1.0,13/43,13.26%,SLC13A4;GLRA1;SLC26A2;SLC5A5;CLIC5;ANO10;SLC4A10;SLC26A7;SLC25A11;SLC26A5;CLIC2;CLCN5;SLC4A1
prerank,Regulation Of Stress-Activated Protein Kinase Signaling Cascade (GO:0070302),0.5831182856604894,1.341029101236342,0.15299334811529933,0.40015886792924293,1.0,4/11,16.40%,LYN;GSTP1;MAP2K2;GREM1
prerank,Vascular Associated Smooth Muscle Cell Differentiation (GO:0035886),-0.6403703148122071,-1.3409572848475608,0.15913200723327306,0.5408420723525607,1.0,3/8,14.06%,RAMP2;ENG;GATA6
prerank,Establishment Of Protein Localization To Organelle (GO:0072594),0.39914303645982935,1.3406568717075669,0.06053268765133172,0.40041100465094626,1.0,16/79,11.72%,SYK;IPO13;KPNB1;LAMP1;NUTF2;HK2;AKT1;PHB2;SEC13;NUP188;NUP50;RANGRF;HEATR3;RPAIN;STK4;E2F3
prerank,Cellular Response To Oxygen Levels (GO:0071453),0.6211182267985088,1.3404548137696188,0.16556291390728478,0.4003293156050478,1.0,3/9,18.49%,CPEB4;TMEM199;PICK1
prerank,Amino-Acid Betaine Metabolic Process (GO:0006577),-0.7029251063849147,-1.3404266981823436,0.16283524904214558,0.5413799514502289,1.0,2/6,10.21%,CPT1A;BHMT2
prerank,Mitochondrial Respirasome Assembly (GO:0097250),0.6500642471366963,1.3404137050663736,0.14957264957264957,0.39995355597901056,1.0,3/8,6.59%,HIGD2A;RAB5IF;COX7A2
prerank,Respiratory Chain Complex IV Assembly (GO:0008535),0.4918806240295635,1.340379543646254,0.0945945945945946,0.39953873598892153,1.0,6/24,13.66%,PET117;PET100;SCO1;COX14;COX17;SCO2
prerank,Protein Complex Oligomerization (GO:0051259),0.38597002820967374,1.3403296001209217,0.055415617128463476,0.3991790500726558,1.0,21/91,12.24%,PYCARD;NUDT21;NINJ1;ALAD;SHMT2;CHMP2A;EHD4;YME1L1;NACC2;NOL3;RNF135;NLRC4;CARD11;SNCA;SLC31A1;BOK;FKRP;ZNHIT6;BCL10;NLRP3;TIFA
prerank,Protein Localization To Membrane Raft (GO:1903044),0.7155381900976755,1.3398137005549104,0.17194570135746606,0.3996827982809487,1.0,2/5,10.91%,RFTN1;FLOT2
prerank,Regulation Of Type II Interferon-Mediated Signaling Pathway (GO:0060334),0.6323553069686021,1.3397909608200318,0.14220183486238533,0.3992541260881593,1.0,2/9,3.83%,PPARG;PTPN2
prerank,Sequestering Of Actin Monomers (GO:0042989),0.6396751515563004,1.3397368620350478,0.1437371663244353,0.3988804257809527,1.0,3/8,11.50%,TMSB4X;TWF2;SCIN
prerank,Regulation Of Bone Remodeling (GO:0046850),-0.5861709554159651,-1.3395676030595451,0.12956204379562045,0.5430587136842804,1.0,3/13,7.79%,LEPR;SFRP1;NF1
prerank,Eye Photoreceptor Cell Differentiation (GO:0001754),-0.6292053684832293,-1.3393012145767953,0.11170212765957446,0.542781855494675,1.0,5/10,26.03%,NKD1;DZANK1;TULP1;CEP290;SDK2
prerank,Coronary Vasculature Morphogenesis (GO:0060977),-0.6845173810117966,-1.3392782967129142,0.1266540642722117,0.5416895501819824,1.0,2/7,5.72%,NELL1;TGFBR3
prerank,Negative Regulation Of Transmembrane Transport (GO:0034763),0.6258454064079955,1.339206024518499,0.14096916299559473,0.39952174895834214,1.0,2/9,12.44%,IRS2;PRKCB
prerank,Regulation Of Microvillus Organization (GO:0032530),-0.7489743364393447,-1.3387834097324358,0.13541666666666666,0.542085260043537,1.0,3/5,3.31%,USH1C;PODXL;PLD1
prerank,Response To Corticosteroid (GO:0031960),-0.6852819988654609,-1.3383265189067577,0.1381957773512476,0.5423490487380349,1.0,6/7,31.48%,GOT1;IL6;TNF;PDCD7;IL10;IL1RN
prerank,Positive Regulation Of Lipid Metabolic Process (GO:0045834),0.5172432667563338,1.3375919354605885,0.1085972850678733,0.402268222730257,1.0,2/21,5.03%,APOE;AKT1
prerank,Protein Kinase C-activating G Protein-Coupled Receptor Signaling Pathway (GO:0007205),-0.6280505497785314,-1.3373156486322,0.1348314606741573,0.544441887433795,1.0,5/10,20.71%,PARD3;CHRM1;PLPP1;HTR2B;DGKH
prerank,Cellular Response To Retinoic Acid (GO:0071300),0.4607010745034714,1.3370189219529467,0.10864745011086474,0.4029408555692099,1.0,5/35,10.13%,AQP1;LYN;TWF2;PTK2B;NDUFA13
prerank,Cellular Response To Transforming Growth Factor Beta Stimulus (GO:0071560),-0.3993318179503127,-1.336936529616339,0.06115107913669065,0.5445751626458865,1.0,29/89,18.32%,CDH5;LTBP2;SFRP1;WFIKKN1;CLDN5;TGFBR3;WNT4;APLP2;PDE3A;SMAD4;FNTA;LRRC32;COL1A2;APOA1;ID1;GDF9;WFIKKN2;TGFBR2;ENG;HPGD;GDF5;ANKRD1;JUN;CLEC3B;SMAD6;COL3A1;SMAD5;NR3C1;ZFYVE9
prerank,Epithelial Cilium Movement Involved In Extracellular Fluid Movement (GO:0003351),0.5379131234596206,1.3362520841204844,0.1282051282051282,0.4039412323506797,1.0,2/17,0.56%,SLC9A3R1;AQP4
prerank,Regulation Of Spindle Assembly (GO:0090169),-0.49060837139086333,-1.3362477043793137,0.09671532846715329,0.5456173654999789,1.0,5/27,5.60%,CHMP1B;SENP6;CENPJ;PDCD6IP;HSPA1A
prerank,Oligodendrocyte Differentiation (GO:0048709),0.5173150169630792,1.335919565619175,0.12612612612612611,0.40413175104948357,1.0,6/19,8.24%,PTPRZ1;MYRF;TPPP;SOX10;ZNF488;SOX8
prerank,G Protein-Coupled Serotonin Receptor Signaling Pathway (GO:0098664),-0.6532481833119985,-1.335724435187914,0.1340782122905028,0.5461891906254441,1.0,4/8,21.47%,HTR1F;HTR2A;HTR2B;HTR1D
prerank,Negative Regulation Of Protein Polyubiquitination (GO:1902915),0.7182567804684263,1.3356839202595785,0.15434782608695652,0.40412441165264235,1.0,3/5,20.83%,PARP10;PPIA;TRIM44
prerank,Inhibitory Synapse Assembly (GO:1904862),-0.5951471763606446,-1.3352618118800155,0.13602941176470587,0.5466088372691749,1.0,7/12,20.98%,GABRG2;HAPLN4;GABRA1;LGI2;NPAS4;GABRB3;FGF13
prerank,Supramolecular Fiber Organization (GO:0097435),-0.3459568071642796,-1.334944260327108,0.020338983050847456,0.5464166725012173,1.0,58/245,14.08%,THSD4;STMN2;MFAP4;DSP;FBLN5;NOSTRIN;ADAMTS2;TPM1;MYH11;TNXB;LTBP2;NEFL;SLAIN2;COL11A1;SIAH1;STMN3;SCX;CEP126;RIPK1;CGNL1;KRT16;COL18A1;CENPJ;CNN2;RAC3;COL12A1;ZNF207;MYO1C;LOXL4;NF1;COL2A1;COL1A2;HOOK3;ELMO2;CYP1B1;FSD1;CCDC88C;LMOD1;DBN1;HOOK1;LOXL1;MYO15A;KATNB1;EMP2;MYO5A;GSN;RUFY3;TUBGCP5;TAGLN3;EVL;TPM2;TMOD3;APP;PGM5;SH3D21;ARHGAP12;RHOF;KLHL24
prerank,Regulation Of Cell Adhesion (GO:0030155),-0.372389750797116,-1.3349138261300038,0.032432432432432434,0.5453893085637671,1.0,29/136,13.94%,EPHA7;FBLN1;PKP2;TPM1;LAMA2;TNXB;DUSP1;NRG1;PODXL;EFNA5;ROCK2;LAMB2;RET;PLXNA2;CXCL8;PPP1R12A;CDH13;LAMC1;RHOD;AZU1;ATM;TNFSF18;CXCL12;ANGPT1;ARHGDIG;NID1;LAMB1;PLXNA4;RIPOR2
prerank,Regulation Of Cellular Ketone Metabolic Process (GO:0010565),-0.6059355867882966,-1.3344691240775957,0.13214285714285715,0.5457664608180666,1.0,8/11,37.82%,PDK4;NCOR2;PDK2;PRKAG2;PPARA;FGFR4;SIRT5;NR1H4
prerank,Protein Localization To Perinuclear Region Of Cytoplasm (GO:1905719),-0.7502801302008819,-1.3338507921664993,0.111328125,0.5465427684295133,1.0,3/5,13.60%,HOOK3;HOOK1;RNF26
prerank,Negative Regulation Of Bone Mineralization (GO:0030502),0.5857086026750502,1.3337022555627163,0.15964523281596452,0.40767199585562974,1.0,4/11,16.40%,CCR1;RFLNB;PTK2B;GREM1
prerank,Positive Regulation Of Tooth Mineralization (GO:0070172),-0.7126010980249425,-1.3329958986747352,0.1362763915547025,0.5482983514894932,1.0,2/6,7.72%,WNT6;AMTN
prerank,Eye Photoreceptor Cell Development (GO:0042462),-0.6450159761360607,-1.3328039202249269,0.137546468401487,0.5478139833630937,1.0,5/9,10.75%,THY1;USH1C;RPGRIP1L;DZANK1;TULP1
prerank,Negative Regulation Of Platelet-Derived Growth Factor Receptor Signaling Pathway (GO:0010642),0.5874959649144523,1.3326403214014289,0.16494845360824742,0.40936417509515394,1.0,4/11,8.63%,SLC9A3R1;PTPRJ;PTPN2;SNCA
prerank,Positive Regulation Of Microtubule Polymerization (GO:0031116),-0.5080823380791906,-1.332498454373882,0.10526315789473684,0.5477607523098725,1.0,5/25,5.60%,SLAIN2;CDK5R1;MET;OCLN;HSPA1A
prerank,Regulation Of Morphogenesis Of An Epithelium (GO:1905330),-0.6467836278539466,-1.3324340815658187,0.13857677902621723,0.5468375227500943,1.0,2/8,1.53%,FOXP1;RNF207
prerank,Negative Regulation Of p38MAPK Cascade (GO:1903753),0.6835768867642669,1.3322299182609518,0.17248908296943233,0.40977090534416327,1.0,2/6,1.60%,TREM2;EZR
prerank,Regulation Of Striated Muscle Cell Differentiation (GO:0051153),-0.7448953005542743,-1.3321153897138578,0.13320463320463322,0.5467745487931377,1.0,2/5,8.41%,NRG1;RBM24
prerank,Positive Regulation Of Metabolic Process (GO:0009893),-0.39299806326624864,-1.3320273672547156,0.06791171477079797,0.5459338941444235,1.0,28/94,18.74%,EPAS1;LEPR;OGT;ALMS1;ADCYAP1;ESRRG;LCN2;BSCL2;IFNG;FABP4;OXTR;PPARGC1A;INSR;APLP2;MFAP2;CAMK1D;STAT6;ACHE;GRB10;PPARGC1B;ALPL;SMARCA4;IGF1R;ADIPOQ;JAK2;CAV1;IL4;CMKLR1
prerank,Negative Regulation Of Macrophage Migration (GO:1905522),0.6683414072609632,1.3319506624094424,0.1655773420479303,0.40991563339406906,1.0,2/7,3.94%,SLAMF8;EMILIN1
prerank,Negative Regulation Of Cell-Cell Adhesion (GO:0022408),-0.47084614356000454,-1.3310267072242925,0.09090909090909091,0.5478802935992249,1.0,8/35,9.25%,BMP6;ASS1;PODXL;KLF4;JAG1;SPINT2;EPCAM;APOA1
prerank,Keratinocyte Differentiation (GO:0030216),-0.47625600752295894,-1.3310236442459413,0.10654205607476636,0.5467706657651138,1.0,6/32,6.28%,DSP;WNT16;TXNIP;JAG1;KRT16;FGFR1
prerank,Response To Type I Interferon (GO:0034340),0.6505771439345944,1.3309346055033326,0.15368421052631578,0.4115207949254436,1.0,5/8,25.14%,SHMT2;TRIM56;SMPD1;MX1;IFIT1
prerank,Glycolipid Metabolic Process (GO:0006664),0.488239379026563,1.3307509731725706,0.10643015521064302,0.41143071083247357,1.0,9/29,10.43%,GM2A;GBGT1;NAGA;UGCG;FUCA1;ST3GAL6;GALC;B3GNT5;GLTP
prerank,Mitochondrial Calcium Ion Transmembrane Transport (GO:0006851),-0.5753891033566663,-1.3307221557056008,0.125,0.5466489956138991,1.0,3/14,6.43%,MICU3;MICU1;MCU
prerank,Cellular Response To Nerve Growth Factor Stimulus (GO:1990090),-0.5299562847099023,-1.3304945552758303,0.12683823529411764,0.5462976895428402,1.0,4/19,7.04%,STMN2;NTRK3;NGF;MAGI2
prerank,Glycoprotein Metabolic Process (GO:0009100),0.42615077969214155,1.3304527373018464,0.11085450346420324,0.4115254559679097,1.0,22/48,20.74%,MAN1C1;ST8SIA1;TNIP1;NEU4;AGA;MAN1A1;HPSE;B4GALT5;MAN2B1;PCSK6;GAL3ST4;GOLPH3;ENGASE;CNMD;MANBA;FBXO2;GANAB;GCNT1;MGAT4A;ST8SIA5;ST8SIA4;FBXO6
prerank,Negative Regulation Of Vascular Endothelial Growth Factor Receptor Signaling Pathway (GO:0030948),0.6056551614889565,1.3303937883017622,0.13963963963963963,0.4111659508979901,1.0,8/10,22.45%,EMILIN1;PTPN1;DAB2IP;HGS;PDCD6;NIBAN2;NEDD4;HHEX
prerank,Positive Regulation Of Vasoconstriction (GO:0045907),-0.6203956170542424,-1.3299612969776105,0.1367837338262477,0.5468749070386989,1.0,3/10,17.72%,OXTR;AVPR1A;CAV1
prerank,Nucleoside Triphosphate Metabolic Process (GO:0009141),0.5906677288900821,1.3295941383730838,0.13747228381374724,0.41223477264180397,1.0,8/10,35.21%,ITPA;NME2;DCTPP1;AK5;AK4;SMPDL3A;AK8;ENPP3
prerank,Regulation Of Sodium Ion Transmembrane Transport (GO:1902305),-0.5012364263749133,-1.3294938239753284,0.11586452762923351,0.5472357563785557,1.0,7/25,15.19%,FXYD7;SCN4B;UTRN;SLMAP;FGF12;GPD1L;SCN1B
prerank,Negative Regulation Of Gluconeogenesis (GO:0045721),0.5846660873496967,1.3293037059733614,0.125,0.4123561353749064,1.0,5/12,12.56%,PGPEP1;USP7;SIRT6;GCK;SOGA1
prerank,Regulation Of Monooxygenase Activity (GO:0032768),0.604251048143814,1.3292776843498368,0.14285714285714285,0.41193844502264165,1.0,3/11,8.63%,DDAH1;DDAH2;SNCA
prerank,Cellular Response To Fatty Acid (GO:0071398),-0.5810697138730032,-1.3290425389615492,0.1492007104795737,0.5475547826030049,1.0,5/13,17.90%,KCNK4;AKR1C2;PDK4;DGAT2;PID1
prerank,Positive Regulation Of Phosphoprotein Phosphatase Activity (GO:0032516),-0.5448665143107245,-1.3289942545223663,0.11641221374045801,0.5466119765368451,1.0,5/16,7.04%,PDGFRB;ITGA1;PPP1R12A;PPP1R15A;MAGI2
prerank,Phagolysosome Assembly (GO:0001845),0.5656766799801933,1.3289621397809162,0.13763440860215054,0.41210993017409187,1.0,5/14,12.69%,RAB7A;RAB20;CORO1A;CLN3;RAB14
prerank,Negative Regulation Of Response To Biotic Stimulus (GO:0002832),0.4424801635554089,1.3285419164669443,0.09170305676855896,0.4124546414484431,1.0,10/39,17.26%,LILRA2;TYRO3;LTF;AKT1;PARP1;PPM1B;IFI16;BANF1;SIGIRR;AURKB
prerank,Positive Regulation Of Protein Localization To Plasma Membrane (GO:1903078),0.42277775395787737,1.3279514585214958,0.08685968819599109,0.41315650125569725,1.0,10/50,9.54%,RHOG;TREM2;LGALS3;AKT1;ARF6;CIB1;STX4;STAC3;CLN3;RANGRF
prerank,Negative Regulation Of Endopeptidase Activity (GO:0010951),0.4563630695347208,1.327781749488848,0.09767441860465116,0.41300588053540876,1.0,14/41,16.64%,SERPINA1;CRB2;SORL1;BIN1;LTF;AKT1;SERPINB6;SERPINA3;SERPINB1;IFI16;SERPINB8;SERPINE2;CR1;SPOCK1
prerank,Negative Regulation Of Response To Wounding (GO:1903035),0.50456109281295,1.3271743081928202,0.12141280353200883,0.4137926995582415,1.0,6/22,11.59%,PTPN6;ALOX5;FGF2;CRK;SIGLEC10;CD109
prerank,Regulation Of Dendritic Cell Apoptotic Process (GO:2000668),0.6311496878029064,1.3266049672126201,0.14644351464435146,0.41446710606406323,1.0,3/9,2.73%,LGALS9;LILRB1;LYN
prerank,Regulation Of Aldosterone Biosynthetic Process (GO:0032347),-0.6942716943023708,-1.3264735626666557,0.14647377938517178,0.5534337612722252,1.0,3/6,5.73%,BMP6;BMP5;WNT4
prerank,Gliogenesis (GO:0042063),0.5136685340962341,1.3264630453965793,0.12189616252821671,0.41428373833378157,1.0,5/21,5.80%,VCAN;CD9;TGFB2;BCAN;METRN
prerank,Establishment Or Maintenance Of Epithelial Cell Apical/Basal Polarity (GO:0045197),0.45062780520946877,1.3263265817590055,0.11674008810572688,0.41410492851350006,1.0,7/38,7.00%,SLC9A3R1;CRB2;EZR;RHOA;DLG5;LLGL1;ERBIN
prerank,Regulation Of Mitochondrion Organization (GO:0010821),0.4325500713856945,1.3262784166129689,0.08131868131868132,0.41373087153132365,1.0,9/46,11.42%,TREM2;HAX1;SREBF1;FKBP8;FIS1;MIEF2;STAT2;MTCH2;GOLPH3
prerank,Somite Development (GO:0061053),-0.6733054695210562,-1.3258683374768057,0.13419117647058823,0.5542533185355002,1.0,3/8,10.00%,PTCH1;SHH;SFRP2
prerank,Regulation Of Chemokine (C-X-C Motif) Ligand 2 Production (GO:2000341),-0.6221848718717116,-1.325643856558732,0.14393939393939395,0.5538416495190848,1.0,2/10,2.67%,FOXP1;KLF4
prerank,Negative Regulation Of Cellular Senescence (GO:2000773),-0.5542572416345425,-1.3256398655402084,0.1484375,0.5527522819015396,1.0,4/15,6.63%,MAP3K3;TBX2;RBL1;TWIST1
prerank,L-ascorbic Acid Metabolic Process (GO:0019852),0.7259451043656886,1.3255233324218383,0.16444444444444445,0.4147724898924,1.0,3/5,16.96%,SLC23A2;GSTO2;SLC2A1
prerank,Positive Regulation Of Cell-Substrate Adhesion (GO:0010811),-0.40836363284863325,-1.325050082809767,0.07818181818181819,0.5535549979667411,1.0,24/66,20.25%,NELL1;ECM2;SFRP1;RAC3;UTRN;CDH13;DOCK1;ENC1;MYOC;RELL2;APOA1;FLNA;EMP2;NPNT;DMTN;GSK3B;TRIOBP;CARMIL1;JUP;ARHGEF7;JAK2;OLFM4;FBLN2;VIT
prerank,Regulation Of T-helper 17 Cell Differentiation (GO:2000319),-0.6159288901761892,-1.324838346572982,0.14184397163120568,0.5531554723417655,1.0,6/10,19.40%,NFKBIZ;RC3H2;JUNB;NFKBID;IL4;TBX21
prerank,Endoplasmic Reticulum Calcium Ion Homeostasis (GO:0032469),0.5087983762692693,1.3240699033188226,0.14087759815242495,0.41722631563769846,1.0,11/20,21.68%,PACS2;BAX;SELENOK;FIS1;TUNAR;CCDC47;BAK1;BCL2;CAMK2D;KCTD17;TMCO1
prerank,Positive Regulation Of Cold-Induced Thermogenesis (GO:0120162),-0.39790726291856326,-1.3239227381418786,0.06972789115646258,0.5549671353956867,1.0,25/86,18.74%,EPAS1;LEPR;OGT;ALMS1;ADCYAP1;ESRRG;LCN2;BSCL2;FABP4;OXTR;PPARGC1A;APLP2;MFAP2;STAT6;ACHE;GRB10;PPARGC1B;ALPL;SMARCA4;IGF1R;ADIPOQ;JAK2;CAV1;IL4;CMKLR1
prerank,Intestinal Lipid Absorption (GO:0098856),0.680670214794992,1.3233297927946934,0.16808510638297872,0.4181723253789357,1.0,2/6,6.38%,UGCG;NPC1
prerank,Positive Regulation Of Cytokine Production Involved In Immune Response (GO:0002720),0.4892561356629336,1.323160494510902,0.10613207547169812,0.41802851327074986,1.0,6/26,12.27%,LAPTM5;SCIMP;IRF5;CD226;MAP3K7;LACC1
prerank,Positive Regulation Of Behavior (GO:0048520),-0.6117916626263309,-1.323146292738448,0.15257352941176472,0.5564627138884997,1.0,5/10,21.30%,NR4A3;GRP;STRA6;NPAS2;CFAP20
prerank,SMAD Protein Signal Transduction (GO:0060395),-0.4476946075065856,-1.3230424208485254,0.09700176366843033,0.5557267914389858,1.0,14/42,17.47%,BMP6;BMP4;BMP5;LEFTY2;SMAD4;MAGI2;GDF9;BMP3;GDF5;JUN;SMAD6;BMP2;SMAD5;MSTN
prerank,Spermidine Metabolic Process (GO:0008216),0.6510087153522346,1.3226797209792998,0.15536105032822758,0.4185316819321836,1.0,4/7,23.45%,SRM;PAOX;HDAC10;SAT1
prerank,Cellular Response To Leptin Stimulus (GO:0044320),-0.7115130315833084,-1.3225590859953815,0.13295880149812733,0.5561603083324764,1.0,2/6,1.70%,LEPR;NR4A3
prerank,Regulation Of Animal Organ Morphogenesis (GO:2000027),-0.6766088910709378,-1.322080626204756,0.1452513966480447,0.5565461370580347,1.0,1/7,1.56%,SHH
prerank,Negative Regulation Of Sodium Ion Transmembrane Transporter Activity (GO:2000650),-0.6177492102917874,-1.321901920847734,0.14728682170542637,0.5560061407275815,1.0,3/10,9.53%,HECW1;STK39;GRP
prerank,Positive Regulation Of Cell Migration By Vascular Endothelial Growth Factor Signaling Pathway (GO:0038089),-0.6894376547849003,-1.3216810820460054,0.1455223880597015,0.5556007514733449,1.0,2/7,6.85%,KDR;MYO1C
prerank,Intracellular Triglyceride Homeostasis (GO:0035356),0.6806558318721706,1.3216660969359595,0.16736401673640167,0.4200641695612037,1.0,1/6,1.15%,XBP1
prerank,Protein Processing (GO:0016485),0.37230632778255185,1.321039412052621,0.04987531172069826,0.42083180613025317,1.0,21/101,10.52%,CPM;CPXM2;CTSL;CTSS;PSENEN;MYRF;PCSK4;APH1A;CTSH;YME1L1;MASP1;SEC11C;MMP14;IMMP1L;TMEM208;SDE2;LGMN;CLN3;PCSK6;SEC11A;METAP2
prerank,Protein Localization To Microtubule Organizing Center (GO:1905508),-0.558154680314035,-1.3205460621075367,0.1436893203883495,0.5579769524784475,1.0,5/15,13.32%,PIBF1;HOOK3;CCDC14;SNX10;CEP83
prerank,Tyrosine Metabolic Process (GO:0006570),-0.657306170380761,-1.3204315638265565,0.15008726003490402,0.5571994603572614,1.0,2/8,8.43%,OCA2;PAH
prerank,Central Nervous System Projection Neuron Axonogenesis (GO:0021952),-0.6173467788213407,-1.320193261747417,0.1393596986817326,0.5568705394703098,1.0,3/10,6.27%,NFIB;CHRNB2;MYCBP2
prerank,Regulation Of Vitamin D Receptor Signaling Pathway (GO:0070562),-0.7074593746519506,-1.320022100113338,0.14516129032258066,0.5563221909593973,1.0,2/6,2.08%,MN1;KANK2
prerank,Lipid Droplet Formation (GO:0140042),-0.6308964716543187,-1.319790446033676,0.14762741652021089,0.555996256670056,1.0,2/10,4.12%,CDS1;BSCL2
prerank,Regulation Of Vesicle Fusion (GO:0031338),-0.642456435079866,-1.3197411798642824,0.15760869565217392,0.555079925353556,1.0,3/8,15.37%,RAB3A;C2CD5;STXBP1
prerank,Cellular Response To Interleukin-12 (GO:0071349),0.6170061649404834,1.3197227758560808,0.1735159817351598,0.4230299821769287,1.0,3/9,11.06%,SIRPA;P4HB;IL12RB1
prerank,Establishment Of Endothelial Intestinal Barrier (GO:0090557),0.6347182483465255,1.3194093947648335,0.16228070175438597,0.42319653319144435,1.0,2/8,2.83%,RAP2B;RAB1B
prerank,Negative Regulation Of Nervous System Development (GO:0051961),0.5252910766082345,1.3193806923631575,0.13763440860215054,0.42277011200871306,1.0,3/16,7.70%,DYNLT1;SORL1;TLR2
prerank,Linoleic Acid Metabolic Process (GO:0043651),0.6070262206726775,1.3190572820249753,0.16114790286975716,0.42298692817972255,1.0,4/11,7.92%,ALOX5;GSTP1;ALOX15B;PNPLA8
prerank,Regulation Of Keratinocyte Proliferation (GO:0010837),-0.5285879270486055,-1.3190179972525766,0.14102564102564102,0.5561629612485411,1.0,7/19,23.00%,FGF10;STXBP4;FGF7;EPPK1;PTPRK;TGM1;MDK
prerank,Cellular Response To Chemokine (GO:1990869),-0.4346766480339232,-1.3188939714054537,0.11355311355311355,0.5554752958794843,1.0,11/46,13.94%,FOXC1;DUSP1;CXCL2;CXCL8;CCL4;CXCL1;STK39;CCL14;CXCL12;PF4;RIPOR2
prerank,Cardiac Muscle Tissue Morphogenesis (GO:0055008),-0.5034188602400653,-1.3186794057350888,0.11518324607329843,0.5550490452170451,1.0,9/22,15.92%,PKP2;TPM1;TNNT2;TGFBR3;ISL1;MYLK2;ENG;ANKRD1;BMP2
prerank,Marginal Zone B Cell Differentiation (GO:0002315),0.6997280886438472,1.318452205270151,0.1697674418604651,0.42375373858004095,1.0,2/6,9.07%,PTK2B;DOCK11
prerank,Regulation Of Skeletal Muscle Contraction (GO:0014819),-0.7461321703850388,-1.3182874745013633,0.15285451197053407,0.5552885369934967,1.0,1/5,0.92%,DMD
prerank,Positive Regulation Of Leukocyte Activation (GO:0002696),0.5479124536978603,1.318270243441174,0.13288288288288289,0.42369199061284935,1.0,6/15,19.07%,CEBPA;TNIP2;HSPD1;CD226;NECTIN2;CLEC7A
prerank,Negative Regulation Of Supramolecular Fiber Organization (GO:1902904),0.3969770979292274,1.3181339395339113,0.08705882352941176,0.4234920532733627,1.0,15/67,10.58%,APOE;TREM2;PFN1;ARPIN;CRYAB;CORO1A;CLU;EMILIN1;APC2;MAPRE1;TWF2;CIB1;SNCA;PFDN2;PRKCD
prerank,Pyrimidine Nucleobase Metabolic Process (GO:0006206),0.6055796811582692,1.318038856699954,0.15789473684210525,0.4232234787998611,1.0,3/10,5.14%,DPYSL2;DPYSL3;CTPS2
prerank,Negative Regulation Of miRNA-mediated Gene Silencing (GO:0060965),0.7153265967917616,1.3179532951553203,0.17995444191343962,0.4229230324138013,1.0,3/5,23.10%,PPARG;ELOC;ZSWIM8
prerank,Inorganic Cation Transmembrane Transport (GO:0098662),-0.34475125606318324,-1.3171159432699275,0.016260162601626018,0.5580375087474726,1.0,57/235,15.50%,KCNA1;SLC6A12;SLC6A13;SLC6A20;SLC6A11;SLC6A1;SCARA5;KCNK2;SLC9A2;SCN4B;KCNB1;KCNN1;GAS6;SLC30A10;SLC36A1;KCNH5;TRPV5;CACNA1D;TRPM6;TRPC4AP;SLC6A15;CACNA1H;KCNK3;RYR3;KCNK4;KCNC3;SCN9A;KCNC4;SLC9A7;SLC8A2;SLC24A3;LRRC38;CACNA1C;KCNH7;ATP1A2;ATP1B3;KCNH2;KCNG4;ATP2A3;TRPV1;MCOLN3;SLC9A5;ATP1A3;HCN4;SLC41A2;RHCG;SLC39A10;KCNG1;AQP8;TRPM1;KCNN2;TRPM3;TRPC6;SCN1B;ATP2A1;TRPC4;TRPM7
prerank,Iron Ion Transport (GO:0006826),0.49286345094126227,1.3168049349312256,0.12641083521444696,0.42479798183734874,1.0,15/23,21.43%,FTH1;F3;LTF;SLC39A14;SLC11A1;MELTF;STEAP3;TTYH1;ARHGAP1;RAB11B;MCOLN1;DNM2;HEPH;CLTC;CP
prerank,Regulation Of Actin Polymerization Or Depolymerization (GO:0008064),0.4917016356513285,1.3164922177088934,0.1349036402569593,0.425022978356189,1.0,5/26,2.40%,HCLS1;HAX1;PFN1;COTL1;WAS
prerank,Regulation Of Axonogenesis (GO:0050770),-0.4394046415067068,-1.3162580526811014,0.09632224168126094,0.5597276738519467,1.0,12/40,16.98%,THY1;PAK3;SLIT2;PLXNA2;MCF2;RUFY3;BRSK1;PLXNA4;SLITRK1;GSK3B;ROBO1;MARK2
prerank,Regulation Of Cold-Induced Thermogenesis (GO:0120161),-0.3744217783886488,-1.3161824444349421,0.05025996533795494,0.5588898469932503,1.0,31/130,17.91%,EPAS1;FOXC2;LEPR;OGT;ALMS1;ADCYAP1;ESRRG;LCN2;BSCL2;LAMA4;ACADL;FABP4;OXTR;PPARGC1A;APLP2;MFAP2;ID1;NR1D1;STAT6;ACHE;GRB10;PPARGC1B;ALPL;SMARCA4;ACOT11;IGF1R;IL18R1;ADIPOQ;JAK2;CAV1;IL4
prerank,Striated Muscle Tissue Development (GO:0014706),-0.6058716285925594,-1.3161506661425388,0.13961605584642234,0.5579469791159772,1.0,3/11,13.49%,TBX2;BMPR2;PGM5
prerank,Positive Regulation Of Fatty Acid Biosynthetic Process (GO:0045723),0.5952631948595194,1.316023654249527,0.1607565011820331,0.4254848207093647,1.0,4/11,13.67%,APOC2;SIRT2;SLC45A3;MID1IP1
prerank,Regulation Of Leukocyte Chemotaxis (GO:0002688),-0.5589136981633069,-1.3160120769554566,0.1519434628975265,0.5573159370884826,1.0,6/15,9.75%,EDN3;PTN;SLIT2;IL6R;IL6;CAMK1D
prerank,Negative Regulation Of Wnt Signaling Pathway (GO:0030178),-0.36300951380184787,-1.31562787553943,0.027923211169284468,0.5575245873274398,1.0,33/133,13.20%,RBMS3;HECW1;PTPRU;BICC1;IGFBP2;TLE1;IGFBP6;GLI3;FZD6;NKD1;NOTUM;SFRP1;RNF43;FRZB;NKD2;HIC1;LATS2;TRABD2B;SFRP4;APCDD1;CCDC88C;CCL14;WNT11;SFRP2;LATS1;TLE5;SHISA6;GRB10;PRICKLE1;DKK2;LMBR1L;MLLT3;MDFI
prerank,Lysosomal Transport (GO:0007041),0.37309931924121437,1.3154638207865683,0.05568445475638051,0.4260722554150762,1.0,18/97,8.99%,RAB7A;M6PR;GRN;LAPTM5;SORL1;BIN1;PSAP;LAMP1;CHMP2A;VPS18;VPS51;USE1;PLEKHM1;NPC1;PLEKHF1;BECN1;NAGPA;CLN3
prerank,Serotonin Transport (GO:0006837),-0.6501224399896298,-1.3154059611051179,0.1546572934973638,0.5571547373628485,1.0,3/8,6.72%,SLC18A3;SLC22A2;SLC22A3
prerank,Podocyte Differentiation (GO:0072112),-0.629192567448588,-1.3152119618218647,0.16518650088809947,0.5567452173688993,1.0,3/9,7.04%,PODXL;JAG1;MAGI2
prerank,Axon Ensheathment In Central Nervous System (GO:0032291),0.6512455635020156,1.3146787406639777,0.17937219730941703,0.4271939136281632,1.0,3/7,5.23%,CNTNAP1;MYRF;SOX10
prerank,Serine Transport (GO:0032329),-0.6914708953893546,-1.3146722571779308,0.14579439252336449,0.557340069991108,1.0,2/6,2.06%,SLC7A10;SLC38A5
prerank,Maintenance Of Protein Location In Extracellular Region (GO:0071694),-0.7047099246883423,-1.3146405416126108,0.15413533834586465,0.5563793502513146,1.0,2/6,6.79%,NBL1;LTBP1
prerank,Calcium Ion Homeostasis (GO:0055074),-0.3959483816394941,-1.3145153826188096,0.0642361111111111,0.5557128563043819,1.0,35/82,24.50%,CDH5;RYR2;EDN3;PLN;CALCB;TRPV5;STIM2;HTR2A;ELANE;GRIN1;PTH1R;ITPR3;SLC8A2;SLC24A3;CCL14;CASQ2;CXCL12;DRD5;ATP2A3;EDNRA;ALPL;ATP2A1;TMTC2;CAV1;ATP13A5;CD40;HTR2B;SLC30A1;ATP13A2;ATP2C1;CCL7;STOML2;ATP1B1;NPTN;FAM20A
prerank,Positive Regulation Of Membrane Protein Ectodomain Proteolysis (GO:0051044),0.5564611337988185,1.3144513318672448,0.16149068322981366,0.42717868039583345,1.0,2/14,1.70%,APOE;PACSIN3
prerank,Aerobic Respiration (GO:0009060),0.4060809288573994,1.3143751840585058,0.09195402298850575,0.4268399222304758,1.0,22/57,22.84%,BLOC1S1;NDUFS6;NDUFA1;NIPSNAP2;NDUFS5;NDUFA13;NDUFA3;NDUFB6;NDUFB11;NDUFA11;NDUFS4;NDUFS7;CHCHD10;NDUFB5;NDUFA2;UQCRB;NDUFC2;NDUFA9;NDUFB7;NDUFC1;MTFR1;NDUFAB1
prerank,Pyroptosis (GO:0070269),0.47525689735894905,1.313918382104308,0.12141280353200883,0.4273508178458915,1.0,5/24,11.11%,TREM2;PYCARD;NLRC4;GSDME;NLRP3
prerank,Gamma-Aminobutyric Acid Metabolic Process (GO:0009448),0.7234334550735233,1.3139009640513681,0.17136659436008678,0.4269027752918372,1.0,4/5,18.83%,ALDH5A1;ALDH1A1;GAD2;GAD1
prerank,Positive Regulation Of Dendritic Cell Antigen Processing And Presentation (GO:0002606),0.7111289889608106,1.3138942813907712,0.1733615221987315,0.4259749185433385,1.0,1/5,3.02%,SLC11A1
prerank,Positive Regulation Of Antigen Processing And Presentation (GO:0002579),0.7111289889608106,1.3138942813907712,0.1733615221987315,0.4259749185433385,1.0,1/5,3.02%,SLC11A1
prerank,COPII Vesicle Coating (GO:0048208),0.5185461045809499,1.3135734881377648,0.1419068736141907,0.4256819871333385,1.0,6/17,19.72%,TRAPPC3;PREB;TMED2;TMED10;PDCD6;TRAPPC2L
prerank,"Vesicle Targeting, Rough ER To cis-Golgi (GO:0048207)",0.5185461045809499,1.3135734881377648,0.1419068736141907,0.4256819871333385,1.0,6/17,19.72%,TRAPPC3;PREB;TMED2;TMED10;PDCD6;TRAPPC2L
prerank,Regulation Of G2/M Transition Of Mitotic Cell Cycle (GO:0010389),0.44922161103810554,1.3132186763427405,0.111358574610245,0.42596163954025756,1.0,3/33,2.59%,USP47;TNFSF13B;CDKN1A
prerank,Intrinsic Apoptotic Signaling Pathway In Response To Endoplasmic Reticulum Stress (GO:0070059),0.472226574018135,1.312431410952932,0.13566739606126915,0.42703644097496485,1.0,16/27,19.20%,BAG6;CEBPB;TRIB3;BAX;ATF4;SELENOK;MAP3K5;BBC3;TMEM238L;TMEM117;TNFRSF10B;DAB2IP;BAK1;BCL2;ERO1A;ERN1
prerank,Negative Regulation Of Protein Processing (GO:0010955),0.5570331173115738,1.3121198400239997,0.17620137299771166,0.4271983390079453,1.0,3/13,15.44%,CTSZ;SNX12;SERPINE2
prerank,Regulation Of Small Molecule Metabolic Process (GO:0062012),0.44465652514568016,1.3120893549710466,0.10070257611241218,0.42677963974960414,1.0,3/40,0.87%,APOE;ABCG1;ADIPOR1
prerank,Phospholipid Catabolic Process (GO:0009395),-0.5034029700356681,-1.3120378609149252,0.13479052823315119,0.5625102943861184,1.0,6/23,21.07%,ENPP6;PLD1;PLA2G4A;PLA2G4B;GPCPD1;GDPD3
prerank,N-glycan Processing (GO:0006491),0.5191547016366559,1.3112089025153635,0.12882096069868995,0.4281232162593559,1.0,5/18,7.94%,MAN1C1;ST8SIA1;GNPTG;GNPTAB;MAN1A1
prerank,Cellular Response To dsRNA (GO:0071359),0.5590652391137861,1.3111515970109024,0.168141592920354,0.42776536460037556,1.0,10/13,32.12%,COLEC12;MAVS;ZCCHC3;PQBP1;IFIH1;PDE12;IFIT1;RALB;FLOT1;CGAS
prerank,Positive Regulation Of Immune Effector Process (GO:0002699),0.49518956292840416,1.3109690388155206,0.14502164502164502,0.4276901847666046,1.0,5/25,3.18%,LGALS9;XBP1;LILRB1;PTPRJ;MYO18A
prerank,Regulation Of T-helper 1 Cell Cytokine Production (GO:2000554),-0.7422207137154915,-1.3108532251401033,0.1455223880597015,0.5642123347725635,1.0,3/5,19.40%,IL1R1;IL18R1;TBX21
prerank,Positive Regulation Of T-helper 1 Cell Cytokine Production (GO:2000556),-0.7422207137154915,-1.3108532251401033,0.1455223880597015,0.5642123347725635,1.0,3/5,19.40%,IL1R1;IL18R1;TBX21
prerank,Membrane Protein Proteolysis (GO:0033619),0.4586842263655678,1.3108167786071627,0.10392609699769054,0.427554359719582,1.0,4/31,3.25%,PSENEN;TGFB1;APH1A;CTSH
prerank,Regulation Of Heart Rate By Cardiac Conduction (GO:0086091),-0.44335236618606505,-1.3105013228135487,0.11734693877551021,0.5642470901079493,1.0,14/38,17.72%,CACNB2;DSP;PKP2;SCN4B;CACNA1D;CACNA2D1;ISL1;CACNA1C;KCNH2;HCN4;DSG2;SCN1B;JUP;CAV1
prerank,Regulation Of Cardiac Muscle Cell Membrane Potential (GO:0086036),-0.708831818208363,-1.3100276387637757,0.1532976827094474,0.5646256208363002,1.0,1/6,1.37%,PLN
prerank,Transcription Elongation By RNA Polymerase II (GO:0006368),0.4726191996600337,1.3099554840091758,0.0967032967032967,0.42884498339844257,1.0,9/26,17.32%,CDC73;GTF2F1;ELP4;LEO1;POLR2I;SART3;GTF2F2;RTF1;PEX2
prerank,Pancreas Development (GO:0031016),-0.5757246726293731,-1.3096334371676548,0.11449016100178891,0.5648023725394945,1.0,7/13,23.18%,NKX6-1;MET;ISL1;ILDR2;CCDC40;ZIC3;TCF7L2
prerank,Regulation Of Dendrite Morphogenesis (GO:0048814),-0.46762777293289076,-1.309336272599835,0.10586011342155009,0.5646932039388414,1.0,9/30,15.29%,HECW1;CAPRIN2;CHRNB2;CHRNA3;CDKL3;KNDC1;SARM1;SS18L1;GSK3B
prerank,Protein Destabilization (GO:0031648),0.4513359651941674,1.3088396722319506,0.1359447004608295,0.4306604091961018,1.0,8/33,8.63%,SERF2;DAZAP2;CTSH;DERL1;CDC73;RAD23A;SIRT6;SNCA
prerank,Galactose Metabolic Process (GO:0006012),0.6862088356896566,1.3086521627402374,0.1728395061728395,0.4305626296741797,1.0,4/6,24.16%,GALK1;GALE;GALM;GALK2
prerank,Response To Retinoic Acid (GO:0032526),0.4164575500005698,1.3086123227102762,0.0935412026726058,0.43019656179334337,1.0,7/50,10.13%,AQP1;LYN;CTSH;TWF2;PTK2B;RXRA;NDUFA13
prerank,Negative Regulation Of Wound Healing (GO:0061045),0.48782719557705784,1.307922432626602,0.15468409586056645,0.4310895082847398,1.0,4/26,4.40%,APOE;ALOX5;FGF2;CRK
prerank,GMP Metabolic Process (GO:0046037),-0.6490794835498808,-1.307782314051397,0.17110266159695817,0.5685567590464503,1.0,2/8,9.00%,HPRT1;GMPS
prerank,Regulation Of Mitotic Cell Cycle Phase Transition (GO:1901990),0.38452582535067353,1.3077560294708244,0.06683168316831684,0.4309666278327958,1.0,14/84,7.99%,NEK6;CDKN2A;PPP1R9B;CDKN1A;PTPN6;SIRT2;PSME2;INO80;DPF3;CDKN2B;DDB1;CDC23;SMARCB1;PSME1
prerank,Regulation Of Natural Killer Cell Activation (GO:0032814),0.5609163333139647,1.3076914454623947,0.18859649122807018,0.43064723145802986,1.0,1/12,0.13%,TYROBP
prerank,"Positive Regulation Of CD4-positive, Alpha-Beta T Cell Differentiation (GO:0043372)",0.7193563772174673,1.3074224144843718,0.17555555555555555,0.43073870434215766,1.0,3/5,16.04%,NCKAP1L;ZBTB7B;SOCS1
prerank,Positive Regulation Of Cytoplasmic Transport (GO:1903651),0.5742839315418218,1.3073550643449325,0.1558139534883721,0.43041893998724,1.0,2/11,1.79%,EZR;SORL1
prerank,Regulation Of Epithelial Cell Proliferation (GO:0050678),-0.39581409866503986,-1.3072840362895484,0.06764168190127971,0.569075854234708,1.0,21/76,14.02%,BMP6;FGF10;NR4A1;NR4A3;BMP4;BMP5;SFRP1;FGF18;EGFR;TGFBR3;LAMC1;MARVELD3;FGF9;SGPP2;SFRP2;NR1D1;ANGPT1;OSR2;GDF5;LAMB1;FGF7
prerank,Transcription By RNA Polymerase II (GO:0006366),0.34520355174156453,1.3071352530443565,0.03015075376884422,0.43036008571336337,1.0,45/173,19.06%,TAF10;ARRB2;XBP1;CCDC124;ADRM1;CBFB;NCBP2;PPARG;SNAPC2;CDC73;ELL2;POLR2L;GTF2E1;ATF4;POLR2G;GTF2F1;DRAP1;ZNF141;ELP4;PARP1;C5AR1;XRN2;ZBTB7B;RXRA;LEO1;E2F3;POLR2I;PCF11;GTF2F2;ELOA;RTF1;ELOC;NFIX;POLR2A;TAF12;THRA;PEX2;POLR2K;TRIP13;GLIS3;GTF2B;DDX21;S100A10;SNAPC5;DEAF1
prerank,Microtubule Depolymerization (GO:0007019),-0.5554057365249435,-1.3071140982241767,0.13368055555555555,0.5685646969192514,1.0,2/15,2.42%,STMN2;STMN3
prerank,Negative Regulation Of Protein Metabolic Process (GO:0051248),0.3570420500683825,1.3068942281618081,0.057692307692307696,0.4304123862771194,1.0,17/126,10.91%,APOE;TREM2;CAPRIN1;CRYAB;CSTA;SIRT2;SHMT1;BAG6;CLU;RGP1;AKT1;CD84;CLN3;SNX12;GIGYF2;PFDN2;FLOT2
prerank,N-terminal Protein Amino Acid Acetylation (GO:0006474),-0.5563761814632644,-1.30687398153633,0.16515426497277677,0.5682708716766316,1.0,10/14,33.68%,NAA25;CREBBP;NAA35;NAA15;NAA20;EP300;NAA16;LSM8;NAA80;NAA30
prerank,Cilium Organization (GO:0044782),-0.34588766330763426,-1.3068103406935803,0.022727272727272728,0.5674082616702385,1.0,75/207,28.60%,MNS1;FAM161A;CEP126;KIFAP3;CDC14A;CCP110;INTU;PIBF1;IFT80;CPLANE1;BBS9;IFT81;CENPJ;WDPCP;CFAP54;CFAP70;GALNT11;IFT88;KIF3A;DYNC2H1;WDR19;FLNA;TTC26;TTLL3;GSN;KIF27;ARMC9;SNX10;ARL6;TTBK2;UBXN10;CEP83;PCNT;CEP164;IFT57;CFAP221;ARMC2;TTC30A;DNMBP;AHI1;SEPTIN6;CFAP58;CC2D2A;TEKT2;EHD1;IFT27;SCLT1;PKD2;CEP290;STK36;CFAP20;WDR54;TMEM216;TTC21B;ACTR2;IQCB1;RFX3;TTC29;TMEM67;RPGR;AVIL;BBS5;CCDC66;TCTN1;DZIP1L;CCDC57;TMEM250;MBD1;B9D1;UNC119B;HSPB11;CDC14B;IFT172;TTC17;ATAT1
prerank,Positive Regulation Of Protein Localization To Early Endosome (GO:1902966),0.6375585496801398,1.3064054250295394,0.16444444444444445,0.4299866287774396,1.0,2/8,1.79%,EZR;SORL1
prerank,Positive Regulation Of Protein Localization To Endosome (GO:1905668),0.6375585496801398,1.3064054250295394,0.16444444444444445,0.4299866287774396,1.0,2/8,1.79%,EZR;SORL1
prerank,Regulation Of Protein Localization To Early Endosome (GO:1902965),0.6375585496801398,1.3064054250295394,0.16444444444444445,0.4299866287774396,1.0,2/8,1.79%,EZR;SORL1
prerank,Negative Regulation Of G1/S Transition Of Mitotic Cell Cycle (GO:2000134),0.4661069965169681,1.306336459812775,0.11136363636363636,0.42965153745192464,1.0,10/30,10.29%,CCL2;FAM107A;GPNMB;CDKN1A;INHBA;CDC73;NACC2;ZNF655;CDK2AP2;CRLF3
prerank,"Establishment Of Mitochondrion Localization, Microtubule-Mediated (GO:0034643)",0.701685179802878,1.3057402096722597,0.16808510638297872,0.4305020076113597,1.0,1/5,6.54%,MAP1S
prerank,Isoprenoid Biosynthetic Process (GO:0008299),-0.6551053222583662,-1.3056442770187526,0.19607843137254902,0.5699126833092457,1.0,2/7,12.60%,PDSS2;HMGCR
prerank,DNA-templated Transcription Elongation (GO:0006354),0.4773707883604015,1.3054555150479679,0.1341991341991342,0.43058366627177447,1.0,8/24,18.06%,CDC73;GTF2F1;ELP4;LEO1;GTF2F2;RTF1;PEX2;POLR1E
prerank,Fatty Acid Transport (GO:0015908),0.4614728542875137,1.3053808977052026,0.12903225806451613,0.43028531232621436,1.0,3/31,2.53%,APOE;PMP2;PPARG
prerank,Negative Regulation Of JUN Kinase Activity (GO:0043508),0.5869394232712706,1.3053567344092156,0.1598173515981735,0.42986846119438676,1.0,2/11,6.32%,MAPK8IP1;GSTP1
prerank,Positive Regulation Of Leukocyte Adhesion To Vascular Endothelial Cell (GO:1904996),0.524707693050914,1.3047805395191807,0.1561822125813449,0.4305378266747665,1.0,4/16,8.10%,ITGB2;RHOA;FUT4;RELA
prerank,Protein Transmembrane Import Into Intracellular Organelle (GO:0044743),0.4643141878920085,1.3039509481302547,0.11697247706422019,0.4317226387285427,1.0,14/29,26.30%,PEX5;PEX10;HSPD1;ROMO1;TIMM17B;TOMM20;PEX2;PEX12;PEX16;TIMM50;PEX6;GRPEL2;TIMM21;TIMM44
prerank,Fructose Metabolic Process (GO:0006000),0.6676887063280204,1.3037950351727068,0.19703389830508475,0.431574078203398,1.0,5/6,22.43%,FBP1;SORD;KHK;KHSRP;ALDOB
prerank,"Negative Regulation Of CD4-positive, Alpha-Beta T Cell Activation (GO:2000515)",0.6232365776293769,1.3037391232673203,0.17995910020449898,0.43121694625103907,1.0,4/8,15.66%,LGALS9;RUNX3;RUNX1;VSIR
prerank,Regulation Of Cartilage Development (GO:0061035),-0.542381902159758,-1.3034641219980458,0.1564748201438849,0.5758313750809193,1.0,10/17,24.36%,BMP4;SCX;TAPT1;WNT11;BMPR2;KAT2A;BMP2;MBOAT2;MDK;TRPS1
prerank,Axo-Dendritic Transport (GO:0008088),-0.7293000041066735,-1.3034457333884333,0.15942028985507245,0.574823686303271,1.0,2/5,12.81%,SPG11;APP
prerank,Negative Regulation Of Secretion By Cell (GO:1903531),0.4435186649422629,1.303192452573808,0.13258426966292136,0.43190133143485854,1.0,6/34,8.63%,APOE;LILRB1;ERP29;TNFRSF1A;VAMP8;SNCA
prerank,Negative Regulation Of Vascular Endothelial Growth Factor Signaling Pathway (GO:1900747),-0.6470990280792753,-1.3027818867456324,0.16216216216216217,0.575856797457431,1.0,2/8,2.07%,DCN;NRG1
prerank,Postsynaptic Membrane Assembly (GO:0097104),0.6647172203294682,1.302645697655421,0.18201284796573874,0.43256624219626005,1.0,2/7,10.04%,NLGN2;NRXN2
prerank,Nuclear Migration (GO:0007097),0.5129027011641915,1.302527509398618,0.13808463251670378,0.43231844653222884,1.0,6/16,13.24%,SLC9A3R1;LMNB2;LMNB1;LMNA;SYNE3;SUN2
prerank,DNA Deamination (GO:0045006),0.5633077264713349,1.3022580603364915,0.15695067264573992,0.43242939978632966,1.0,5/12,19.96%,APOBEC3C;EXOSC4;EXOSC6;EXOSC3;APOBEC3G
prerank,Positive Regulation Of Interleukin-5 Production (GO:0032754),-0.7262338018210055,-1.3020622338618701,0.17533718689788053,0.5770505066430404,1.0,1/5,0.17%,PDE4D
prerank,Negative Regulation Of Receptor Signaling Pathway Via STAT (GO:1904893),0.5670675092611125,1.3016859339948814,0.18805309734513273,0.4331519080152602,1.0,8/12,25.57%,PPARG;PTPN2;HGS;SOCS1;VHL;SOCS3;NF2;BCL3
prerank,Dopamine Transport (GO:0015872),-0.6689070815159418,-1.3013007028915495,0.16636851520572452,0.5783568389433474,1.0,2/7,6.72%,SLC22A2;SLC22A3
prerank,Positive Regulation Of Secondary Metabolite Biosynthetic Process (GO:1900378),-0.6561546280546086,-1.3012338736654085,0.1636029411764706,0.57647018121938,1.0,1/7,1.27%,TYRP1
prerank,Positive Regulation Of Melanin Biosynthetic Process (GO:0048023),-0.6561546280546086,-1.3012338736654085,0.1636029411764706,0.57647018121938,1.0,1/7,1.27%,TYRP1
prerank,Endoplasmic Reticulum Tubular Network Organization (GO:0071786),-0.54481203808047,-1.3010985641671031,0.14492753623188406,0.575822845460209,1.0,6/16,16.33%,REEP1;ATL2;REEP2;ATL1;RTN1;LNPK
prerank,Bicarbonate Transport (GO:0015701),-0.5226368450078647,-1.3006012894480519,0.16257088846880907,0.5762743225484377,1.0,6/18,14.20%,SLC4A3;SLC4A10;SLC26A7;SLC26A5;SLC4A1;CYB5R1
prerank,Regulation Of Dendritic Cell Chemotaxis (GO:2000508),0.6459489828381602,1.3005761594158036,0.18840579710144928,0.4348965736570088,1.0,2/7,2.03%,LGALS9;SLAMF8
prerank,Positive Regulation Of Animal Organ Morphogenesis (GO:0110110),-0.7206120901445134,-1.3004167162804356,0.163003663003663,0.5757681863915618,1.0,2/5,3.51%,CD34;SIX1
prerank,Gamma-Aminobutyric Acid Transport (GO:0015812),-0.6993554579112067,-1.300268859085753,0.16087751371115175,0.5751887392662128,1.0,4/6,1.11%,SLC6A12;SLC6A13;SLC6A11;SLC6A1
prerank,mRNA Processing (GO:0006397),0.3398266349654747,1.3002467197612566,0.036855036855036855,0.43513754189299636,1.0,57/198,21.28%,HNRNPF;RBM42;NUDT21;SNRPF;HNRNPA3;NCBP2;SRSF4;MFAP1;SNRPA1;RBM8A;SF3B6;LSM7;SNRNP200;DDX41;SNRPB;GEMIN6;DHX15;SLU7;HNRNPH3;SNRPD1;HNRNPR;TXNL4A;U2AF1L4;CPSF3;PPIL1;SCAF11;ALKBH5;SF3A1;WBP4;PRPF38A;CTNNBL1;CWC15;SART3;CMTR1;PNN;RNF113A;TBRG4;SF3B4;SRSF9;CWC27;PRPF4;RBM5;LSM2;SYF2;EIF4A3;ERN1;PPIE;GPATCH1;DDX23;HNRNPC;PRPF6;HNRNPA2B1;CELF1;GPKOW;WDR83;EFTUD2;RALY
prerank,Response To Sterol (GO:0036314),0.5873243123100821,1.2999568828333832,0.16972477064220184,0.4352450350109602,1.0,3/10,9.04%,PMVK;TGFB1;TGFBR1
prerank,T-helper 1 Type Immune Response (GO:0042088),-0.7028800986223883,-1.2998164176636395,0.14391143911439114,0.5756104174109592,1.0,1/6,0.19%,LEF1
prerank,Cellular Component Maintenance (GO:0043954),0.5848604433206148,1.2996797787957965,0.17582417582417584,0.43536634899685034,1.0,2/10,1.05%,TREM2;TPRN
prerank,Artery Development (GO:0060840),-0.5053381906092076,-1.2994732524532422,0.1346153846153846,0.5755918528712857,1.0,9/22,20.03%,NELL1;NF1;STRA6;BMPR2;TGFBR2;GJA5;ENG;ROBO1;PKD2
prerank,Regulation Of Platelet-Derived Growth Factor Receptor Signaling Pathway (GO:0010640),0.5789307501899124,1.2991883686217063,0.16452991452991453,0.4359262795988425,1.0,5/11,13.58%,SLC9A3R1;PTPRJ;SNCA;CBL;HGS
prerank,Carboxylic Acid Biosynthetic Process (GO:0046394),0.5785771273979587,1.2990645970794557,0.16017316017316016,0.435719084341349,1.0,2/11,5.97%,PYCARD;NLRC4
prerank,Regulation Of Nuclear Cell Cycle DNA Replication (GO:0033262),0.6373828879751126,1.2990491855451185,0.16263736263736264,0.43528953411821814,1.0,1/8,3.64%,INO80
prerank,Regulation Of Interleukin-12 Production (GO:0032655),0.43974337747053516,1.2988900798027756,0.11136363636363636,0.4351801012119316,1.0,10/41,9.21%,LGALS9;SYK;LAPTM5;SCIMP;LILRB1;IRF5;TLR2;HSPD1;TLR3;LTB
prerank,Sulfur Compound Catabolic Process (GO:0044273),0.499402341748036,1.2981020690249852,0.11842105263157894,0.4362943107346729,1.0,7/20,15.61%,HPSE;NAGLU;GNS;DPEP2;MPST;NUDT19;GPC1
prerank,Positive Regulation Of Protein Kinase B Signaling (GO:0051897),0.38248751713428647,1.2980622666083546,0.07125307125307126,0.43592135100260454,1.0,16/81,10.49%,HCLS1;HAX1;CHI3L1;MTDH;TGFB1;PTPRJ;FGF2;SEMA5A;PDGFA;GATA3;PTK2;HPSE;TGFBR1;RASD2;NTS;PIK3R5
prerank,RNA Decapping (GO:0110154),0.7082432011152814,1.297937886968194,0.21478060046189376,0.4356962340999859,1.0,2/5,9.05%,NUDT3;NUDT16
prerank,Positive Regulation Of Proteolysis (GO:0045862),0.40973374882724983,1.2975344516781846,0.09388646288209607,0.4360642718013743,1.0,12/53,10.13%,APOE;CTSL;CTSS;PACSIN3;CTSH;TNIP1;MAPK12;NLRC4;FADD;CLN6;CTSC;NDUFA13
prerank,Regulation Of MAP Kinase Activity (GO:0043405),-0.3729779560579792,-1.297471322111258,0.06055363321799308,0.5807239864925937,1.0,23/104,7.79%,NTRK3;PDGFRB;TRIB2;PDGFD;ADRA2A;TPD52L1;EDN3;BMP4;DUSP1;UCHL1;SPRY4;SOS1;SPRY3;FGF18;EGFR;STK38;INSR;FGFR1;ELANE;S100A12;NEK10;KIT;NF1
prerank,Neuron Projection Extension (GO:1990138),-0.45302987863933447,-1.296369155268224,0.11753731343283583,0.5831864573660669,1.0,15/37,20.30%,NELL1;SLC39A12;NELL2;AUTS2;FLRT3;CDKL3;SPG11;ULK1;CTNNB1;SEMA3F;EIF2AK4;SLC9A6;HSP90AA1;CDK5;SH3GL2
prerank,Positive Regulation Of Monoatomic Ion Transport (GO:0043270),-0.44295542668106247,-1.296011274177586,0.127208480565371,0.5832780533357874,1.0,7/38,5.36%,CACNB2;PKP2;ADRA2A;SCN4B;CACNA1D;STIM2;CCL4
prerank,DNA Dealkylation Involved In DNA Repair (GO:0006307),0.6463698092660621,1.2959235881103037,0.19080459770114944,0.4385470747746156,1.0,2/7,10.14%,ALKBH2;ASCC3
prerank,DNA Dealkylation (GO:0035510),0.6463698092660621,1.2959235881103037,0.19080459770114944,0.4385470747746156,1.0,2/7,10.14%,ALKBH2;ASCC3
prerank,Positive Regulation Of Peroxisome Proliferator Activated Receptor Signaling Pathway (GO:0035360),-0.7317051563720649,-1.2957501306175718,0.1510791366906475,0.5830169831742975,1.0,2/5,15.92%,PTGIS;BMP2
prerank,Positive Regulation Of Osteoblast Differentiation (GO:0045669),-0.44419393025812015,-1.2945139915819024,0.1157167530224525,0.5858658497989822,1.0,10/41,11.14%,BMP6;TP63;BMP4;NELL1;CCN4;WNT4;TENT5A;IL6R;IL6;BMPR2
prerank,Positive Regulation Of Protein Localization To Cajal Body (GO:1904871),0.6117726046791082,1.294263734110809,0.21524663677130046,0.44107876185687345,1.0,4/8,15.79%,DKC1;LARP7;CCT3;CCT8
prerank,Regulation Of Protein Localization To Cajal Body (GO:1904869),0.6117726046791082,1.294263734110809,0.21524663677130046,0.44107876185687345,1.0,4/8,15.79%,DKC1;LARP7;CCT3;CCT8
prerank,Regulation Of Membrane Protein Ectodomain Proteolysis (GO:0051043),0.5018949880848596,1.2941008044963873,0.12962962962962962,0.4409441519945371,1.0,2/21,1.70%,APOE;PACSIN3
prerank,Negative Regulation Of Oligodendrocyte Differentiation (GO:0048715),-0.7161250289907477,-1.294037732844763,0.16165413533834586,0.5863551223619229,1.0,2/5,7.79%,HES5;NF1
prerank,Regulation Of Granulocyte Macrophage Colony-Stimulating Factor Production (GO:0032645),0.6627637906491641,1.2934221719413448,0.18629550321199143,0.44178640535200003,1.0,2/7,6.67%,LILRA2;CD84
prerank,Positive Regulation Of Smooth Muscle Cell Proliferation (GO:0048661),-0.4389704165313116,-1.2931864282394847,0.08944543828264759,0.5879798083816177,1.0,11/43,9.20%,PDGFRB;FOXP1;NR4A3;BMP4;CCN4;HES5;CDH13;ELANE;IL6R;FGF9;IL6
prerank,Cellular Response To Gonadotropin Stimulus (GO:0071371),-0.713748543276026,-1.2931130602111967,0.16165413533834586,0.5871882311789595,1.0,4/5,27.88%,SLC5A5;LHCGR;PAX8;NSMF
prerank,Regulation Of RNA Metabolic Process (GO:0051252),-0.38467986673898025,-1.2930518765511927,0.07216494845360824,0.5863390422671864,1.0,24/84,16.28%,AHNAK2;ZNF638;PTBP1;CCNL2;HNRNPLL;PDE3A;PCBP3;RC3H2;CLK4;PTBP2;ATXN7L3;ILDR2;SUPT20H;CLK1;USP36;MBNL2;SRSF1;RBM20;TRRAP;TAF5L;KAT2A;SRRM4;TRA2B;AKAP17A
prerank,Negative Regulation Of Execution Phase Of Apoptosis (GO:1900118),0.6908439919985088,1.2929971842849965,0.18385650224215247,0.4422246078086635,1.0,2/5,19.46%,RNF34;RFFL
prerank,Positive Regulation Of Response To Endoplasmic Reticulum Stress (GO:1905898),0.5158330760419287,1.2925018247956772,0.14988814317673377,0.4427209227811598,1.0,7/18,13.72%,XBP1;BAG6;RNF185;BAX;FCGR2B;BOK;BAK1
prerank,Embryonic Heart Tube Development (GO:0035050),-0.557741012706388,-1.291747530022229,0.1717687074829932,0.589331910294771,1.0,5/13,25.91%,RYR2;TBX2;NDRG4;FGF8;NKX2-5
prerank,Positive Regulation Of Muscle Hypertrophy (GO:0014742),-0.5716729126371027,-1.2915094600399313,0.17454545454545456,0.5890663228424969,1.0,3/12,4.67%,NR4A3;PDE9A;ROCK2
prerank,Regulation Of Neuron Migration (GO:2001222),-0.47865711737300565,-1.2911481443261374,0.14464285714285716,0.5891768957863586,1.0,10/27,27.88%,ULK4;CTNNA2;KIF26A;PHACTR1;NIPBL;COL3A1;RAPGEF2;MDK;TNN;NSMF
prerank,Negative Regulation Of Neuron Projection Development (GO:0010977),0.41568381308334906,1.2909367055828396,0.1074561403508772,0.44550827417269856,1.0,8/52,5.86%,APOE;DPYSL3;TNR;LPAR1;ITM2C;PTPRO;RAB29;NGEF
prerank,Positive Regulation Of Fatty Acid Oxidation (GO:0046321),-0.5682677071446829,-1.2909049310030847,0.18714555765595464,0.5888934933722435,1.0,4/12,6.63%,NR4A3;ABCD2;PPARGC1A;TWIST1
prerank,Negative Regulation Of Interleukin-1 Production (GO:0032692),0.4702442237366421,1.2907629303299568,0.14988814317673377,0.44540986344519695,1.0,5/25,13.04%,LILRB4;GSTP1;SERPINB1;NLRP3;CD33
prerank,Focal Adhesion Assembly (GO:0048041),-0.5006296077507352,-1.2906027728909346,0.15232974910394265,0.5888009608385363,1.0,7/20,20.97%,THY1;CDH11;RHOD;TAOK2;ARHGEF7;PTPRK;THSD1
prerank,Amyloid-Beta Formation (GO:0034205),0.6361764895028121,1.290594963900688,0.19727891156462585,0.4452478077514468,1.0,2/8,3.08%,PSENEN;APH1A
prerank,Regulation Of Protein Polymerization (GO:0032271),0.4647870642601617,1.2904566321328128,0.10526315789473684,0.445019803858024,1.0,6/32,3.31%,HCLS1;HAX1;PFN1;COTL1;TPPP;TTBK1
prerank,Cellular Response To BMP Stimulus (GO:0071773),-0.42659142315666687,-1.2904117442810517,0.10391822827938671,0.5883734071846323,1.0,20/51,18.67%,BMP6;VSTM2A;BMP4;SCX;SFRP1;TGFBR3;LEFTY2;SMAD4;TMEM100;GDF9;BMP3;BMPR2;ENG;GDF5;DLX5;SMAD6;BMP2;SMAD5;ADAMTS12;FAM83G
prerank,Outer Mitochondrial Membrane Organization (GO:0007008),0.5620199562353221,1.2904062805370609,0.17634408602150536,0.44419703454447534,1.0,5/12,17.05%,TOMM7;MTCH1;MTCH2;TOMM20;HSPA4
prerank,Protein Insertion Into Mitochondrial Outer Membrane (GO:0045040),0.5620199562353221,1.2904062805370609,0.17634408602150536,0.44419703454447534,1.0,5/12,17.05%,TOMM7;MTCH1;MTCH2;TOMM20;HSPA4
prerank,Heart Looping (GO:0001947),-0.46397121178057976,-1.2903330650301426,0.12323943661971831,0.5876024011981574,1.0,13/33,25.91%,SHH;MICAL2;TBX2;CCDC39;TGFBR2;ENG;NDRG4;DLL1;CCDC40;PKD2;ZIC3;BBS5;NKX2-5
prerank,Ether Lipid Biosynthetic Process (GO:0008611),-0.6329792644075068,-1.2903098587170112,0.17013232514177692,0.586652469626785,1.0,2/8,6.71%,FAR1;PLA2G4A
prerank,Determination Of Heart Left/Right Asymmetry (GO:0061371),-0.4506535578887789,-1.28949381098525,0.1343804537521815,0.5881352719396329,1.0,12/36,21.39%,SHH;MICAL2;TBX2;CCDC39;TGFBR2;ENG;NDRG4;DLL1;CCDC40;CER1;PKD2;ZIC3
prerank,Positive Regulation Of Protein Metabolic Process (GO:0051247),0.33886267092865,1.289481873332055,0.026570048309178744,0.4456390020255774,1.0,31/171,14.51%,APOE;RAB7A;LILRA2;EZR;TNFSF13B;SORL1;SNF8;TGFB1;RAB1B;INHBA;CLU;AGT;OAZ2;APC2;POLDIP3;AKT1;FADD;DDB1;SAMD4A;CLN6;YTHDF1;RANBP9;NDUFA13;BCL10;LARP6;DAB2IP;TNFSF12;RBM3;BAK1;GUF1;HDAC2
prerank,Amyloid-Beta Metabolic Process (GO:0050435),0.5474830681287164,1.2893149141924956,0.18284424379232506,0.44549622890340385,1.0,3/14,9.75%,PSENEN;APH1A;APEH
prerank,Nucleus Organization (GO:0006997),0.42836019278324683,1.2892914208867157,0.11954022988505747,0.44508749251067986,1.0,9/42,8.96%,LMNB2;BIN1;CHMP2A;CTDNEP1;REEP4;LMNB1;TMEM170A;LEMD2;LMNA
prerank,Protein Prenylation (GO:0018342),-0.5921107911403762,-1.2891289488281739,0.15398230088495576,0.5881476621597778,1.0,4/10,17.51%,FNTA;CHML;RABGGTA;CHM
prerank,Positive Regulation Of Macrophage Migration (GO:1905523),0.5211366882757644,1.2890414426127894,0.13566739606126915,0.445103432329393,1.0,5/17,13.61%,TREM2;PTK2;IL34;P2RY12;CSF1R
prerank,Negative Regulation Of Protein Import Into Nucleus (GO:0042308),0.655952356898792,1.2890033146021,0.19954648526077098,0.4447195333852751,1.0,4/6,23.33%,SIRT6;RAB23;CHP1;MDFIC
prerank,Pyruvate Metabolic Process (GO:0006090),0.42479006205371383,1.288961248868077,0.11185682326621924,0.44434510684816053,1.0,8/39,6.31%,PFKFB2;SDS;PGM1;ENO1;PCK2;HK2;UCP2;PGAM2
prerank,Blood Vessel Morphogenesis (GO:0048514),-0.4277119665942993,-1.2887688431581956,0.11627906976744186,0.5882438406025322,1.0,15/46,12.00%,KDR;SHH;NELL1;RAMP2;FLT4;EFNB2;NF1;CYP1B1;EGFL7;STRA6;ID1;TGFBR2;GJA5;ENG;GLMN
prerank,"Regulation Of Alternative mRNA Splicing, Via Spliceosome (GO:0000381)",-0.4285915681910382,-1.2883013827698169,0.08711433756805807,0.5887350296705902,1.0,12/47,16.85%,RBFOX2;PTBP1;FAM172A;RBM25;RBFOX3;RBM24;CELF3;FMR1;SMU1;SRRM4;TRA2B;KHDRBS1
prerank,Regulation Of Endosome Size (GO:0051036),0.5788814182908188,1.2880166222361036,0.19406392694063926,0.44581396361564013,1.0,3/11,17.20%,BLOC1S1;KXD1;SNAPIN
prerank,Regulation Of Cardiac Muscle Hypertrophy (GO:0010611),-0.5192125230113573,-1.2878914391653336,0.13653136531365315,0.5889998221806185,1.0,6/19,14.07%,NR4A3;PDE9A;ROCK2;SMAD4;LMCD1;GLRX3
prerank,Negative Regulation Of Glycoprotein Biosynthetic Process (GO:0010561),-0.6406700246637984,-1.2876360316507633,0.15860735009671179,0.5887863247608212,1.0,1/8,0.11%,ITM2A
prerank,Regulation Of Interleukin-18 Production (GO:0032661),0.6693177336616328,1.2875109108250664,0.18403547671840353,0.44641457576354104,1.0,2/6,7.70%,CD84;TLR2
prerank,Regulation Of Multicellular Organism Growth (GO:0040014),-0.574851709536147,-1.2873911514036707,0.1621129326047359,0.5885132768131057,1.0,2/12,7.52%,PTCH1;MBD5
prerank,Golgi To Lysosome Transport (GO:0090160),0.5867241947691185,1.2871742077503001,0.18306636155606407,0.44661949980324944,1.0,6/10,15.88%,LAPTM5;LAMP1;CLN3;RBSN;GAK;AP4M1
prerank,Smooth Muscle Tissue Development (GO:0048745),-0.6181996550206375,-1.287139841553028,0.18426103646833014,0.5882426017171498,1.0,5/9,11.43%,PTCH1;SHH;NF1;STRA6;ENG
prerank,Regulation Of Pattern Recognition Receptor Signaling Pathway (GO:0062207),0.612596950958085,1.286963318208887,0.19456066945606695,0.4465991843216751,1.0,1/8,0.50%,TREM2
prerank,Cellular Response To Cholesterol (GO:0071397),-0.6251918209720884,-1.2864738597426435,0.15992647058823528,0.5894033223723057,1.0,3/8,17.00%,PTCH1;GRAMD1C;GRAMD1A
prerank,Protein Localization To Centrosome (GO:0071539),-0.5277691328540374,-1.2863826036871424,0.15057915057915058,0.5887122136526928,1.0,6/17,17.90%,PIBF1;HOOK3;CCDC14;SNX10;CEP83;GOLGB1
prerank,Epithelial Cell-Cell Adhesion (GO:0090136),-0.5900927853668186,-1.2859581026295457,0.1651376146788991,0.5890769655656296,1.0,3/11,7.24%,DSP;CCN3;KIT
prerank,Positive Regulation Of Epidermal Growth Factor-Activated Receptor Activity (GO:0045741),-0.635781236112808,-1.2859568661907708,0.18455743879472694,0.5880714195235975,1.0,1/8,0.70%,ADRA2A
prerank,Glycine Metabolic Process (GO:0006544),0.6939276861334192,1.2856818883124832,0.17954545454545454,0.4488186352148086,1.0,2/5,3.06%,SHMT2;SHMT1
prerank,Gluconeogenesis (GO:0006094),0.46509166748422476,1.2849956203527797,0.12931034482758622,0.44982052491542884,1.0,9/28,10.34%,SLC39A14;PGM1;ENO1;FBP1;PCK2;PGAM2;SLC25A10;G6PC3;CRTC2
prerank,Positive Regulation Of Neuron Apoptotic Process (GO:0043525),0.47296369706860997,1.2849080798194876,0.15668202764976957,0.44954577861212136,1.0,5/23,5.39%,TYROBP;NUPR1;GRN;TGFB2;BAX
prerank,Negative Regulation Of Mitotic Cell Cycle Phase Transition (GO:1901991),0.43226404662716117,1.2847951406883173,0.13817330210772832,0.4492728232461266,1.0,10/38,10.29%,USP47;CCL2;FAM107A;GPNMB;CDKN1A;INHBA;CDC73;ZNF655;CDK2AP2;CRLF3
prerank,Multicellular Organismal-Level Iron Ion Homeostasis (GO:0060586),0.5796617591461553,1.2844645765338494,0.20089285714285715,0.4494957018990424,1.0,3/10,7.56%,HMOX1;SLC11A1;HAMP
prerank,Peptide Catabolic Process (GO:0043171),0.5019756212026716,1.2842982271967742,0.1590909090909091,0.44938172997119996,1.0,3/20,3.25%,TPP1;LTA4H;CTSH
prerank,Regulation Of Actin Nucleation (GO:0051125),0.5303077404112295,1.2842432716641161,0.16411378555798686,0.44903618595530487,1.0,8/16,18.49%,CORO1B;ARPIN;CORO1A;SCIN;RNH1;WHAMM;ARFIP2;PICK1
prerank,Aorta Morphogenesis (GO:0035909),-0.5252851114428938,-1.2840072605281259,0.16730038022813687,0.5931527484566611,1.0,6/17,14.16%,PDGFRB;JAG1;TBX2;TGFBR2;ENG;ADAMTS9
prerank,Positive Regulation Of Protein Kinase C Signaling (GO:0090037),-0.6297972071667127,-1.2833937220464606,0.17962962962962964,0.5940498547863851,1.0,6/8,31.62%,FLT4;ADRA1D;WNT11;CD40;SPHK2;WNT5A
prerank,Epidermal Cell Differentiation (GO:0009913),-0.43474051784016965,-1.2833836525169515,0.13403880070546736,0.5930650515598525,1.0,11/41,16.72%,DSP;WNT16;TXNIP;JAG1;KRT16;FGFR1;CTNNB1;GATA6;TGM3;EVPL;CFLAR
prerank,Regulation Of Microtubule-Based Process (GO:0032886),-0.4402112227712657,-1.2833758867698304,0.13747954173486088,0.5920850057822672,1.0,13/40,16.98%,PHLDB2;CCNL2;EFNA5;MID1;PRKAA1;EPHA3;KLHL42;PRKAA2;FRMPD2;GSK3B;TRIM36;CLASP2;MARK2
prerank,Striated Muscle Contraction (GO:0006941),-0.4266498217713365,-1.2833592827120892,0.11733800350262696,0.5911223928882832,1.0,12/46,10.56%,RYR2;DMD;TPM1;TNNT2;SCN4B;RYR3;TNNT1;CASQ2;ATP1A2;MYLK2;ARHGEF11;KCNH2
prerank,Cleavage Furrow Formation (GO:0036089),0.6616509091342517,1.2831518786992826,0.19831223628691982,0.45085019887974126,1.0,2/6,3.57%,SPIRE1;RHOA
prerank,Negative Regulation Of Inflammatory Response To Wounding (GO:0106015),0.6781199144277562,1.2830711870302975,0.21945701357466063,0.4505516010887775,1.0,2/6,8.49%,PTPN6;SIGLEC10
prerank,Non-Canonical Wnt Signaling Pathway (GO:0035567),-0.4376281685163493,-1.2829957584290366,0.13333333333333333,0.5913153393258344,1.0,12/40,13.97%,FZD6;FZD4;SFRP1;FRZB;WNT4;SFRP4;SMURF2;CCDC88C;WNT11;SFRP2;PRICKLE1;FZD1
prerank,Choline Metabolic Process (GO:0019695),-0.7137883510858527,-1.2828115065400474,0.18345323741007194,0.5908804230799444,1.0,1/5,0.54%,ENPP6
prerank,Nervous System Development (GO:0007399),-0.31831008507337905,-1.2827585306939004,0.013333333333333334,0.590070720207862,1.0,93/400,16.82%,NRGN;ZIC1;NBL1;RBFOX2;MNX1;MOBP;CABLES1;PTN;EMX2;P2RX5;SHH;NELL1;MAMDC2;ZIC2;NRG1;NPTX1;SIAH1;STMN3;PPP1R17;JAG1;ADGRG6;KALRN;SCN8A;EFNA5;LDB2;CHRM2;JARID2;ZMYND8;MET;FGF17;INTU;EGFR;FLRT3;ADAM23;ADGRB1;HES5;VPS13B;GBA2;WDPCP;SHOX2;APLP2;CNTFR;ADGRA2;ACTL6B;ENC1;BOC;RBFOX3;MBD5;CXCL1;CHRNA3;NF1;ZIC4;ZIC5;LDB1;FUT10;ZC4H2;SH3GL3;CRIM1;CHRM1;NCKAP1;FGF11;ALDH1A2;GSN;WWP1;MDGA1;ECT2;GFRA1;TRAK2;FGF12;LIMK1;SNTG2;TAGLN3;EVL;APP;DLX5;NEUROD2;CNTN4;KAT8;SLITRK1;IGF2BP3;NPAS2;FGF14;BTBD2;GLIS2;HDAC4;NRSN1;SRRM4;NR2C2;NAV3;AHI1;TRAK1;ROBO1;NHLH1
prerank,Negative Regulation Of Ras Protein Signal Transduction (GO:0046580),-0.4473819355476112,-1.2821585898375467,0.15156794425087108,0.5909400181003964,1.0,9/34,7.15%,STMN3;SPRY4;ARHGAP44;MET;SPRY3;HEG1;SCAI;SYNGAP1;MYOC
prerank,Negative Regulation Of Stem Cell Differentiation (GO:2000737),-0.5882717422856807,-1.2821520006969875,0.15779092702169625,0.5899636321400992,1.0,3/12,15.29%,JAG1;HES5;GSK3B
prerank,Negative Regulation Of Lipid Localization (GO:1905953),0.6047362251203523,1.281917646425449,0.17792792792792791,0.4525572593870003,1.0,2/9,3.83%,PPARG;PTPN2
prerank,Negative Regulation Of Nervous System Process (GO:0031645),-0.7055020119572171,-1.2816170850118835,0.18579234972677597,0.5906583783247765,1.0,3/5,14.59%,GLRA1;JAM2;TNFRSF21
prerank,Skeletal System Morphogenesis (GO:0048705),-0.4425779398592503,-1.2814240729899657,0.1245674740484429,0.5903272162524114,1.0,12/38,13.98%,PDGFRA;SIX1;SPEF2;FGFR1;HOXB4;SFRP4;HOXB3;OSR2;LAMA5;CYP26B1;HOXC9;HOXD3
prerank,AV Node Cell To Bundle Of His Cell Communication (GO:0086067),-0.6916984604528292,-1.2812197658793385,0.16165413533834586,0.5900458884749262,1.0,2/6,11.35%,GJC1;GJA5
prerank,Regulation Of mRNA Polyadenylation (GO:1900363),0.5867404292147299,1.280495150101148,0.19772727272727272,0.45508287940779546,1.0,2/10,1.99%,NUDT21;NCBP2
prerank,Regulation Of Fat Cell Proliferation (GO:0070344),0.6917065093929335,1.2804386329329471,0.2217573221757322,0.4547345339714578,1.0,2/5,11.72%,TREM2;E2F3
prerank,Interleukin-27-Mediated Signaling Pathway (GO:0070106),0.7025511127933339,1.28039868437552,0.20486815415821502,0.4543539790204151,1.0,3/5,21.92%,OASL;OAS1;MX1
prerank,Positive Regulation Of Extracellular Matrix Organization (GO:1903055),0.5109346308869465,1.2793053603186113,0.17684210526315788,0.45617841810697773,1.0,8/18,15.48%,PDPN;DDR2;TGFB1;EMILIN1;MELTF;FSCN1;RUNX1;RGCC
prerank,Phosphatidylethanolamine Acyl-Chain Remodeling (GO:0036152),0.6189918067204024,1.2791947028242627,0.1830065359477124,0.4559309974458946,1.0,1/8,0.88%,PLAAT4
prerank,Positive Regulation Of Interferon-Beta Production (GO:0032728),0.448599015111851,1.2788139862853858,0.14388489208633093,0.45623705929797037,1.0,9/33,13.90%,IRF5;TLR7;IRF7;TRIM56;RNF135;TLR2;TLR3;MAVS;IRF3
prerank,Response To Estradiol (GO:0032355),-0.49848617757270197,-1.2784754811761838,0.15817223198594024,0.597433402192293,1.0,14/23,25.69%,SSTR2;SFRP1;EGFR;SOCS2;STRN3;NCOA3;LCOR;CTNNB1;STAT5B;KAT5;RUVBL2;FAM210B;GPER1;SSTR1
prerank,Response To Reactive Oxygen Species (GO:0000302),0.4031197484350994,1.278418314488558,0.08444444444444445,0.4565704295824453,1.0,11/59,8.85%,APOE;HMOX1;MPV17;PEX5;PEX10;AKT1;MPV17L2;GSTP1;CHUK;ROMO1;CAT
prerank,Negative Regulation Of Developmental Process (GO:0051093),-0.37486760733846614,-1.2781755695128392,0.08793103448275862,0.5973701145494956,1.0,14/97,6.91%,FOXC1;THY1;OGT;SHH;BMP4;GAS6;SFRP1;SPRY3;TBX2;NFIB;ROCK2;BICRAL;PHF14;ACTL6B
prerank,Protein K27-linked Ubiquitination (GO:0044314),0.6355502133736952,1.2780733984186046,0.21867881548974943,0.4567842645705076,1.0,4/6,24.17%,RNF185;RNF6;UBE2D4;TRIM62
prerank,Positive Regulation Of Ossification (GO:0045778),-0.44549532057072205,-1.2776143085555154,0.12147887323943662,0.5981409537343397,1.0,9/38,11.14%,BMP6;PTN;BMP4;NELL1;WNT4;TENT5A;PKDCC;OSR2;BMPR2
prerank,Urogenital System Development (GO:0001655),-0.619285861405844,-1.2774301825964531,0.17446043165467626,0.5977558585119576,1.0,2/9,10.85%,SHH;OSR2
prerank,Positive Regulation Of T Cell Activation (GO:0050870),0.3734807192986066,1.2771423729668354,0.08101851851851852,0.45830144213427004,1.0,13/80,8.39%,LGALS9;PYCARD;XBP1;CCL2;SIRPA;NCKAP1L;AIF1;FCHO1;GATA3;CD276;SMARCB1;CD6;HSPD1
prerank,Sarcomere Organization (GO:0045214),-0.48228398538752426,-1.2764817880186183,0.14738805970149255,0.5998337366268154,1.0,6/24,13.40%,TPM1;TNNT2;TNNT1;FHOD3;OBSCN;ANKRD1
prerank,Phenol-Containing Compound Biosynthetic Process (GO:0046189),-0.6552988689742485,-1.2764253059603068,0.20074349442379183,0.599055658970819,1.0,5/7,25.22%,TYRP1;OCA2;TPH1;MOXD1;TYR
prerank,Negative Regulation Of Cation Channel Activity (GO:2001258),-0.48240703496217757,-1.2761061979961228,0.17513134851138354,0.5990714019215354,1.0,6/24,10.34%,KCNAB1;PPP3R1;GRP;CASQ2;CLIC2;FMR1
prerank,Positive Regulation Of Cholesterol Transport (GO:0032376),0.4630286298026622,1.2760353419824553,0.15531914893617021,0.46012666338935165,1.0,6/29,10.32%,APOE;TREM2;PPARG;PLTP;RXRA;CETP
prerank,Regulation Of Postsynaptic Neurotransmitter Receptor Activity (GO:0098962),-0.6029446614723162,-1.2759551415446846,0.18216318785578747,0.5985430627719618,1.0,5/9,23.42%,NPTX1;BEGAIN;DLGAP4;DLGAP3;DLGAP1
prerank,Regulation Of Viral Entry Into Host Cell (GO:0046596),0.4294983338586225,1.2759044189994018,0.13626373626373625,0.45995174532425126,1.0,5/33,5.40%,LGALS9;CD74;P4HB;CD4;TRIM26
prerank,Cochlea Morphogenesis (GO:0090103),-0.6020916604311521,-1.2758917908740335,0.20593692022263452,0.5977599845541981,1.0,2/9,14.22%,TBX18;MYO3B
prerank,Stress-Induced Premature Senescence (GO:0090400),-0.6545594073088887,-1.2755713646767994,0.19499105545617174,0.5977572414537797,1.0,2/7,0.91%,PLA2R1;WNT16
prerank,Regulation Of Phosphoprotein Phosphatase Activity (GO:0043666),-0.46118604560272264,-1.275497091675933,0.12593984962406016,0.5970012650494182,1.0,8/32,11.95%,PDGFRB;ITGA1;PPP4R4;PPP1R12A;PPP1R15A;MAGI2;MASTL;PPP6R2
prerank,Lysosomal Microautophagy (GO:0016237),-0.5836886930377948,-1.2754372948949138,0.17196261682242991,0.5962027286951701,1.0,3/11,9.80%,ATG2B;ATG4B;ULK1
prerank,Epidermis Development (GO:0008544),-0.41120842494198495,-1.2753886685049765,0.11754966887417219,0.5953604787885358,1.0,15/52,18.03%,DSP;CCN2;KLK7;LAMA3;STS;COL7A1;KLK5;CRABP2;FGF7;GATA6;LAMB3;EVPL;DLL1;GRHL1;ALDH3A2
prerank,Digestive Tract Morphogenesis (GO:0048546),-0.5641003012002513,-1.2746909442571077,0.17584369449378331,0.5964853191278761,1.0,3/13,14.51%,PDGFRA;STRA6;NIPBL
prerank,Endocrine System Development (GO:0035270),-0.5124228303471321,-1.2742596823574492,0.1589648798521257,0.5968296416866341,1.0,10/19,25.91%,SIX1;WNT4;NF1;WNT11;STRA6;HOXD3;HESX1;MDK;PAX8;NKX2-5
prerank,Response To Cytokine (GO:0034097),0.3623199507766384,1.2739526753773602,0.0880952380952381,0.46340009588612313,1.0,24/115,13.68%,MAPKAPK3;HCLS1;LGALS9;CD74;HAX1;CHI3L1;DPYSL3;BCL2L1;SHMT2;SLC11A1;RHOA;TRIM56;MYD88;CXCL16;RELA;SNCA;ADAR;TNFRSF11A;MAPKAPK2;RELB;CH25H;KYNU;CSF1R;PLSCR1
prerank,Positive Regulation Of Cytosolic Calcium Ion Concentration Involved In Phospholipase C-activating G Protein-Coupled Signaling Pathway (GO:0051482),0.47545890576418287,1.273650678013365,0.14414414414414414,0.4635879216343038,1.0,6/24,10.59%,C3AR1;GNA15;LPAR1;GPR17;GPR65;P2RY8
prerank,Learning (GO:0007612),-0.424293654327963,-1.2732323738747,0.14385964912280702,0.5989572250280555,1.0,15/41,22.69%,SLC6A1;PTN;CLDN5;SYNJ1;CHRNB2;INSR;SLC8A2;MAPK8IP2;STRA6;BRSK1;NPAS4;EIF2AK4;FGF13;CNTNAP2;NLGN4Y
prerank,Kynurenine Metabolic Process (GO:0070189),0.6653694843696534,1.2725887965545204,0.182648401826484,0.46522935663856635,1.0,2/6,12.66%,KYAT1;KYNU
prerank,Nucleobase-Containing Compound Catabolic Process (GO:0034655),0.42502870835256146,1.2725606905312938,0.1187214611872146,0.464827221966512,1.0,11/41,15.90%,RNASE6;RNASET2;PPP1R8;EXOSC4;REXO4;XRN2;EXOSC7;EXOSC6;DNASE1L2;ENTPD7;PABPC4
prerank,Antibacterial Humoral Response (GO:0019731),0.4852395805707952,1.2724198205896837,0.15384615384615385,0.46464968878934393,1.0,4/21,2.90%,IGHA1;F3;LTF;RNASE6
prerank,Protein N-linked Glycosylation (GO:0006487),0.3972440791399348,1.2719588681456622,0.10538116591928251,0.4651804993377049,1.0,20/60,19.83%,MAN1C1;GFPT2;MGAT1;PMM1;ALG11;MGAT2;RPN2;ALG3;ST6GAL1;PGM3;DAD1;ALG5;UGGT1;MOGS;KRTCAP2;STT3A;SLC39A8;ENTPD5;PDCD6;MGAT4A
prerank,Positive Regulation By Host Of Viral Process (GO:0044794),0.5138397632823745,1.2713083164219134,0.16018306636155608,0.46605849106859526,1.0,7/16,19.25%,NUCKS1;CFL1;ZDHHC8;ZFYVE1;VAPA;ZDHHC9;ZNF502
prerank,Vitamin Transport (GO:0051180),-0.4558122865168511,-1.2711455521771642,0.15675675675675677,0.604409367015987,1.0,7/31,9.58%,ABCG2;TCN2;SLC35F3;SLC2A6;SLC19A1;APOA1;SLC19A3
prerank,Cellular Response To Organic Substance (GO:0071310),0.38124778737733656,1.2710717329575294,0.09027777777777778,0.46610099421684187,1.0,8/64,3.57%,HCLS1;SYK;TREM2;HAX1;CCL2;TGFB1;DPYSL3;RHOA
prerank,CD40 Signaling Pathway (GO:0023035),0.6403326171471079,1.270930707682806,0.21365638766519823,0.4659264960678427,1.0,3/7,15.67%,PHB2;TNIP2;RNF31
prerank,Ventricular Septum Development (GO:0003281),-0.45270828810350433,-1.2707876237294315,0.15145985401459855,0.6045107435509304,1.0,10/32,11.35%,ZFPM2;HEYL;SLIT2;TGFBR3;SMAD4;MDM4;STRA6;BMPR2;TGFBR2;GJA5
prerank,Negative Regulation Of Sodium Ion Transmembrane Transport (GO:1902306),-0.5996985378764959,-1.2703215522511044,0.19960474308300397,0.6049896013184142,1.0,2/9,9.33%,HECW1;STK39
prerank,Positive Regulation Of Excitatory Postsynaptic Potential (GO:2000463),-0.4817788892515134,-1.270274428965237,0.16058394160583941,0.6041574917313102,1.0,10/21,26.86%,RIMS1;NETO1;GRIN1;RIMS2;GRIN2B;GRIN2D;STX1B;GRIN2A;SHANK1;DLG4
prerank,Regulation Of Collateral Sprouting (GO:0048670),-0.6517180537537152,-1.2700794882158837,0.1650853889943074,0.6037678730143815,1.0,5/7,24.34%,NGF;ULK1;FGF13;DCC;ULK2
prerank,Copper Ion Import (GO:0015677),0.6494264118243307,1.2700734994382503,0.23146067415730337,0.46733270821010375,1.0,5/6,24.98%,STEAP3;SLC31A1;SLC31A2;STEAP2;STEAP4
prerank,Mitochondrial DNA Metabolic Process (GO:0032042),0.5431888901302817,1.270011403190652,0.19426048565121412,0.4669910823566261,1.0,6/13,25.75%,SSBP1;PARP1;ENDOG;TOP3A;POLG;RRM1
prerank,Regulation Of Reactive Oxygen Species Biosynthetic Process (GO:1903426),0.4897603076311495,1.2699909034243742,0.16099773242630386,0.4665796362058996,1.0,5/20,8.63%,CYBA;ALOX5;RAB27A;ABCD1;SNCA
prerank,Regulation Of Blood Vessel Endothelial Cell Migration (GO:0043535),0.40454538251196503,1.2699752811684983,0.12240184757505773,0.4661558742202651,1.0,6/48,5.03%,APOE;TGFB1;PPARG;TMSB4X;FGF2;AKT1
prerank,Phasic Smooth Muscle Contraction (GO:0014821),-0.5925669452617314,-1.2697738084741081,0.19710669077757687,0.6037662351987382,1.0,4/9,21.47%,EDN3;PTGER3;HTR2B;HTR1D
prerank,L-alpha-amino Acid Transmembrane Transport (GO:1902475),-0.44766673690214986,-1.2696712888651636,0.1457975986277873,0.603103672268751,1.0,6/36,4.47%,SLC6A20;SLC25A12;SLC22A2;SLC38A5;SLC7A11;SLC1A2
prerank,Establishment Of Skin Barrier (GO:0061436),-0.5381014309489406,-1.269613053912334,0.17721518987341772,0.602336161827033,1.0,6/17,9.09%,TP63;MET;KRT16;HRNR;FGFR1;LSR
prerank,Regulation Of Store-Operated Calcium Entry (GO:2001256),0.5853248286517906,1.2695664615618993,0.20046082949308755,0.46651165850144866,1.0,3/9,10.37%,HOMER3;CD84;STIM1
prerank,Regulation Of Carbohydrate Catabolic Process (GO:0043470),-0.5452001402921052,-1.2693448381207495,0.16635859519408502,0.6021991884319481,1.0,2/14,3.32%,OGT;SLC2A6
prerank,Neutrophil Chemotaxis (GO:0030593),0.4008989531432054,1.2691673200038989,0.1070615034168565,0.4668893749216388,1.0,8/56,4.08%,SYK;ITGB2;LGALS3;CCL2;NCKAP1L;TGFB2;FCER1G;CCL20
prerank,Positive Regulation Of Macromolecule Metabolic Process (GO:0010604),-0.3226989301998007,-1.269138204269825,0.03305785123966942,0.6018865417321069,1.0,82/303,19.07%,RBMS3;BMP6;LEF1;CDH5;NTRK3;FGF10;MARK1;WNT16;CD34;CD46;WNT6;TLE1;PGR;RNF207;KLF2;SLC22A2;VSTM2A;RIMS1;FUBP1;BMP4;RAMP2;ATF2;GAS6;SCX;KLF4;FOXD1;RIPK1;FGF17;FGF18;IFNG;NGF;ROCK2;OCLN;CLDN5;CXCL8;HSPA1A;PPARGC1A;TWIST1;SFRP4;AZU1;MAPK8;FGF9;ATM;PRKAA1;SLC24A3;IL6;MYLK2;GSN;ANGPT1;OSR2;BMPR2;ACTA2;MAPK11;APP;EGR1;PF4;HOXD3;FGF7;NWD1;ANKRD31;C1QTNF1;PIK3CB;GSK3B;AGTR1;BMP2;YAP1;ACTC1;GATA2;NSF;ROBO1;DLL1;IL36G;EPHX2;FER1L6;OLFM1;PID1;IL4;DNMT1;MAPK9;HINFP;PSEN1;CTCF
prerank,Gastrulation (GO:0007369),-0.5271215955766223,-1.2688855508774972,0.1821561338289963,0.6017467298953488,1.0,5/16,22.14%,NR4A3;TASOR;GPC3;CER1;FGF8
prerank,Sulfur Amino Acid Biosynthetic Process (GO:0000097),-0.6521785948311271,-1.268875720647369,0.2100371747211896,0.6008200511022266,1.0,3/7,16.60%,MTHFR;CTH;CDO1
prerank,Positive Regulation Of Phospholipase C Activity (GO:0010863),-0.4524206145611123,-1.268677799213637,0.16605839416058393,0.6004181538585933,1.0,8/33,7.24%,PDGFRA;PDGFRB;EGFR;ADRA1D;FGFR1;HTR2A;AVPR1A;KIT
prerank,Positive Regulation Of Establishment Of Endothelial Barrier (GO:1903142),-0.7109380338146203,-1.2685240445839951,0.1641509433962264,0.598963021612772,1.0,2/5,5.18%,CDH5;CLDN5
prerank,Positive Regulation Of Endothelial Cell Development (GO:1901552),-0.7109380338146203,-1.2685240445839951,0.1641509433962264,0.598963021612772,1.0,2/5,5.18%,CDH5;CLDN5
prerank,Chondrocyte Development (GO:0002063),-0.7144547876138838,-1.268477411216724,0.18962432915921287,0.5981444344319511,1.0,2/5,11.14%,SULF2;BMPR2
prerank,Branching Involved In Ureteric Bud Morphogenesis (GO:0001658),-0.54422105371229,-1.2680443177048366,0.18953068592057762,0.5985132481887961,1.0,4/14,3.51%,SHH;BMP4;FOXD1;SIX1
prerank,Midbrain Dopaminergic Neuron Differentiation (GO:1904948),-0.6365022302167082,-1.2679826404306185,0.18994413407821228,0.5977690971164263,1.0,5/7,31.62%,NR4A2;FZD1;WNT9B;RYK;WNT5A
prerank,Regulation Of Developmental Growth (GO:0048638),0.45648451797989487,1.2678599145286258,0.15468409586056645,0.4690825205440892,1.0,2/27,1.09%,APOE;NRCAM
prerank,Organonitrogen Compound Catabolic Process (GO:1901565),0.37838382860163133,1.2677530002288213,0.11428571428571428,0.4688339309506265,1.0,18/70,15.37%,PLA2G7;TPP1;LTA4H;GGACT;RENBP;USE1;PNPLA8;PLA2G15;CLN6;SLC16A3;PPT1;NPL;MPST;GNPDA1;DAB2IP;HOGA1;RAB12;ANPEP
prerank,Thyroid Gland Development (GO:0030878),-0.6968122102058687,-1.2676258602179138,0.18666666666666668,0.5979545236758069,1.0,4/5,25.91%,SIX1;HOXD3;PAX8;NKX2-5
prerank,AMP Metabolic Process (GO:0046033),0.6187377768037711,1.266972827960122,0.2168141592920354,0.47001595301711013,1.0,3/8,6.63%,NUDT2;AMPD3;SORD
prerank,Regulation Of Synaptic Vesicle Exocytosis (GO:2000300),-0.5243052087273299,-1.2669438713898367,0.18435754189944134,0.5991215942693261,1.0,6/16,13.27%,RIMS1;PREPL;SEPTIN5;FMR1;RIMS2;SYN1
prerank,Regulation Of Protein Lipidation (GO:1903059),0.6162117152508189,1.2665349886339703,0.203579418344519,0.47049315755173954,1.0,1/8,0.28%,TSPO
prerank,Ether Lipid Metabolic Process (GO:0046485),0.564155471750097,1.2665303452260055,0.19534883720930232,0.4700411983345192,1.0,2/12,6.01%,PLA2G7;LIPE
prerank,Negative Regulation Of Cyclin-Dependent Protein Kinase Activity (GO:1904030),0.4887055494686407,1.2662245973055613,0.1574468085106383,0.4702971591727649,1.0,3/19,2.59%,CDKN2A;CEBPA;CDKN1A
prerank,Adult Heart Development (GO:0007512),-0.7022365323873245,-1.2661783157607072,0.2216117216117216,0.6005485146032876,1.0,2/5,15.27%,SCUBE1;MEF2D
prerank,Regulation Of Cell Morphogenesis (GO:0022604),0.451859147212387,1.2660374632885703,0.14864864864864866,0.4702367176037916,1.0,4/29,6.71%,CD44;PDPN;NOL3;CFL1
prerank,Associative Learning (GO:0008306),-0.5086125509409734,-1.2657590568599393,0.1527001862197393,0.6008582884418405,1.0,7/17,13.57%,SLC6A1;CHRNB2;NETO1;GRIN1;NF1;APP;BRSK1
prerank,Negative Regulation Of Cyclin-Dependent Protein Serine/Threonine Kinase Activity (GO:0045736),0.49344274327188054,1.2657119013337204,0.15466101694915255,0.47041397378096295,1.0,3/18,2.59%,CDKN2A;CEBPA;CDKN1A
prerank,Organelle Fusion (GO:0048284),0.47284293001942174,1.265683326850963,0.14545454545454545,0.47000401094305166,1.0,8/23,13.28%,VPS18;BCL2A1;FIS1;STX4;MIEF2;EEA1;MIEF1;MIGA2
prerank,Purine-Containing Compound Biosynthetic Process (GO:0072522),0.509507007665594,1.2656357727323557,0.17805383022774326,0.4696432169799247,1.0,4/16,6.54%,SHMT2;SHMT1;PPAT;PRPS1
prerank,Positive Regulation Of Developmental Process (GO:0051094),-0.33466540375740134,-1.2655242354749503,0.04019292604501608,0.6006952785592665,1.0,54/209,16.73%,PHLDB2;LEF1;DCN;CCN2;OGT;EDN3;PTN;TNXB;KDR;SHH;BMP4;FZD4;BMP5;SCX;FOXD1;RBM19;ARID1B;BICRAL;ACVR1;INSR;FGFR1;MCU;ANAPC2;ACTL6B;ISL1;AMTN;TRAPPC13;DDHD1;TAPT1;PRKAA1;SMURF2;NCOA3;NCOA1;FMR1;CTNNB1;BMPR2;SS18;MMRN2;SMARCC2;DNM1L;FST;NEUROD2;SMARCA4;ADGRL1;SYDE1;PHF10;OTX2;ARID4B;GSK3B;TET1;BMP2;NR2C2;LRP8;CLASP2
prerank,Cyclooxygenase Pathway (GO:0019371),-0.6363653183365326,-1.2654232580612164,0.20255474452554745,0.6000786718738474,1.0,3/7,11.68%,PTGS2;PTGIS;PTGDS
prerank,NAD Metabolic Process (GO:0019674),-0.4899358385042101,-1.2652707801336094,0.17102966841186737,0.5995825558492636,1.0,6/21,13.18%,NMNAT2;ME1;MDH1;GPD1L;SARM1;MDH1B
prerank,Regulation Of 3'-UTR-mediated mRNA Stabilization (GO:1905868),-0.6846128007194366,-1.2652212373678609,0.2066420664206642,0.5987953035156707,1.0,4/5,25.39%,TENT4B;RBM24;METTL16;LARP4B
prerank,Regulation Of Protein Acetylation (GO:1901983),-0.656184606849045,-1.2649188172605195,0.18552875695732837,0.5988560264873274,1.0,4/7,19.41%,FAM161A;GSK3B;CEP295;KAT5
prerank,Transmembrane Receptor Protein Tyrosine Kinase Signaling Pathway (GO:0007169),-0.32547663161008866,-1.2646419260141284,0.045454545454545456,0.5987648373557956,1.0,38/255,7.86%,FOXC1;EPHA7;PDGFRA;NTRK3;PDGFRB;FOXC2;PDGFD;KDR;NR4A3;PTPRG;NELL1;NRG1;FLRT2;KALRN;PAK3;EFNA5;CDK5R1;MET;FGF17;FGF18;EGFR;FLRT3;NGF;SOCS2;RET;FLT4;INSR;ROR1;ANGPTL1;FGFR1;EPHA6;SAMD12;KIT;DOK4;CHRNA3;SULF2;EFNB2;FGF9
prerank,Nuclear Membrane Reassembly (GO:0031468),0.4791639533692204,1.2645000335769498,0.15137614678899083,0.47159184906105106,1.0,6/23,9.19%,CHMP2A;UBE2I;SIRT2;REEP4;NSFL1C;RCC1
prerank,Positive Regulation Of Astrocyte Differentiation (GO:0048711),0.6385580605419935,1.2643511364480295,0.2100456621004566,0.4714491998033345,1.0,3/7,15.44%,TTBK1;CLCF1;SERPINE2
prerank,Negative Regulation Of Cell Motility (GO:2000146),-0.3523154488907993,-1.2639391047528388,0.07787610619469026,0.600023072261978,1.0,27/125,10.00%,FBLN1;THY1;PTPRU;TPM1;PODN;OGT;SHH;CDH11;JAG1;SPINT2;TMEFF2;ZMYND8;KRT16;SFRP1;SLIT2;SIN3B;ADARB1;CLDN5;RECK;SCAI;MAGI2;NF1;DACH1;PIP5KL1;CYP1B1;WNT11;SFRP2
prerank,Copper Ion Transport (GO:0006825),0.5800611336720451,1.2635535335370927,0.19489559164733178,0.4726441915357293,1.0,8/10,28.80%,STEAP3;SLC31A1;SLC31A2;COX17;STEAP2;SLC11A2;STEAP4;CUTC
prerank,Quaternary Ammonium Group Transport (GO:0015697),-0.5654847606389353,-1.2635486487951528,0.18864468864468864,0.6002199301356113,1.0,5/12,11.98%,SLC6A20;SLC22A2;SLC22A3;SLC5A7;SLC22A5
prerank,Positive Regulation Of SMAD Protein Signal Transduction (GO:0060391),-0.5275966258805971,-1.263245580778251,0.1962134251290878,0.6001683544226978,1.0,5/16,11.14%,BMP6;RBPMS;BMP4;SMAD4;BMPR2
prerank,Positive Regulation Of Extrinsic Apoptotic Signaling Pathway (GO:2001238),0.4488120776179878,1.2630438402274562,0.1550925925925926,0.47330337023767916,1.0,9/30,12.74%,LTBR;PYCARD;TNFRSF12A;INHBA;FADD;BID;LTB;BCL10;TNFSF12
prerank,Positive Regulation Of Small Molecule Metabolic Process (GO:0062013),0.4446442233620456,1.2624396503230815,0.17339667458432304,0.47410918040363803,1.0,3/32,5.03%,APOE;IRS2;AKT1
prerank,Regulated Exocytosis (GO:0045055),-0.41293929627612014,-1.2623699060151448,0.12359550561797752,0.6019005651239202,1.0,14/49,15.37%,SYT3;RIMS1;OTOF;CPLX1;RAB3A;SNAP25;SYNGR1;RAB11FIP5;SYNGR3;RIMS2;MYH9;PIP5K1C;TPH1;STXBP1
prerank,Positive Regulation Of Coagulation (GO:0050820),0.5780451184531121,1.2620594948235448,0.22270742358078602,0.4739961226305464,1.0,3/10,8.17%,EMILIN1;EMILIN2;HPSE
prerank,Positive Regulation Of Hemostasis (GO:1900048),0.5780451184531121,1.2620594948235448,0.22270742358078602,0.4739961226305464,1.0,3/10,8.17%,EMILIN1;EMILIN2;HPSE
prerank,Regulation Of DNA-templated Transcription In Response To Stress (GO:0043620),0.6814453987764666,1.261711388671724,0.21560574948665298,0.4742195104343537,1.0,3/5,8.10%,RGS14;MUC1;RELA
prerank,Apoptotic Process (GO:0006915),0.32182553018519,1.2614931549503394,0.05012531328320802,0.4741758473221054,1.0,52/206,13.90%,PYCARD;ITGB2;AHCYL1;TRADD;ZNF385A;NUDT2;BCL2L1;EMP3;BAG6;HK2;RELT;DDX41;AKT1;FAS;IFI27L1;BAX;MYD88;FADD;CD14;EGLN3;ALOX15B;TLR2;BCL2L13;BID;GADD45A;PARP1;CIB1;PTK2B;ATN1;HSPD1;BBC3;BOK;DPF2;MAP3K7;STK4;PRKCD;NLRP3;BMF;AKAP1;ERBB3;TNFRSF10B;PMP22;CASP2;DDIT4;MAL;TNFSF12;BNIP2;DYNLL1;IFI27L2;PLSCR1;BAK1;IRF3
prerank,Second-Messenger-Mediated Signaling (GO:0019932),0.38352024591807765,1.2614216723263225,0.12284482758620689,0.4738670778468131,1.0,11/66,7.83%,APOE;DDAH1;DDAH2;PPP1R9B;P2RY11;LAT2;GPR62;FCGR3A;RILPL1;FPR1;BTK
prerank,Regulation Of Cell Migration (GO:0030334),-0.31318246248942977,-1.2613543944146621,0.019077901430842606,0.6040829327717263,1.0,78/398,12.38%,CEMIP;LEF1;PDGFRA;THY1;CDH5;NTRK3;PDGFRB;PDGFD;PTPRU;ADRA2A;TPM1;PODN;OGT;SYNE2;TNXB;KDR;ULK4;SHH;CDH11;FZD4;SEMA6C;PODXL;JAG1;TMEFF2;LDB2;SEMA3C;ZMYND8;NKD1;KRT16;SFRP1;FGF17;FGF18;SLIT2;TJP1;EGFR;SIN3B;ROCK2;ADARB1;RET;CLDN5;PLXNA2;ACVR1;RECK;FLT4;CDH13;INSR;SCAI;APLP2;RHOD;TWIST1;MYO1C;MAGI2;MYOC;KIT;NF1;FGF9;ATM;DACH1;LDB1;F10;PIP5KL1;CYP1B1;CXCL12;WNT11;FLNA;SFRP2;TWIST2;RUFY3;TRIM32;SH3RF2;CTNNA2;AMOTL1;ENG;KIF26A;LGR6;MMRN2;PHACTR1;SEMA3F
prerank,Positive Regulation Of Signaling (GO:0023056),-0.4374633304056525,-1.2612562972738417,0.13628318584070798,0.6034667594500585,1.0,12/35,16.50%,EDN3;TNXB;RIMS1;CLSTN2;SYT1;GRIK2;CLSTN3;RIMS2;HOMER1;GATA6;NMU;NSF
prerank,Hyaluronan Catabolic Process (GO:0030214),-0.6716906767175814,-1.261142119386653,0.19963031423290203,0.6028986654224026,1.0,1/6,0.01%,CEMIP
prerank,N-terminal Peptidyl-Methionine Acetylation (GO:0017196),-0.641335805939224,-1.260984009407414,0.18421052631578946,0.6024411888118181,1.0,6/7,33.68%,NAA25;NAA35;NAA15;NAA20;NAA16;NAA30
prerank,Positive Regulation Of Immunoglobulin Production (GO:0002639),0.45837649450276474,1.2609380285887142,0.1721132897603486,0.4743945578644568,1.0,9/27,20.43%,XBP1;SASH3;CLCF1;PHB2;STX4;VAMP3;KMT5C;PTPRC;EPHB2
prerank,Regulation Of Type B Pancreatic Cell Development (GO:2000074),-0.6576068332858439,-1.2607098908974277,0.20218579234972678,0.6023892340782521,1.0,1/6,0.58%,NKX6-1
prerank,Regulation Of Neurotransmitter Secretion (GO:0046928),-0.44984519006142226,-1.260636017919947,0.14234234234234233,0.6017104867063152,1.0,14/35,19.60%,RIMS1;OTOF;CPLX1;PREPL;SEPTIN5;SNCAIP;CHRNA3;FMR1;RIMS2;SYN1;MCTP1;MCTP2;CPLX2;STX1B
prerank,Negative Regulation Of ATP-dependent Activity (GO:0032780),-0.5524900699425137,-1.2606080255886898,0.2074074074074074,0.6008706268224236,1.0,2/13,1.37%,TNNT2;PLN
prerank,Prostaglandin Transport (GO:0015732),-0.650157619807644,-1.2603327490473832,0.19889502762430938,0.6008111280190938,1.0,4/7,16.17%,SLC22A2;SLC22A8;SLC22A6;SLCO2A1
prerank,Establishment Of Mitotic Spindle Localization (GO:0040001),0.43847774479104534,1.2602966432737654,0.14418604651162792,0.4751705378776249,1.0,4/31,7.91%,DYNLT1;KPNB1;MAPRE1;NSFL1C
prerank,Tetrapyrrole Metabolic Process (GO:0033013),0.5897254814062783,1.2601808175703688,0.20045558086560364,0.47496653937262917,1.0,2/9,6.82%,UROD;ABCD1
prerank,Regulation Of Vascular Endothelial Cell Proliferation (GO:1905562),0.5189265488196769,1.2597861217428823,0.19213973799126638,0.47531454347572083,1.0,6/15,11.70%,CCL2;PPARG;FGF2;APLN;SIRT6;MEF2C
prerank,Response To Nerve Growth Factor (GO:1990089),-0.5580835573456879,-1.259550285954265,0.18198874296435272,0.6022973951174191,1.0,3/13,7.04%,STMN2;NTRK3;MAGI2
prerank,Regulation Of Spindle Organization (GO:0090224),-0.4945586822297292,-1.2592298374628301,0.17785843920145192,0.6023463146438252,1.0,4/20,9.37%,SENP6;CENPJ;MAP9;FSD1
prerank,Cytoplasmic Sequestering Of Transcription Factor (GO:0042994),0.5447607016213554,1.2590072308138853,0.20217391304347826,0.47649197952396793,1.0,4/13,11.32%,NFKBIB;TMSB4X;PSMD10;KEAP1
prerank,Regulation Of T Cell Mediated Cytotoxicity (GO:0001914),0.4960711757492954,1.2586215961222218,0.16702819956616052,0.4768715266949575,1.0,6/17,19.98%,LILRB1;FADD;IL12RB1;MICA;CD1D;PTPRC
prerank,Cellular Response To Alkaloid (GO:0071312),-0.5599785746745322,-1.2579952693648586,0.21415270018621974,0.6051676541679861,1.0,4/13,11.88%,RYR2;RYR3;CASQ2;TRPV1
prerank,Aminophospholipid Transport (GO:0015917),-0.704534099315793,-1.2578233048509326,0.20702402957486138,0.6047831449720652,1.0,3/5,19.78%,TMEM30B;ATP8A2;SCARB2
prerank,Regulation Of Lysosomal Lumen pH (GO:0035751),0.4519027063589655,1.2577390901505991,0.15299334811529933,0.47826914941782944,1.0,6/24,12.64%,GRN;ATP6V1F;CLN6;PPT1;CLN3;VPS33A
prerank,Regulation Of Protein Modification By Small Protein Conjugation Or Removal (GO:1903320),-0.4598605947277895,-1.25766969005539,0.15384615384615385,0.6043265298910585,1.0,7/28,12.89%,EPAS1;DCUN1D3;HSPA1A;COPS8;DCUN1D2;CTNNB1;EGR1
prerank,Positive Regulation Of Phospholipase Activity (GO:0010518),-0.5029920721651983,-1.2576120631349788,0.15315315315315314,0.6035799126501811,1.0,6/20,11.50%,PDGFRA;PDGFRB;FGFR1;KIT;PLA2G5;ARL1
prerank,Positive Regulation Of TORC1 Signaling (GO:1904263),0.4582900294611642,1.2572910439707945,0.17674418604651163,0.4787355205644657,1.0,8/26,19.33%,GPR137B;STAMBPL1;LAMTOR5;SEC13;RNF167;OTUD5;WDR24;GPR137
prerank,Regulation Of Sensory Perception (GO:0051931),-0.6005364391439695,-1.2571270361725557,0.1788756388415673,0.6042096714007407,1.0,5/9,25.09%,TMEM100;GPR171;SPX;ZFHX2;SCN11A
prerank,Negative Regulation Of Monocyte Chemotaxis (GO:0090027),-0.7108652649980745,-1.2567459515838637,0.1894353369763206,0.6044577324586392,1.0,3/5,4.08%,NBL1;DUSP1;SLIT2
prerank,Negative Regulation Of Neurogenesis (GO:0050768),-0.4554319044405762,-1.2566981659619347,0.16270566727605118,0.6036753688962979,1.0,7/26,10.95%,THY1;PTN;MCF2;NF1;HOOK3;IL6;RUFY3
prerank,Cellular Response To Nitrogen Starvation (GO:0006995),0.6296460216117911,1.2565604592399457,0.23965141612200436,0.4793497080459162,1.0,3/7,8.32%,GABARAPL2;GABARAP;BECN1
prerank,Cellular Response To Nitrogen Levels (GO:0043562),0.6296460216117911,1.2565604592399457,0.23965141612200436,0.4793497080459162,1.0,3/7,8.32%,GABARAPL2;GABARAP;BECN1
prerank,Negative Regulation Of Blood Coagulation (GO:0030195),0.46543627885662336,1.2565504766029485,0.17965367965367965,0.4789063034969152,1.0,1/23,0.02%,APOE
prerank,Positive Regulation Of Protein Targeting To Membrane (GO:0090314),-0.4778212680221936,-1.2561568954065632,0.1601489757914339,0.6044011897171612,1.0,4/22,6.92%,CEMIP;KCNB1;MYO1C;C2CD5
prerank,Vasodilation (GO:0042311),0.5300288160203225,1.2561452042521257,0.19305856832971802,0.4793298589852562,1.0,1/13,0.14%,SOD2
prerank,Response To Unfolded Protein (GO:0006986),0.4202073478438013,1.2560975382300181,0.1308411214953271,0.4789738502306546,1.0,13/43,14.54%,HSPB8;DNAJB2;DNAJB5;DERL1;BAX;HSPD1;PTPN1;TM7SF3;DAB2IP;HSPE1;BAK1;HSPA2;TMBIM6
prerank,Complement Receptor Mediated Signaling Pathway (GO:0002430),0.6100001187287968,1.255540788112263,0.20915032679738563,0.4796362733499116,1.0,4/8,15.75%,FPR1;FPR3;C5AR1;CR1
prerank,"Chemical Synaptic Transmission, Postsynaptic (GO:0099565)",-0.4803812149613469,-1.2553673751530499,0.17604355716878403,0.6057971120312321,1.0,10/23,17.46%,GLRA1;INSYN2A;GRIN1;CHRNA3;MAPK8IP2;GSK3B;CHRNA4;NPAS4;GRIN2B;GRIN2D
prerank,Positive Regulation Of Granulocyte Macrophage Colony-Stimulating Factor Production (GO:0032725),0.6700093549163405,1.2553254776905591,0.22698072805139186,0.47962380054486076,1.0,1/6,0.43%,LILRA2
prerank,Negative Regulation Of Phosphorylation (GO:0042326),0.3697730598947198,1.2551703628532642,0.1103448275862069,0.4794571970785411,1.0,14/70,8.32%,CDKN2A;CORO1C;IRS2;TGFB1;SIRPA;CDKN1A;LYN;INHBA;CADM4;FKBP8;PRR5L;CDKN2B;SORD;CIB1
prerank,Intracellular Iron Ion Homeostasis (GO:0006879),0.4085790127365298,1.254639701225997,0.14318706697459585,0.4800494557098699,1.0,10/44,9.35%,FTH1;HMOX1;F3;SLC39A14;SLC11A1;NDFIP1;FTL;ABCB7;HAMP;CYB561A3
prerank,"Positive Regulation Of Synaptic Transmission, Glutamatergic (GO:0051968)",0.477862051268294,1.2546047154650548,0.17130620985010706,0.4796646033096419,1.0,4/22,8.36%,CCL2;NLGN2;CACNG4;PTK2B
prerank,Positive Regulation Of Protein Dephosphorylation (GO:0035307),-0.4412430629000525,-1.2544681623453895,0.15760869565217392,0.6075913573632483,1.0,6/32,7.04%,CDH5;PDGFRB;ITGA1;PTBP1;PPP1R15A;MAGI2
prerank,Atrioventricular Valve Morphogenesis (GO:0003181),-0.5183880558749856,-1.2543182405480964,0.18231046931407943,0.6071434977456877,1.0,8/17,17.50%,HEYL;SMAD4;MDM4;BMPR2;TGFBR2;SMAD6;BMP2;OLFM1
prerank,Cellular Response To Alcohol (GO:0097306),-0.4093036364787884,-1.253493230490135,0.13381555153707053,0.6086885725898178,1.0,23/48,30.35%,GLRA1;PTCH1;SLC5A5;PTGFR;SFRP1;AKR1C2;CTNNB1;PTGER2;CREB1;DYNAP;GRAMD1C;GRAMD1A;JUP;ADCY5;ADCY3;GLRA2;SCNN1A;TNFSF4;BRCA1;LARP1;OSBPL7;CFTR;SPHK2
prerank,Carbohydrate Derivative Catabolic Process (GO:1901136),0.5158936663565062,1.2534407676077914,0.18834080717488788,0.48161831933089194,1.0,8/15,14.99%,NAGA;FUCA1;NEU4;BPGM;MANBA;DERA;FBXO2;SAMHD1
prerank,"Clathrin-Coated Vesicle Cargo Loading, AP-3-mediated (GO:0035654)",-0.7107801877630301,-1.2533894242676722,0.2303370786516854,0.6071872079972311,1.0,5/5,28.95%,AP3B2;AP3M1;AP3M2;AP3S2;AP3D1
prerank,Clathrin-Coated Vesicle Cargo Loading (GO:0035652),-0.7107801877630301,-1.2533894242676722,0.2303370786516854,0.6071872079972311,1.0,5/5,28.95%,AP3B2;AP3M1;AP3M2;AP3S2;AP3D1
prerank,Synaptic Vesicle Budding From Presynaptic Endocytic Zone Membrane (GO:0016185),-0.7005593715723297,-1.2533754836764008,0.22627737226277372,0.6063220124432301,1.0,4/5,28.95%,SNAP91;AP3M2;AP3S2;AP3D1
prerank,Regulation Of Blood Circulation (GO:1903522),-0.46413101123402856,-1.2533412348248525,0.1657559198542805,0.6055250528012628,1.0,6/28,4.71%,TPM1;TNNT2;PLN;HSPB7;TBX2;CACNA1H
prerank,Regulation Of Cholesterol Transport (GO:0032374),0.4739187565401618,1.2528156737527418,0.18043478260869567,0.4824394792661209,1.0,3/21,1.39%,APOC1;TSPO;APOC2
prerank,Positive Regulation Of DNA-templated DNA Replication (GO:2000105),0.5823158177446682,1.2527462993144265,0.2054176072234763,0.4821484839298169,1.0,4/10,18.22%,INO80;SSBP1;ENDOG;CDT1
prerank,Rac Protein Signal Transduction (GO:0016601),0.5087375531320717,1.2527146571340468,0.1970954356846473,0.48174937429036957,1.0,4/16,5.15%,RHOG;CYFIP1;AIF1;DBNL
prerank,Regulation Of Vasculogenesis (GO:2001212),-0.5385691246532364,-1.2526955378919036,0.18356643356643357,0.6064944870559106,1.0,4/13,10.64%,CD34;KDR;TMEM100;EMP2
prerank,Positive Regulation Of Cardiac Muscle Hypertrophy (GO:0010613),-0.5433692393528416,-1.2526230107658574,0.16885553470919323,0.6057972179063034,1.0,3/14,4.67%,NR4A3;PDE9A;ROCK2
prerank,Regulation Of Metal Ion Transport (GO:0010959),0.43548576462870925,1.2524987309132942,0.15873015873015872,0.4817007099239012,1.0,8/31,10.37%,NKAIN4;F3;NKAIN3;NKAIN1;KCNA5;CD4;ORAI1;STIM1
prerank,Lipid Transport (GO:0006869),0.3603250512287054,1.252404954220839,0.10762331838565023,0.4814386414610702,1.0,24/86,16.34%,APOE;PMP2;GM2A;ABCC3;SLCO1C1;UGCG;PLTP;NPC2;SLCO2B1;APOL2;CLN3;ABCA2;CETP;GLTP;PITPNA;SLC27A5;ABCC4;NME4;OSBPL8;OSBP;FABP7;SLC27A1;ACSL1;VAPA
prerank,Regulation Of Urine Volume (GO:0035809),-0.611126546550089,-1.252177557274955,0.21428571428571427,0.6061898552159164,1.0,2/8,8.33%,TRPV5;NPR1
prerank,Regulation Of Smooth Muscle Cell Migration (GO:0014910),-0.49888851208776475,-1.2520818981982311,0.18608695652173912,0.605572687577681,1.0,6/19,14.09%,PDGFRB;NELL1;SLIT2;CCN4;IGFBP3;NDRG4
prerank,Cardiac Muscle Hypertrophy (GO:0003300),-0.6691579453283378,-1.2520649161259254,0.1988527724665392,0.604733531309417,1.0,3/6,20.63%,RYR2;HDAC4;HTR2B
prerank,Positive Regulation Of Transcription From RNA Polymerase II Promoter In Response To Endoplasmic Reticulum Stress (GO:1990440),0.5853539012032191,1.2518116935582377,0.21902654867256638,0.48221502499482244,1.0,4/9,19.07%,CEBPB;ATF4;TP53;ATF6B
prerank,Activation Of NF-kappaB-inducing Kinase Activity (GO:0007250),0.5331791097613061,1.2513510991258499,0.1670428893905192,0.4827358250161798,1.0,5/15,11.83%,CHI3L1;ZFP91;TLR3;MAP3K7;TNFRSF10B
prerank,Negative Regulation Of Low-Density Lipoprotein Receptor Activity (GO:1905598),-0.6699573629864858,-1.2507640248651009,0.23473282442748092,0.6077525248644209,1.0,4/6,31.09%,APP;ADIPOQ;PSEN1;PCSK9
prerank,Neuron Projection Regeneration (GO:0031102),-0.5965959002516081,-1.2506997398480773,0.20650095602294455,0.6070413718772028,1.0,2/9,6.27%,PTN;RTN4RL1
prerank,Skeletal Muscle Organ Development (GO:0060538),-0.46300977194242565,-1.2506825232009324,0.16550522648083624,0.6062037579390935,1.0,12/26,24.53%,DMD;SIX1;SVIL;STRA6;POPDC3;CFLAR;CAV1;MYH7B;BVES;MSC;FXR1;ZBTB18
prerank,Regulation Of Oxidoreductase Activity (GO:0051341),0.5378657470912949,1.2506303144109743,0.21218961625282168,0.48377363940173795,1.0,6/13,28.72%,SLAMF8;FDX1;MT3;FDX2;ECSIT;SIRT4
prerank,Skin Development (GO:0043588),-0.3953221147336509,-1.2503459808554362,0.14207650273224043,0.6063588390365349,1.0,20/55,22.14%,DSP;WNT16;TXNIP;JAG1;KRT16;FGFR1;ERRFI1;COL1A2;GATA6;COL1A1;TGM3;EVPL;COL3A1;COL5A1;CFLAR;DLL1;ITGA3;CERS3;CASP3;TGM1
prerank,Generation Of Neurons (GO:0048699),-0.3427679137998838,-1.250325032376201,0.07202680067001675,0.6055393308644673,1.0,45/151,22.14%,MARK1;WNT16;WNT6;EMX2;NR4A2;SHH;NELL1;FZD4;CDK5R1;SIX1;MET;AUTS2;EML1;CEP85L;DTNB;WNT4;FGFR1;WNT2B;LDB1;WNT11;SNPH;MDGA1;BRSK1;NEO1;FZD1;RTN1;INSM2;IER2;CFLAR;FUT9;MARK2;LHX4;PIN1;RNF112;CDK5;TUBGCP2;LRP12;FGF13;CASP3;WNT9A;NOTO;DCC;LHX6;RAPGEF2;FGF8
prerank,Regulation Of Integrin-Mediated Signaling Pathway (GO:2001044),-0.5171273173020685,-1.2503060984283818,0.1853932584269663,0.6047063762994916,1.0,10/18,16.69%,LAMA2;LAMB2;LAMC1;CD177;FLNA;EMP2;NID1;LAMB1;DMTN;ITGB1BP1
prerank,Membrane Depolarization During Action Potential (GO:0086010),-0.5528283949123645,-1.250292799882237,0.18625678119349007,0.6038563828653618,1.0,6/13,15.19%,SCN4B;CACNA1D;CACNA1C;KCNH2;HCN4;SCN1B
prerank,"Nucleotide-Binding Domain, Leucine Rich Repeat Containing Receptor Signaling Pathway (GO:0035872)",0.6974813184763671,1.2500543907732466,0.24282560706401765,0.4844978527101548,1.0,2/5,9.78%,RNF34;MAP3K7
prerank,Actin Filament Depolymerization (GO:0030042),-0.5884847589986604,-1.2498845837556796,0.2099644128113879,0.6042436908318958,1.0,4/9,10.79%,MICAL2;MICAL3;DSTN;GSN
prerank,Granulocyte Chemotaxis (GO:0071621),0.38878658304934277,1.2495916604973751,0.11235955056179775,0.4850286643090227,1.0,8/59,4.08%,SYK;ITGB2;LGALS3;CCL2;NCKAP1L;TGFB2;FCER1G;CCL20
prerank,Postsynapse Assembly (GO:0099068),0.5916233326012348,1.2491197472251458,0.20930232558139536,0.48567200036437574,1.0,2/9,10.04%,NLGN2;NRXN2
prerank,Negative Regulation Of Small Molecule Metabolic Process (GO:0062014),0.4489891647373483,1.2490825353267598,0.17889908256880735,0.4852865652139582,1.0,7/28,12.56%,NUPR1;PGPEP1;FBP1;USP7;SIRT6;GCK;SOGA1
prerank,Purine Ribonucleoside Triphosphate Biosynthetic Process (GO:0009206),0.5835292782315132,1.2490564646699716,0.22330097087378642,0.48487692620939044,1.0,4/9,14.01%,TGFB1;NUDT2;IMPDH2;ATP5F1C
prerank,Camera-Type Eye Morphogenesis (GO:0048593),-0.602135093851071,-1.2489690085163987,0.21875,0.6061177456815405,1.0,3/8,13.38%,TBX2;NF1;TENM3
prerank,Regulation Of Mitochondrial Membrane Permeability Involved In Apoptotic Process (GO:1902108),-0.7070377722907553,-1.2488628691797778,0.18681318681318682,0.6056050880429521,1.0,2/5,13.48%,ATF2;STPG1
prerank,Retrograde Axonal Transport (GO:0008090),-0.5355986225715151,-1.2488140448055745,0.1888111888111888,0.604832544683804,1.0,2/15,6.56%,NEFL;KIF5A
prerank,Lipoprotein Transport (GO:0042953),0.5545744070679471,1.248603568866163,0.1962025316455696,0.48536463465854074,1.0,3/11,12.44%,PPARG;SURF4;PRKCB
prerank,Positive Regulation Of Myelination (GO:0031643),0.5499153770390021,1.2480895244849415,0.21689497716894976,0.48599619367613606,1.0,5/11,12.14%,ITGAX;MYRF;TPPP;TENM4;RNF10
prerank,Regulation Of Protein Tyrosine Kinase Activity (GO:0061097),0.42554269630356334,1.24767355802105,0.15550755939524838,0.4863870255882738,1.0,9/36,14.61%,LILRB4;RAP2B;AGT;PTPN1;IL34;FCGR1A;ERBB3;CSF1R;GPRC5B
prerank,Monosaccharide Transmembrane Transport (GO:0015749),-0.5916138089659079,-1.2476204111033096,0.19056603773584907,0.6075095745669943,1.0,2/9,3.32%,SLC2A12;SLC2A6
prerank,Regulation Of Glial Cell Apoptotic Process (GO:0034350),0.6429552131546067,1.2473395083066896,0.2064516129032258,0.48659086316782785,1.0,3/6,16.32%,TREM2;PRKCD;PRKCA
prerank,Defense Response To Symbiont (GO:0140546),0.347737531985365,1.2471617171217333,0.07857142857142857,0.4864988338842952,1.0,31/121,17.93%,PYCARD;LILRB1;BCL2L1;RNASE6;APOBEC3C;TLR7;IRF7;RNF185;EXOSC4;TRIM56;MYD88;DHX15;FADD;BNIP3L;TLR2;RELA;TLR3;STAT2;MICA;DDIT4;OASL;MAVS;PLSCR1;IFI16;IRF3;SAMHD1;IFNLR1;ZCCHC3;BCL2;MAP3K14;OAS1
prerank,Neural Tube Development (GO:0021915),-0.5089207671394995,-1.24714523137076,0.2038664323374341,0.6080601139352578,1.0,5/17,5.96%,PTCH1;SLC39A12;INTU;HES5;WDPCP
prerank,Positive Regulation Of Calcium Ion Transport Into Cytosol (GO:0010524),-0.6548785328756265,-1.2468920535927697,0.21673003802281368,0.6079319507162776,1.0,4/6,24.93%,P2RX5;GRIN1;PLA2G1B;TRPC3
prerank,Positive Regulation Of Myeloid Leukocyte Cytokine Production Involved In Immune Response (GO:0061081),0.5261755168462208,1.2466315467185607,0.20575221238938052,0.4871269719343241,1.0,3/14,2.12%,CD74;LAPTM5;LILRB1
prerank,Positive Regulation Of Proteasomal Protein Catabolic Process (GO:1901800),0.3615127859781457,1.2465852875532564,0.11564625850340136,0.4867700741626832,1.0,20/86,13.16%,TREM2;NUPR1;DNAJB2;CEBPA;SIRT2;BAG6;CLU;GABARAP;TRIB3;RAD23A;RNF185;SUMO2;RNF19A;PSMC3;PSMD10;DVL1;KEAP1;PSMC5;DAB2IP;DAB2
prerank,Vacuole Organization (GO:0007033),-0.6698118980349996,-1.246027245781788,0.236983842010772,0.6096232140342832,1.0,2/6,8.13%,VPS11;SPG11
prerank,Endothelial Cell Development (GO:0001885),-0.4932816337892229,-1.2458497194152272,0.17793594306049823,0.6092877354174382,1.0,7/19,22.27%,PDE4D;MET;MARVELD2;PECAM1;ROBO4;RAPGEF2;GSTM3
prerank,Regulation Of Endothelial Cell Migration (GO:0010594),-0.37578276446124637,-1.2449423686726977,0.12678571428571428,0.6110261537536367,1.0,22/84,11.14%,DCN;FOXC2;FOXP1;PTN;KDR;RHOJ;BMP4;NELL1;BCAS3;NELL2;SLIT2;ROCK2;ADGRB1;PLPP3;NR2F2;FLT4;NF1;BMPER;EMP2;ANGPT1;SMOC2;BMPR2
prerank,Regulation Of Histamine Secretion By Mast Cell (GO:1903593),0.6437987740212348,1.2448406750521481,0.24248927038626608,0.48991937966752874,1.0,2/6,13.95%,VAMP8;VAMP3
prerank,Negative Regulation Of Chromosome Organization (GO:2001251),0.6289127128420684,1.2444560575336705,0.25054945054945055,0.49022122323065154,1.0,3/7,21.80%,TOP2A;TERF2IP;TERF2
prerank,Endoplasmic Reticulum To Cytosol Transport (GO:1903513),0.5058928221597089,1.2442041029287483,0.1836283185840708,0.49026207153324236,1.0,4/15,11.39%,SEL1L;DERL1;DERL2;TMEM129
prerank,Microtubule Anchoring At Centrosome (GO:0034454),-0.5764289613966298,-1.244200489337347,0.22404371584699453,0.6125199921875856,1.0,4/10,14.53%,CCDC68;HOOK3;KIF3A;NINL
prerank,Notch Receptor Processing (GO:0007220),0.621243218133309,1.2435631644122567,0.23529411764705882,0.49111481890404324,1.0,2/7,3.08%,PSENEN;APH1A
prerank,Regulation Of Immature T Cell Proliferation In Thymus (GO:0033084),-0.7012776088921882,-1.2434224492266812,0.21206225680933852,0.6140585807554242,1.0,1/5,1.56%,SHH
prerank,Modulation Of Excitatory Postsynaptic Potential (GO:0098815),-0.44389590756983016,-1.243304908154767,0.1614100185528757,0.613522774258415,1.0,15/30,33.06%,RIMS1;NETO1;GRIN1;SLC8A2;RIMS2;GRIN2B;GRIN2D;STX1B;GRIN2A;SHANK1;DLG4;PTEN;CHRNA7;LRRK2;TMEM25
prerank,Positive Regulation Of Lymphocyte Proliferation (GO:0050671),0.38724590634581063,1.2431649896094705,0.11943793911007025,0.49146513105291634,1.0,10/57,8.01%,CD74;IRS2;TNFSF13B;NCKAP1L;SASH3;CD38;CLCF1;FCGR3A;CD276;CD6
prerank,Positive Regulation Of Cyclin-Dependent Protein Kinase Activity (GO:1904031),0.5011727323045835,1.2427535177527784,0.205607476635514,0.4918528532838109,1.0,6/17,9.00%,TTBK1;AKT1;CCND2;PSRC1;PROX1;PSMD10
prerank,Regulation Of Stem Cell Differentiation (GO:2000736),-0.41669093238530774,-1.2424065208508277,0.16161616161616163,0.6153346182551949,1.0,8/45,8.41%,PDGFRA;PTN;OCIAD1;JAG1;HES5;HOXB4;CHD3;RBM24
prerank,Microtubule Polymerization Or Depolymerization (GO:0031109),-0.46901141476385944,-1.2420658443098969,0.16579406631762653,0.6154762161950693,1.0,4/25,10.53%,STMN2;STMN3;ZNF207;KATNB1
prerank,Neuron Projection Organization (GO:0106027),-0.538191939118474,-1.2419069294559166,0.18345323741007194,0.615051288505072,1.0,7/14,19.00%,ABCD2;INSR;ARF1;ATP1A3;APP;GSK3B;PSEN1
prerank,Regulation Of Cytokine Production (GO:0001817),0.3372272250238352,1.2416808878814038,0.07862407862407862,0.49367810755543307,1.0,28/132,13.09%,LGALS9;TREM2;LITAF;IRF8;GPNMB;SIRPA;LYN;LTF;SLC11A1;ALOX5;AGT;BATF;IRF7;TRIM56;ZBTB33;GATA3;S100A13;CD276;MOG;FCGR2B;PLD4;MAPKAPK2;CLEC4A;FGR;ZNF134;HILPDA;CADM1;PATZ1
prerank,Regulation Of TORC2 Signaling (GO:1903939),0.6303942810219081,1.2416056592281708,0.24369747899159663,0.4933792389537122,1.0,2/6,14.75%,NCKAP1L;OTUD5
prerank,Regulation Of Protein Glycosylation (GO:0060049),0.6914807519266106,1.2414599193899223,0.23766816143497757,0.4932159985726814,1.0,4/5,21.37%,CHP1;RAMP1;FKTN;SLC51B
prerank,Protein Secretion (GO:0009306),-0.403388709979476,-1.2411260958483268,0.13957597173144876,0.6165194730856444,1.0,12/54,11.64%,RAB3D;LTBP2;PTPRN;ADCYAP1;AP1G1;RAB3A;NECAB3;RAB3C;ARL4D;CANX;RIMS2;CAMK2G
prerank,Cellular Response To Oxygen-Containing Compound (GO:1901701),0.3041116310582647,1.241067016421788,0.035326086956521736,0.4936129346140431,1.0,54/353,11.35%,AQP1;ITPKB;CD68;PYCARD;ALOX5AP;XBP1;CIB2;NFKBIB;EZR;CCL2;LILRB1;SIRPA;CPEB4;CHP2;MPV17;LYN;SHMT1;PEX5;P2RY11;RHOA;GNB1;CLU;CDC73;LAMTOR4;TNIP1;PEX10;AKT1;LAMTOR5;MPV17L2;LY96;MYD88;TNIP2;KCNQ1;GSTP1;CHUK;CD14;CPNE2;TWF2;CD180;TLR2;RELA;SLC25A24;LGMN;PTK2B;LAMTOR2;ROMO1;SHPK;RAP1A;HCN3;NDUFA13;PRKCD;BCL10;NLRP3;LCP1
prerank,Positive Regulation Of Heterotypic Cell-Cell Adhesion (GO:0034116),0.5387773524897546,1.2410661094676918,0.20166320166320167,0.49315673042308744,1.0,1/13,0.06%,CD44
prerank,Negative Regulation Of Signaling Receptor Activity (GO:2000272),0.46851496609124543,1.240955810684982,0.19686800894854586,0.49294961856586056,1.0,3/22,4.28%,LILRB4;PPARG;SOCS6
prerank,Immune Response-Regulating Cell Surface Receptor Signaling Pathway (GO:0002768),0.5320233525881801,1.2409445169970588,0.21247113163972287,0.49251377541341734,1.0,3/11,11.80%,LILRB1;LYN;FGR
prerank,GTP Metabolic Process (GO:0046039),0.5566891896892219,1.240202478845861,0.2328767123287671,0.49369327438628835,1.0,4/11,13.72%,GNAI3;IMPDH2;RAB23;ENTPD7
prerank,Regulation Of Cardiac Muscle Hypertrophy In Response To Stress (GO:1903242),0.6642910778503384,1.2400043193518058,0.2460136674259681,0.49366830566812575,1.0,2/5,8.96%,PPARG;LMNA
prerank,Regulation Of Cyclin-Dependent Protein Kinase Activity (GO:1904029),0.39630259788208516,1.2399354736831114,0.13163972286374134,0.4933461356437963,1.0,10/51,9.64%,CDKN2A;CDKN1A;TTBK1;SERTAD1;CCND2;CDKN2B;GTPBP4;GADD45A;CDKN3;CCNE1
prerank,Positive Regulation Of Tissue Remodeling (GO:0034105),-0.6597256829859104,-1.2397568073727565,0.23134328358208955,0.6197173213687058,1.0,2/6,4.67%,NRG1;ROCK2
prerank,"Positive Regulation Of CD4-positive, Alpha-Beta T Cell Activation (GO:2000516)",0.5911161376826309,1.2391601646210475,0.2357142857142857,0.4944839414734837,1.0,5/9,18.98%,LGALS9;NCKAP1L;ZBTB7B;SOCS1;CD81
prerank,Cardiac Cell Development (GO:0055006),-0.5634572100908184,-1.2391113165922891,0.20976491862567812,0.620787440470631,1.0,2/12,2.74%,MYH11;JAG1
prerank,Intraciliary Transport Involved In Cilium Assembly (GO:0035735),-0.6915952180036803,-1.2390486236840959,0.22264150943396227,0.6200901214250831,1.0,4/5,30.79%,IFT81;TTC26;MBD1;SSX2IP
prerank,Response To Auditory Stimulus (GO:0010996),-0.690285559937083,-1.2387506125759682,0.2184115523465704,0.6200655289511687,1.0,2/5,9.68%,PTN;ATP1A2
prerank,Regulation Of Endothelial Cell Apoptotic Process (GO:2000351),-0.41833503991603893,-1.2386903393801727,0.14258555133079848,0.6193617740724693,1.0,6/41,4.94%,CDH5;KDR;RAMP2;GAS6;PLCG1;ECSCR
prerank,Purine Nucleobase Metabolic Process (GO:0006144),0.5740803310422432,1.2385719116525378,0.24025974025974026,0.4952676016035461,1.0,3/9,6.54%,SHMT2;SHMT1;PRPS1
prerank,Regulation Of Protein Autophosphorylation (GO:0031952),-0.44942854918875014,-1.2382267783105094,0.17073170731707318,0.6199035074843243,1.0,6/30,12.96%,EPHA7;PDGFD;NEK10;ERRFI1;ENG;TAOK2
prerank,Basement Membrane Organization (GO:0071711),-0.5897659985781658,-1.2381928774224082,0.19521178637200737,0.6191231847465405,1.0,4/10,4.38%,HMCN1;RAMP2;FLRT2;NID2
prerank,Regulation Of Myotube Differentiation (GO:0010830),0.48724388426849286,1.238192618527303,0.21296296296296297,0.49565716582901537,1.0,5/17,5.51%,XBP1;TMEM119;PIEZO1;BHLHE41;MMP14
prerank,Negative Regulation Of Amino Acid Transport (GO:0051956),-0.6892002076481891,-1.238100293760986,0.22448979591836735,0.6184918422874519,1.0,3/5,25.95%,TRH;SLC43A1;HRH3
prerank,Lipid Phosphorylation (GO:0046834),-0.5982722222424655,-1.2377402309995758,0.22905027932960895,0.6187475752826159,1.0,6/9,30.05%,DGKB;DGKE;DGKK;DGKH;DGKG;DGKI
prerank,Positive Regulation Of mRNA 3'-End Processing (GO:0031442),0.5830052874810456,1.2377214075033312,0.2247191011235955,0.4961598376121505,1.0,2/9,1.99%,NUDT21;NCBP2
prerank,Positive Regulation Of Transcription Regulatory Region DNA Binding (GO:2000679),-0.5198215379587168,-1.2377070860461419,0.20863309352517986,0.6179651452516581,1.0,3/16,6.63%,FOXC1;IFNG;TWIST1
prerank,Peptide Antigen Assembly With MHC Protein Complex (GO:0002501),0.6669503134547863,1.2375841955982358,0.24468085106382978,0.49599474069261607,1.0,2/5,14.09%,TAPBP;GNAO1
prerank,Positive Regulation Of Triglyceride Biosynthetic Process (GO:0010867),0.556816339810899,1.2375789710912257,0.20588235294117646,0.4955508760018073,1.0,2/11,3.26%,CTDNEP1;SREBF1
prerank,Regulation Of Cellular Response To Growth Factor Stimulus (GO:0090287),-0.49632917759335116,-1.237526408879993,0.20326678765880218,0.6176222256777835,1.0,7/19,18.74%,NELL1;SLIT2;TMEM204;SFRP4;FST;OTX2;ITGA3
prerank,Negative Regulation Of Glycogen Biosynthetic Process (GO:0045719),-0.6917043732358711,-1.237075183121633,0.23076923076923078,0.6172517588259264,1.0,2/5,24.29%,GSK3B;SELENOS
prerank,Negative Regulation Of Glycogen Metabolic Process (GO:0070874),-0.6917043732358711,-1.237075183121633,0.23076923076923078,0.6172517588259264,1.0,2/5,24.29%,GSK3B;SELENOS
prerank,ncRNA Export From Nucleus (GO:0097064),0.6601217471333127,1.2367344638243651,0.2392638036809816,0.4968071602684659,1.0,2/6,15.73%,NCBP2;PHAX
prerank,Odontogenesis (GO:0042476),0.4287051987536139,1.2361890720834574,0.17298578199052134,0.4975084337585238,1.0,4/35,3.69%,AQP1;TGFB2;ZNF22;INHBA
prerank,Regulation Of Cilium Movement (GO:0003352),-0.61452502157622,-1.2360418775375033,0.1989051094890511,0.6194764027309041,1.0,3/8,18.23%,CFAP206;DNAH11;CCDC40
prerank,Regulation Of Protein Transport (GO:0051223),0.44144096912489844,1.2359470124007668,0.18036529680365296,0.49757701395667153,1.0,6/26,11.35%,NDFIP1;LLGL1;SIRT6;PTPN1;SNX12;LCP1
prerank,ERBB Signaling Pathway (GO:0038127),-0.4065949524622407,-1.2348441000360866,0.15586690017513136,0.6220773782051672,1.0,7/46,4.63%,NRG1;PLCE1;SLC30A10;SOS1;PLCG1;EGFR;REPS2
prerank,Membrane Repolarization During Cardiac Muscle Cell Action Potential (GO:0086013),0.5276675972512014,1.2346711994576407,0.22098214285714285,0.49988527377722264,1.0,5/13,14.23%,KCNA5;KCNJ5;KCNQ1;YWHAE;KCNJ8
prerank,Positive Regulation Of Cell Motility (GO:2000147),-0.3283970317160912,-1.2345679752344405,0.07228915662650602,0.6220817762323473,1.0,34/199,11.13%,CEMIP;LEF1;PDGFRA;CDH5;NTRK3;PDGFRB;PDGFD;ADRA2A;SYNE2;KDR;FZD4;SEMA6C;PODXL;SEMA3C;TJP1;EGFR;ROCK2;RET;ACVR1;FLT4;CDH13;INSR;RHOD;TWIST1;MYO1C;MYOC;KIT;ATM;F10;CXCL12;TWIST2;RUFY3;TRIM32;SH3RF2
prerank,Cellular Response To Forskolin (GO:1904322),-0.5669681047636133,-1.2345575453497872,0.2116788321167883,0.6203652627681732,1.0,4/10,20.60%,SLC5A5;CREB1;ADCY5;ADCY3
prerank,Response To Forskolin (GO:1904321),-0.5669681047636133,-1.2345575453497872,0.2116788321167883,0.6203652627681732,1.0,4/10,20.60%,SLC5A5;CREB1;ADCY5;ADCY3
prerank,Cellular Response To Prostaglandin Stimulus (GO:0071379),-0.5836731333325875,-1.2345265710705249,0.22965641952983726,0.6195776471011689,1.0,4/9,12.61%,PTGFR;SFRP1;AKR1C2;PTGER2
prerank,Positive Regulation Of Receptor-Mediated Endocytosis (GO:0048260),0.41596150797512527,1.2343661373943333,0.1570048309178744,0.5000086613974989,1.0,11/41,16.87%,CD63;ARRB2;C3;F3;CLU;PPT1;CBL;DAB2;NTF3;GREM1;BICD1
prerank,Protein Localization To Cilium (GO:0061512),-0.42271094967557155,-1.2333930547839813,0.1685823754789272,0.6220137993357442,1.0,15/37,26.18%,BBS9;WDR19;DNAH11;TTC26;TULP1;SNX10;ARL6;INVS;CFAP58;CC2D2A;EHD1;TULP3;TTC21B;FSIP2;TCTN1
prerank,Protein Insertion Into ER Membrane (GO:0045048),0.4476771604847267,1.2333606501705106,0.16589861751152074,0.5016797209505385,1.0,8/26,17.09%,EMC6;RAB5IF;EMC4;EMC10;CCDC47;EMC8;EMC9;EMC7
prerank,Endocytic Recycling (GO:0032456),0.3833642308289136,1.2331513723903307,0.13970588235294118,0.5016774022472904,1.0,12/55,13.58%,RAB7A;RAB13;SNF8;STX12;EHD4;STX6;VPS51;ARF6;SNX12;SNX17;RAB14;HGS
prerank,Negative Regulation Of Leukocyte Migration (GO:0002686),0.5772608578715956,1.2329461419219425,0.2459016393442623,0.5016772778122768,1.0,4/9,6.09%,HMOX1;SLAMF8;EMILIN1;CD300A
prerank,Glutamine Family Amino Acid Metabolic Process (GO:0009064),0.4404110311631618,1.23269104115483,0.21739130434782608,0.5017471718076628,1.0,6/27,13.75%,DDAH1;DDAH2;UCP2;ALDH5A1;GCLC;ALDH4A1
prerank,Cardiac Atrium Development (GO:0003230),-0.6409038846223932,-1.2326712513543252,0.21428571428571427,0.6232624390704978,1.0,5/7,30.13%,MDM4;GJA5;ENG;DLL4;DAND5
prerank,Positive Regulation Of Lipid Catabolic Process (GO:0050996),0.4963986444114477,1.232606190996277,0.21158129175946547,0.5014693515299546,1.0,5/17,10.58%,APOC2;IRS2;DAGLB;ABCD1;PRKCD
prerank,"Positive Regulation Of DNA Damage Response, Signal Transduction By P53 Class Mediator (GO:0043517)",-0.532032806776827,-1.2324348483607495,0.23415492957746478,0.6230694073395717,1.0,4/14,7.91%,PLA2R1;HIC1;ATR;ATM
prerank,Regulation Of Nervous System Process (GO:0031644),-0.49752058233291363,-1.2320584780697685,0.1965648854961832,0.6232943242386132,1.0,6/18,12.81%,NPTX1;BEGAIN;ROCK2;SLC8A2;DLGAP4;APP
prerank,Monoubiquitinated Protein Deubiquitination (GO:0035520),0.42458073682892133,1.232042911593089,0.16129032258064516,0.5021847102722269,1.0,4/33,4.68%,TAF10;USP47;USP7;USP1
prerank,Anterior/Posterior Axis Specification (GO:0009948),-0.5112524479494247,-1.2317760982187724,0.2122905027932961,0.6232177612069508,1.0,6/15,24.96%,SHH;RIPPLY2;TASOR;CER1;TBX3;DDIT3
prerank,Homotypic Cell-Cell Adhesion (GO:0034109),0.42435334506690287,1.231765407311679,0.1619718309859155,0.5023586974601011,1.0,11/38,12.17%,RAP2B;CD99;TYRO3;ACTN1;CSRP1;FERMT3;PLEK;DSC2;MEGF10;TLN1;P2RY12
prerank,T Cell Migration (GO:0072678),0.5079806168475544,1.2315899257998444,0.22300469483568075,0.5022500398939276,1.0,3/16,5.92%,CD99;MYO1G;CXCL16
prerank,Regulation Of Organelle Assembly (GO:1902115),-0.3799705681514012,-1.2312970461720651,0.13005272407732865,0.623765233957006,1.0,17/69,13.31%,SENP6;CEP295NL;INTU;TBC1D19;USP6NL;VPS11;CENPJ;PDCD6IP;WDPCP;EVI5;SPICE1;IFT88;GSN;ATG5;TBC1D8;UBQLN2;TBC1D12
prerank,Cilium-Dependent Cell Motility (GO:0060285),-0.5417882014135197,-1.231048450519286,0.23415492957746478,0.6236847983303149,1.0,10/13,39.90%,CFAP54;DNAH7;TEKT2;EFHC1;RFX3;RSPH9;DNAH3;DNAH1;TEKT1;DNAAF2
prerank,Positive Regulation Of Cyclase Activity (GO:0031281),-0.5515333405710203,-1.2309425020407931,0.23357664233576642,0.6231425747318703,1.0,5/12,9.88%,CACNA1D;MAPK8;NF1;CACNA1C;DRD5
prerank,Regulation Of Translational Initiation (GO:0006446),0.38621652771535847,1.2308693005370186,0.16473317865429235,0.5033319572954575,1.0,11/54,13.77%,EIF4EBP1;MIF4GD;NCBP2;POLR2G;EIF3H;YTHDF1;CSDE1;EIF4EBP3;EIF4H;MTIF2;EIF2B2
prerank,Regulation Of Behavior (GO:0050795),0.47993094565718203,1.2304390742964686,0.18025751072961374,0.5037677606148269,1.0,1/19,0.02%,APOE
prerank,Pulmonary Valve Development (GO:0003177),-0.4860453247647006,-1.2303888316336573,0.18890814558058924,0.6239288634001181,1.0,8/20,16.74%,BMP4;HEYL;JAG1;SLIT2;STRA6;BMPR2;SMAD6;ROBO1
prerank,Negative Regulation Of Amide Metabolic Process (GO:0034249),0.36042896611309017,1.2302977923548928,0.11166253101736973,0.5036179026420071,1.0,6/81,3.86%,APOE;CAPRIN1;SORL1;BIN1;SHMT1;CLU
prerank,Regulation Of Cell Communication By Electrical Coupling (GO:0010649),-0.5515091585230198,-1.2301637811594923,0.20917431192660552,0.6237265056678143,1.0,3/12,9.54%,PDE4D;HRC;CASQ2
prerank,Protein Stabilization (GO:0050821),0.3216580782002937,1.23001239349381,0.07948717948717948,0.503747455108491,1.0,41/178,18.14%,TYROBP;GRN;PFN1;CRTAP;SEL1L;LAMP1;CRYAB;STX12;BAG6;CLU;PYURF;USP7;ATP1B2;PHB2;MFSD1;TNIP2;GTPBP4;HSPD1;GPIHBP1;BAG1;PFDN2;DVL1;STK4;PRKCD;FLOT2;PFN2;CCT3;CREBL2;SMAD7;RABL3;RUVBL1;RASSF2;CCT8;SEC16A;ANK2;CSNK2A1;CHP1;TSPAN1;GLMP;VHL;PRKRA
prerank,Epithelial To Mesenchymal Transition (GO:0001837),-0.40424787145742513,-1.2287471594403876,0.17307692307692307,0.6271338543396628,1.0,14/43,17.81%,LEF1;HEYL;ROCK2;TGFBR3;WNT4;FGFR1;SMAD4;CTNNB1;FOXF2;SLC39A10;GSK3B;BMP2;OLFM1;TASOR
prerank,Positive Regulation Of Interleukin-17 Production (GO:0032740),0.48762392071214405,1.2284548854341897,0.2040358744394619,0.5066114074974656,1.0,4/17,9.20%,RFTN1;TGFB1;MYD88;ZBTB7B
prerank,Aromatic Compound Catabolic Process (GO:0019439),-0.6483264947745289,-1.2282790095801706,0.25402504472271914,0.6276146228841432,1.0,4/6,25.84%,PON3;TET2;EPHX2;PON1
prerank,Establishment Of Planar Polarity (GO:0001736),-0.6421379698475902,-1.2280705489398587,0.2358490566037736,0.6273910282474172,1.0,2/7,5.96%,INTU;WDPCP
prerank,Regulation Of Cell Communication (GO:0010646),-0.40746756157401814,-1.2280433093387004,0.16576576576576577,0.6266338165795299,1.0,12/46,12.77%,TBX18;RYR2;GRK5;SOCS2;TSPYL2;LTBP1;LRRC32;YWHAG;CASQ2;CDK13;GJA5;HCN4
prerank,Regulation Of Lymphocyte Proliferation (GO:0050670),0.5136225169532099,1.2280363459051518,0.21428571428571427,0.5070199259169822,1.0,3/15,3.45%,LST1;LGALS3;CD22
prerank,Osteoclast Differentiation (GO:0030316),0.4750424833276565,1.2279954840405214,0.18036529680365296,0.5066694549306285,1.0,3/21,2.08%,TYROBP;TREM2;OSCAR
prerank,Cell Cycle G2/M Phase Transition (GO:0044839),-0.4166350677052,-1.2279008790190542,0.1742957746478873,0.6262060142663035,1.0,8/38,17.88%,USH1C;TPD52L1;LATS1;MASTL;BRSK1;AKAP8L;KHDRBS1;KDM8
prerank,Regulation Of Protein Kinase Activity (GO:0045859),0.348974717552821,1.2277246787188032,0.09047619047619047,0.5067622532077858,1.0,21/108,10.18%,RAP2B;SLC9A3R1;DDR2;SFN;CDKN1A;LCP2;JTB;CD4;AKT1S1;TRIB3;AKT1;PTK2;GSTP1;DTNBP1;MAP3K5;PTK2B;C5AR1;SNCA;TRIM27;RAP1A;DVL1
prerank,Establishment Of Spindle Orientation (GO:0051294),0.4217656596034306,1.2275785479580794,0.18080357142857142,0.5066353854164194,1.0,4/32,7.91%,DYNLT1;LLGL1;MAPRE1;NSFL1C
prerank,Cotranslational Protein Targeting To Membrane (GO:0006613),0.5305769765543831,1.2275724487764508,0.21777777777777776,0.5061954550867256,1.0,6/12,28.28%,SRP19;SEC62;SSR2;SEC61A1;SRP54;SIL1
prerank,Positive Regulation Of Amyloid Precursor Protein Catabolic Process (GO:1902993),0.47240833581452435,1.2272292230984274,0.18801652892561985,0.5064740754499225,1.0,5/20,9.91%,ABCG1;LYN;CLU;RELA;RANBP9
prerank,Ventricular Compact Myocardium Morphogenesis (GO:0003223),-0.682727544590829,-1.2272184584069201,0.25,0.6273426323535913,1.0,2/5,5.72%,DSP;TGFBR3
prerank,Positive Regulation Of Chemotaxis (GO:0050921),-0.41953550517393967,-1.2270747587842774,0.16607773851590105,0.6268800109475112,1.0,11/42,10.99%,NTRK3;PDGFRB;EDN3;PTN;KDR;NELL1;MET;CDH13;IL6R;IL6;SMOC2
prerank,Protein Maturation By Iron-Sulfur Cluster Transfer (GO:0097428),0.5223579180670355,1.227029866541899,0.2017167381974249,0.5064028031013865,1.0,2/14,3.75%,CIAO2A;LTO1
prerank,'De Novo' Post-Translational Protein Folding (GO:0051084),0.4308048313103392,1.2269894456360213,0.17362637362637362,0.5060396790187826,1.0,15/29,27.00%,SELENOF;DNAJB5;SDF2;HSPE1;HSPA2;UGGT1;SDF2L1;GAK;ENTPD5;ERO1A;HSPA14;HSPA13;DNAJB13;CCT2;DNAJB14
prerank,Positive Regulation Of Peptidyl-Threonine Phosphorylation (GO:0010800),-0.47458004300041307,-1.2267120395224216,0.19680851063829788,0.6271383651594657,1.0,3/23,8.63%,CEMIP;AZU1;RPTOR
prerank,Protein Deubiquitination Involved In Ubiquitin-Dependent Protein Catabolic Process (GO:0071947),0.6657526578001203,1.226083996637196,0.2505694760820046,0.5075007126363124,1.0,1/5,0.97%,OTUD7B
prerank,Positive Regulation Of ATP Biosynthetic Process (GO:2001171),0.5955187674735684,1.2259113712096175,0.2203023758099352,0.5074136583220505,1.0,2/8,2.79%,TREM2;TMSB4X
prerank,"Retrograde Protein Transport, ER To Cytosol (GO:0030970)",0.48500197386659943,1.2256452079253362,0.21205357142857142,0.507494386323622,1.0,4/17,11.39%,SEL1L;DERL1;DERL2;TMEM129
prerank,Positive Regulation Of Stress Fiber Assembly (GO:0051496),-0.4157819953214378,-1.2256359549178995,0.14478764478764478,0.6294857968461535,1.0,11/42,12.12%,CCN2;TPM1;NELL1;SFRP1;ROCK2;MYOC;APOA1;WNT11;LIMK1;EVL;FHOD1
prerank,Regulation Of Microtubule Polymerization Or Depolymerization (GO:0031110),-0.4733075174872228,-1.2256276660376357,0.1996370235934664,0.6286610163267262,1.0,4/23,5.92%,STMN2;STMN3;MAP2;GBA2
prerank,"Heparan Sulfate Proteoglycan Biosynthetic Process, Enzymatic Modification (GO:0015015)",0.5974592637222855,1.2256180851839953,0.23311546840958605,0.5070940084605313,1.0,2/8,4.20%,HS6ST1;HS3ST2
prerank,Anaphase-Promoting Complex-Dependent Catabolic Process (GO:0031145),0.4642298738179859,1.2253961869519627,0.1925601750547046,0.5071330449865016,1.0,4/20,11.75%,ANAPC11;CDC23;ANAPC16;ANAPC13
prerank,"Mitochondrial Electron Transport, NADH To Ubiquinone (GO:0006120)",0.4171135291884843,1.2251434334765632,0.17488789237668162,0.5071420054236472,1.0,13/34,22.84%,NDUFS6;NDUFS5;NDUFA3;NDUFB6;NDUFS4;NDUFS7;NDUFB5;NDUFA2;NDUFC2;NDUFA9;NDUFB7;NDUFC1;NDUFAB1
prerank,Receptor-Mediated Endocytosis Of Virus By Host Cell (GO:0019065),0.5617662423612928,1.2249908894688688,0.21951219512195122,0.5070428076522502,1.0,2/10,3.62%,CTSL;SIGLEC1
prerank,"Positive Regulation Of Protein Localization To Chromosome, Telomeric Region (GO:1904816)",0.5682968508255312,1.2247357803008976,0.2409090909090909,0.5070668089766166,1.0,6/9,25.56%,DKC1;CCT3;CCT8;GNL3L;CCT6A;GNL3
prerank,Negative Regulation Of Protein Binding (GO:0032091),0.3719785511739844,1.2242236391564547,0.12530120481927712,0.507719232341535,1.0,15/64,13.16%,ARRB2;PTPRF;DNAJB2;SORL1;CDKN1A;TTBK1;AKT1;BAX;GTF2F1;DVL1;PRKCD;NES;LRPAP1;DISC1;DAB2
prerank,Adult Locomotory Behavior (GO:0008344),-0.5799296428980291,-1.2241700968450726,0.22735674676524953,0.6321112221317242,1.0,1/9,1.75%,BTBD9
prerank,Regulation Of Protein Localization To Cell Cortex (GO:1904776),0.6121563481179506,1.2239312929944504,0.26371308016877637,0.5078995689969554,1.0,1/6,7.09%,EPB41L2
prerank,Response To UV (GO:0009411),0.3533316959218084,1.2238877000500727,0.11971830985915492,0.5075482575096184,1.0,14/93,8.85%,AQP1;USP47;TNFSF13B;YY1;INO80;TP53I13;USP1;ATF4;DDB1;SIRT6;SDE2;PARP1;RELA;CAT
prerank,Regulation Of Vascular Endothelial Growth Factor Signaling Pathway (GO:1900746),-0.49569385517670217,-1.2238586817825163,0.24067164179104478,0.6321333655399672,1.0,9/17,16.76%,DCN;TNXB;NRG1;JCAD;MYO1C;SMOC2;PIK3CB;ROBO1;DLL1
prerank,Negative Regulation Of Macromolecule Metabolic Process (GO:0010605),0.32058990629427353,1.2236220711313948,0.07655502392344497,0.5076452798207883,1.0,22/175,6.63%,APOE;SPI1;HAVCR2;LGALS9;MSR1;PARP10;TGFB1;PPP2CB;YY1;PPARG;TGFB2;NDFIP1;TTBK1;PRKAR1A;EMILIN1;FGF2;ERP29;ANXA7;APLN;CCR1;STC2;SORD
prerank,Negative Regulation Of Bone Resorption (GO:0045779),0.5737710475966303,1.2232883540034623,0.24444444444444444,0.5078699355865162,1.0,5/9,20.69%,GPR137B;TMEM119;GPR137;CARTPT;P2RX7
prerank,Lymphocyte Activation Involved In Immune Response (GO:0002285),0.5818811879302674,1.2227656968018952,0.2531914893617021,0.5084506684793563,1.0,3/9,11.71%,CD74;LCP1;CD244
prerank,Regulation Of Alpha-Beta T Cell Differentiation (GO:0046637),-0.6365060950203238,-1.2225730712105305,0.22486288848263253,0.6350384940315064,1.0,1/7,1.56%,SHH
prerank,Regulation Of Circadian Sleep/Wake Cycle (GO:0042749),-0.6862696798500204,-1.2225646389582878,0.22077922077922077,0.634198375587544,1.0,4/5,23.89%,NR1D1;PTGDS;HCRTR2;FXR1
prerank,Regulation Of Keratinocyte Differentiation (GO:0045616),-0.494258524961372,-1.2225181486334986,0.22382671480144403,0.6334823190407306,1.0,4/18,10.11%,FOXC1;ROCK2;ERRFI1;NCOA3
prerank,Mitotic G2 DNA Damage Checkpoint Signaling (GO:0007095),0.42667511996663676,1.2223180896906831,0.19686800894854586,0.5090037980963745,1.0,3/29,2.59%,TNFSF13B;FOXN3;CDKN1A
prerank,Negative Regulation Of Peptide Hormone Secretion (GO:0090278),-0.5061169454123324,-1.2220577761444154,0.24080882352941177,0.6339890788503281,1.0,4/16,4.03%,CCN3;CHGA;KCNB1;SFRP1
prerank,Regulation Of Protein Sumoylation (GO:0033233),-0.5210787916267483,-1.221800958336271,0.22075471698113208,0.633924972731086,1.0,5/14,15.93%,PIAS1;CTNNB1;EGR1;HDAC4;PIAS3
prerank,Actomyosin Structure Organization (GO:0031032),-0.38129989296107575,-1.221717574283335,0.12867647058823528,0.6333167764574419,1.0,18/70,13.49%,TPM1;MYH11;TNNT2;MYH10;TJP1;ROCK2;CDC42BPA;TNNT1;PDLIM1;EPB41L4A;FHOD3;OBSCN;LMOD1;PHACTR1;MYH9;TMOD3;ANKRD1;PGM5
prerank,T Cell Differentiation (GO:0030217),0.40318449915628224,1.2214717957635717,0.16355140186915887,0.5103058842494452,1.0,7/41,6.10%,SPI1;TGFB1;PTPN2;FCER1G;CD4;GATA3;FADD
prerank,Intestinal Epithelial Cell Differentiation (GO:0060575),-0.684299125930722,-1.2214645337337582,0.22490706319702602,0.63320927818273,1.0,5/5,31.60%,GATA6;YAP1;GATA5;SRC;NPY
prerank,Fibroblast Growth Factor Receptor Signaling Pathway (GO:0008543),-0.42784738475036815,-1.220828901753219,0.18538324420677363,0.6342265384096246,1.0,7/34,7.86%,FGF10;FLRT2;FGF17;FGF18;FLRT3;FGFR1;FGF9
prerank,Nitrogen Compound Transport (GO:0071705),-0.34069659267708596,-1.2207993496856366,0.09863945578231292,0.63345741133642,1.0,32/136,13.85%,ABCG2;SLC13A4;SLC6A12;SLC6A13;SLC6A20;CHMP1B;SLC26A2;SLC22A2;SLC7A10;RAMP2;TXNIP;SLC38A5;NRG1;TCN2;SLC36A1;SLC35F3;TMEM30B;SLC6A15;SLC22A3;SLC26A7;CERT1;SLC25A11;KIF3A;SLC19A3;HBB;SLC13A5;SLC22A5;MYH9;RHCG;DENND10;SLC7A8;AQP8
prerank,Positive Regulation Of Alcohol Biosynthetic Process (GO:1902932),-0.5641134341943506,-1.2206805028578176,0.23423423423423423,0.6329792800599331,1.0,4/11,8.54%,BMP6;WNT4;PTH1R;PRKAA1
prerank,Myeloid Dendritic Cell Activation (GO:0001773),0.5547258924538276,1.2202255738817547,0.2445414847161572,0.5124769974630178,1.0,3/10,8.30%,PYCARD;BATF3;DHRS2
prerank,Protein Import Into Peroxisome Matrix (GO:0016558),0.5232838065626884,1.2191467569772005,0.21397379912663755,0.5142689252621544,1.0,6/13,23.90%,PEX5;PEX10;PEX2;PEX12;PEX16;PEX6
prerank,Positive Regulation Of Cell Migration (GO:0030335),-0.3152220755510385,-1.2189579530419086,0.06833333333333333,0.6371825032163864,1.0,43/251,11.14%,CEMIP;LEF1;PDGFRA;CDH5;NTRK3;PDGFRB;PDGFD;ADRA2A;FGF10;SYNE2;KDR;NELL1;FZD4;SEMA6C;PODXL;SEMA3C;PLCG1;TJP1;EGFR;IFNG;CCN4;ROCK2;RET;ACVR1;FLT4;CDH13;INSR;RHOD;DOCK1;TWIST1;MYO1C;MYOC;KIT;ATM;TNFSF18;F10;SMURF2;CXCL12;TWIST2;RUFY3;TRIM32;SH3RF2;BMPR2
prerank,Positive Regulation Of Trophoblast Cell Migration (GO:1901165),-0.6805777308912098,-1.2188552836141593,0.22932330827067668,0.6366432838230179,1.0,3/5,21.09%,SMURF2;SYDE1;AGO2
prerank,Nucleocytoplasmic Transport (GO:0006913),0.3993828712842294,1.2188351582112267,0.17050691244239632,0.5145056457794126,1.0,13/46,16.89%,UBE2I;RGS14;GLE1;SEC13;NUP188;NUP50;ANP32A;HTATIP2;NUP210;CITED1;RANGAP1;CDKN1B;NUP37
prerank,Positive Regulation Of G1/S Transition Of Mitotic Cell Cycle (GO:1900087),-0.44617945786015956,-1.2186949737562407,0.19133574007220217,0.6362708963307488,1.0,7/29,10.09%,ADAMTS1;FGF10;EGFR;CENPJ;RPTOR;UBE2E2;MTBP
prerank,Regulation Of Monoatomic Ion Transmembrane Transporter Activity (GO:0032412),-0.3761012156036707,-1.2183977303891185,0.13194444444444445,0.6363245693306613,1.0,17/66,15.47%,FXYD7;SCN4B;CACNA1D;CACNG2;UTRN;PRRT1;STK39;MAPK8IP2;HOMER1;SHISA6;FGF12;GPD1L;HCN4;APP;TRPC6;SCN1B;CNIH3
prerank,Negative Regulation Of Response To External Stimulus (GO:0032102),0.3361562518653691,1.2183383946084014,0.10224438902743142,0.5151346523283387,1.0,22/126,14.13%,APOE;LILRA2;SIRPA;PPARG;TYRO3;LTF;ALOX5;PTPN2;FGF2;CRK;AKT1;GATA3;TNFRSF1A;PARP1;DUSP3;PRKCD;NLRP3;CD109;PROC;PPM1B;IFI16;BANF1
prerank,Vesicle Fusion With Golgi Apparatus (GO:0048280),0.6199292426147078,1.2181121253667377,0.25462962962962965,0.5151481091441328,1.0,1/6,4.43%,VTI1B
prerank,Positive Regulation Of Cell Development (GO:0010720),-0.45432633092302327,-1.217524497488325,0.18782608695652173,0.6380024707413569,1.0,5/26,11.11%,NKX6-1;BMP4;IFNG;PDE3A;TRIM32
prerank,Mesenchyme Development (GO:0060485),-0.5024358006172251,-1.2168970063406988,0.23529411764705882,0.6390323260368584,1.0,7/16,20.42%,BMP4;ISL1;WNT11;SFRP2;BMPR2;PKD2;MEOX1
prerank,Positive Regulation Of Gene Expression (GO:0010628),-0.30427090849921806,-1.2163060459262005,0.03305785123966942,0.6397863448055446,1.0,54/404,8.83%,RBMS3;PLA2R1;BMP6;LEF1;CDH5;NTRK3;ADRA2A;FGF10;MARK1;WNT16;OGT;CD34;CD46;WNT6;TLE1;PGR;RNF207;SLC22A2;VSTM2A;RIMS1;FUBP1;BMP4;RAMP2;ATF2;GAS6;SCX;KLF4;FOXD1;PLD1;RIPK1;N6AMT1;FGF17;FGF18;IFNG;NGF;HNRNPLL;ROCK2;OCLN;CLDN5;CXCL8;ARID1B;HSPA1A;PPARGC1A;ELAVL4;TWIST1;SFRP4;AZU1;TENT4B;MAPK8;FGF9;ATM;RBM24;PRKAA1;SLC24A3
prerank,Response To Heparin (GO:0071503),-0.6701248042589467,-1.216196559970484,0.2411214953271028,0.6392402882515609,1.0,3/5,12.89%,SFRP1;SLIT2;EGR1
prerank,I-kappaB kinase/NF-kappaB Signaling (GO:0007249),0.39765418016919085,1.216177509836305,0.18376068376068377,0.5187245316242391,1.0,13/44,12.67%,TLR7;NKIRAS2;CHUK;TLR2;RELA;CARD11;TLR3;MAP3K7;TRIM8;BCL10;RELB;TIFA;DAB2IP
prerank,Determination Of Liver Left/Right Asymmetry (GO:0071910),-0.6804650357431759,-1.2146082567309773,0.23247232472324722,0.6430968128189942,1.0,3/5,21.39%,CCDC40;PKD2;ZIC3
prerank,Negative Regulation Of Amyloid Precursor Protein Biosynthetic Process (GO:0042985),-0.6769991818441456,-1.2143898487533986,0.23674242424242425,0.6429062048287058,1.0,1/5,0.11%,ITM2A
prerank,Basic Amino Acid Transmembrane Transport (GO:1990822),0.6000250190333738,1.2143828733764235,0.2650862068965517,0.5216320557130637,1.0,2/7,7.32%,SLC7A7;SLC25A29
prerank,L-arginine Transmembrane Transport (GO:1903826),0.6000250190333738,1.2143828733764235,0.2650862068965517,0.5216320557130637,1.0,2/7,7.32%,SLC7A7;SLC25A29
prerank,Peptidyl-Tyrosine Dephosphorylation (GO:0035335),0.42857311688345895,1.2142796481451996,0.19517543859649122,0.5214026654382862,1.0,9/28,10.42%,PTPRZ1;PTPRF;PTPRJ;PTPN6;PTPN2;PTPRO;PTPN1;DUSP3;DUSP22
prerank,Carbon Dioxide Transport (GO:0015670),-0.6557028158530018,-1.2139941998321573,0.25486725663716814,0.6432572961576183,1.0,2/6,10.41%,HBD;HBB
prerank,Endoderm Development (GO:0007492),-0.5546602630371517,-1.2134432356910225,0.22627737226277372,0.6440226441875282,1.0,5/11,18.90%,DUSP1;DUSP5;LAMC1;DUSP2;HOXC11
prerank,Protein Tetramerization (GO:0051262),0.3716724941638448,1.213189927851615,0.171021377672209,0.5232374547808486,1.0,8/64,4.52%,SOD2;AQP4;NUDT21;SHMT2;SHMT1;SSBP1;CLU;PKD2L1
prerank,Regulation Of Amyloid Precursor Protein Biosynthetic Process (GO:0042984),-0.5833444985340874,-1.2118171526829038,0.2565543071161049,0.647895195230642,1.0,4/9,12.41%,ITM2A;NECAB3;ABCA7;NECAB2
prerank,Hepatocyte Growth Factor Receptor Signaling Pathway (GO:0048012),-0.6406478498417583,-1.2117316494185384,0.2364341085271318,0.6472906608724871,1.0,2/6,14.56%,NELL1;MUC20
prerank,Phospholipid Transport (GO:0015914),0.3823987927422362,1.2116847391655754,0.1662870159453303,0.5260042963918411,1.0,4/55,1.39%,APOE;APOC1;ABCG1;APOC2
prerank,Negative Regulation Of Protein Modification Process (GO:0031400),0.3588642513923862,1.2115747776146084,0.16279069767441862,0.5257664386369819,1.0,15/72,9.17%,TSPO;CORO1C;CRTAP;TGFB1;SIRPA;CDKN1A;LYN;TPPP;PPP1R8;CADM4;FKBP8;PRR5L;SORD;CIB1;G6PD
prerank,Limb Development (GO:0060173),-0.44798585802430585,-1.2110261449140716,0.20475319926873858,0.6485264349154775,1.0,4/25,4.05%,FGF10;PTCH1;GLI3;INTU
prerank,Protein O-linked Glycosylation Via Threonine (GO:0018243),0.5754711603075278,1.2108236822246756,0.24579831932773108,0.5268658958319467,1.0,2/9,3.66%,GALNT3;GALNT2
prerank,Mitotic G1 DNA Damage Checkpoint Signaling (GO:0031571),0.45735264389071456,1.2107087505069098,0.2071269487750557,0.5266612792840367,1.0,6/23,16.70%,CDKN1A;MUC1;SDE2;CASP2;TP53;CDKN1B
prerank,"G Protein-Coupled Receptor Signaling Pathway, Coupled To Cyclic Nucleotide Second Messenger (GO:0007187)",-0.4187684101549691,-1.2105913771668773,0.19320214669051877,0.6490099297225798,1.0,8/37,10.17%,LPAR3;HTR1F;CHRM2;HTR2A;PTH1R;VIPR1;CHRM1;LHCGR
prerank,Response To Molecule Of Bacterial Origin (GO:0002237),0.3646772246921108,1.2105864692832755,0.1463963963963964,0.5264769376285904,1.0,13/63,11.45%,MAPKAPK3;LGALS9;IRF5;SLC11A1;LY96;CD14;ERBIN;CD6;SNCA;FCGR2B;TNFRSF11A;MAPKAPK2;C4B
prerank,Positive Regulation Of Myeloid Cell Apoptotic Process (GO:0033034),0.6339905397148061,1.2103894959812977,0.2631578947368421,0.5264720318744864,1.0,2/6,11.70%,CDKN2A;MEF2C
prerank,Nucleoside Triphosphate Biosynthetic Process (GO:0009142),0.63765356004664,1.2099954034836706,0.2890295358649789,0.526819822092585,1.0,4/5,34.06%,NME2;AK5;AK4;AK8
prerank,Amine Metabolic Process (GO:0009308),-0.5920133259636877,-1.209841482717566,0.2413793103448276,0.6503950680214458,1.0,2/9,2.40%,MAOA;INMT
prerank,Nose Development (GO:0043584),-0.6413810365638378,-1.2097818221394177,0.22988505747126436,0.6497331234332432,1.0,3/6,10.04%,GLI3;SMCHD1;STRA6
prerank,Eye Morphogenesis (GO:0048592),-0.4917298712201141,-1.209398348404267,0.23172905525846701,0.6499993701127499,1.0,7/18,16.72%,MFAP5;NKD1;MFAP2;NF1;TENM3;NIPBL;COL5A1
prerank,Icosanoid Metabolic Process (GO:0006690),0.4206442910506534,1.2091489040661858,0.22535211267605634,0.5281321371853624,1.0,16/33,18.41%,PYCARD;DAGLB;ALOX5;GPX4;NLRC4;ALOX15B;PNPLA8;DPEP2;LTC4S;MAPKAPK2;CYP2S1;CYP4F11;DAGLA;FAAH;TBXAS1;CYP4F3
prerank,Limb Morphogenesis (GO:0035108),-0.49731179759961386,-1.2089962781522352,0.22396856581532418,0.6503220826580851,1.0,3/17,1.56%,PTCH1;GLI3;SHH
prerank,Regulation Of Cilium Assembly (GO:1902017),-0.37543494764536406,-1.208964092039551,0.16896551724137931,0.6495927956450777,1.0,18/63,20.47%,CCP110;INTU;TBC1D19;USP6NL;WDPCP;EVI5;TAPT1;MPHOSPH9;IFT88;TBC1D30;ATG5;TBC1D8;GSK3B;YAP1;TBC1D13;RABGAP1;ENTR1;TBC1D7
prerank,Regulation Of Establishment Or Maintenance Of Cell Polarity (GO:0032878),-0.4998602902294448,-1.2089155484381875,0.20889748549323017,0.6489180985440816,1.0,5/16,13.94%,CDH5;BCAS3;ROCK2;RUFY3;RIPOR2
prerank,Phagosome-Lysosome Fusion (GO:0090385),0.5457272324857787,1.2085417868304793,0.24628450106157113,0.5289145859523953,1.0,3/11,8.99%,RAB7A;RAB20;CLN3
prerank,Skeletal Muscle Contraction (GO:0003009),0.5169123308990676,1.2083711119682972,0.24044943820224718,0.528815729453898,1.0,4/15,13.26%,RCSD1;CHRNA1;STAC3;TNNI2
prerank,Metal Ion Transport (GO:0030001),-0.33582922565422196,-1.2083180351458451,0.0957983193277311,0.6497716284268987,1.0,34/145,15.50%,KCNA1;RYR2;CDH23;SCN4B;RAMP2;KCNN1;ITPR1;NIPA1;KCNJ16;SLC5A5;SCN8A;TRPV5;CACNA1D;KCNJ13;KCNK3;KCNAB1;RYR3;CHRNB2;KCNK4;CACNA2D1;SLC9B2;SCN9A;KCNC4;CATSPER3;ATP1A2;ATP2A3;KCNJ15;SLC41A2;KCNG1;KCNN2;SCN7A;ATP2A1;TRPC4;TRPM7
prerank,calcineurin-NFAT Signaling Cascade (GO:0033173),-0.5758411268946018,-1.2082514711172507,0.2602996254681648,0.6491338438048455,1.0,3/9,11.89%,PPP3R1;NFAT5;NFATC3
prerank,Microtubule Anchoring At Microtubule Organizing Center (GO:0072393),-0.530253500422341,-1.2080597559224082,0.2354014598540146,0.6487902117258464,1.0,4/12,14.53%,CCDC68;HOOK3;KIF3A;NINL
prerank,Vacuolar Transport (GO:0007034),0.3956411376610586,1.2079520368418097,0.17218543046357615,0.5292864832383374,1.0,10/43,8.38%,M6PR;GRN;PSAP;CHMP2A;VPS51;VTI1B;USE1;NPC1;BECN1;VPS37D
prerank,Chordate Embryonic Development (GO:0043009),-0.3848383015179662,-1.2078659204279611,0.15547703180212014,0.6485320002269722,1.0,18/55,20.86%,PTCH1;BMP5;KIAA1217;INTU;HES5;WDPCP;FGFR1;ISL1;SULF2;WNT11;FUT8;ALDH1A2;COL1A1;BMP2;HINFP;DACT1;PKD2;EGFL8
prerank,Relaxation Of Cardiac Muscle (GO:0055119),-0.5464889884142733,-1.2075096706841648,0.24471830985915494,0.64877568019304,1.0,4/11,10.79%,PLN;CHGA;ATP1A2;GSN
prerank,Negative Regulation Of Endothelial Cell Migration (GO:0010596),0.41840978847816035,1.2075058960772307,0.20187793427230047,0.5298012304615881,1.0,8/32,12.67%,APOE;TGFB1;PPARG;FGF2;GADD45A;MEF2C;CSNK2B;DAB2IP
prerank,Phosphatidylcholine Catabolic Process (GO:0034638),0.598117073774504,1.2074689014682103,0.27194860813704497,0.5294155542619059,1.0,3/7,8.16%,PLA2G7;PNPLA8;PLA2G15
prerank,Glycerophospholipid Biosynthetic Process (GO:0046474),-0.3511563523063506,-1.2069018333629213,0.1595197255574614,0.6497669458705353,1.0,30/104,22.91%,CDS1;AGPAT4;FAR1;PLD1;PITPNM2;GPAT3;PI4KA;DGKB;SYNJ1;PLA2G4A;MTMR7;LIPC;CHAT;BMX;APOA1;SYNJ2;ETNK1;PIP5K1C;PNPLA3;DGKE;MTMR6;PITPNM3;CDIPT;ACP6;TAMM41;SLC44A4;DGKH;LCLAT1;CHKB;MBOAT2
prerank,Response To Muscle Stretch (GO:0035994),-0.546774757674995,-1.2068149047304613,0.24721189591078066,0.6492323865833394,1.0,4/12,10.79%,RYR2;DMD;CTNNB1;GSN
prerank,Regulation Of ER-associated Ubiquitin-Dependent Protein Catabolic Process (GO:1903069),-0.592159042100572,-1.2067282892865325,0.23731884057971014,0.6486757728678586,1.0,6/8,34.66%,HERPUD1;UBQLN2;CAV1;USP14;SGTA;NFE2L2
prerank,Negative Regulation Of Protein Polymerization (GO:0032272),-0.45850260586497765,-1.2062547677333006,0.21739130434782608,0.6492710260035867,1.0,4/24,4.08%,STMN2;CDH5;MAP2;SLIT2
prerank,Bradykinin Catabolic Process (GO:0010815),0.6377465877121933,1.2055468637433024,0.26269315673289184,0.5331051224428355,1.0,3/5,24.56%,CTSH;MME;ECE1
prerank,Embryonic Digestive Tract Development (GO:0048566),-0.4962841967425275,-1.205428299237962,0.24814814814814815,0.6508385245469632,1.0,8/18,20.93%,PDGFRA;GLI3;STRA6;PKDCC;NIPBL;RARRES2;TNF;RARB
prerank,Regulation Of RNA Splicing (GO:0043484),-0.35789847613222314,-1.2052927956832695,0.1438721136767318,0.650379562491435,1.0,24/92,16.49%,AHNAK2;ZNF638;SRRM1;PTBP1;CCNL2;SRPK1;HNRNPLL;HSPA1A;CLK4;PTBP2;ATXN7L3;ILDR2;SUPT20H;CLK1;MBNL2;SRSF1;RBM20;TRRAP;TAF5L;KAT2A;SRRM4;TRA2B;AKAP17A;RBM39
prerank,Regulation Of Flagellated Sperm Motility (GO:1901317),-0.6108855157063353,-1.2052776055337338,0.2690166975881262,0.6495965939654054,1.0,3/7,19.88%,TACR1;CFAP69;RNASE10
prerank,Positive Regulation Of Keratinocyte Differentiation (GO:0045618),-0.5695707364840902,-1.2048183086536564,0.24691358024691357,0.6501411060634885,1.0,1/9,0.02%,FOXC1
prerank,Regulation Of Endocytic Recycling (GO:2001135),0.5423127761530768,1.2045220452763796,0.2482758620689655,0.5348790750853125,1.0,5/10,23.68%,SORL1;ARHGAP1;RAB11B;ATP9A;EHD2
prerank,Regulation Of Heme Biosynthetic Process (GO:0070453),0.6317611592905248,1.2044787059490263,0.25477707006369427,0.5345128674085348,1.0,3/6,20.44%,ABCB7;SRRD;TMEM14B
prerank,Regulation Of Low-Density Lipoprotein Particle Clearance (GO:0010988),0.5526234700136999,1.2042740470797857,0.2781456953642384,0.5344876044221047,1.0,1/10,0.50%,TREM2
prerank,Regulation Of Monocyte Differentiation (GO:0045655),0.5236096208938611,1.2039176752526204,0.2290748898678414,0.5347827102641926,1.0,4/12,9.55%,CD74;CD4;IRF7;IL34
prerank,T-helper 1 Cell Differentiation (GO:0045063),-0.6822624114061632,-1.2034223098258323,0.23929961089494164,0.6534449004186627,1.0,1/5,0.19%,LEF1
prerank,Regulation Of Protein Targeting To Membrane (GO:0090313),-0.4403243983119151,-1.2032909517374646,0.1922365988909427,0.6530197824627414,1.0,4/26,6.92%,CEMIP;KCNB1;MYO1C;C2CD5
prerank,Positive Regulation Of Stem Cell Differentiation (GO:2000738),-0.5087818818733976,-1.2031163666163125,0.23679417122040072,0.6527274703397712,1.0,5/16,8.41%,FOXC1;PTN;LTBP2;HOXB4;RBM24
prerank,Low-Density Lipoprotein Particle Remodeling (GO:0034374),0.528644747405451,1.201953851595358,0.23853211009174313,0.5384911777488741,1.0,2/11,3.90%,PLA2G7;AGT
prerank,Regulation Of Inositol Phosphate Biosynthetic Process (GO:0010919),0.6470756171736981,1.2017052196880522,0.27835051546391754,0.5385639824214006,1.0,4/5,11.71%,PLEK;PTK2B;SNCA;CD244
prerank,mRNA Transcription By RNA Polymerase II (GO:0042789),0.413881255124648,1.2016734751476017,0.17865429234338748,0.5381517234708442,1.0,6/36,9.34%,TAF10;NCBP2;PPARG;ATF4;C5AR1;RXRA
prerank,Negative Regulation Of Lipoprotein Particle Clearance (GO:0010985),0.622326660418596,1.2013330328264453,0.29910714285714285,0.5384623069057513,1.0,2/6,11.61%,APOC2;LRPAP1
prerank,Sensory Perception Of Light Stimulus (GO:0050953),-0.36818150830107577,-1.2011660397725388,0.16903914590747332,0.657541596135202,1.0,18/69,14.97%,USH1C;CDH23;ZIC2;COL11A1;COL18A1;CHRNB2;SLC4A10;CRYGN;MYO9A;COL2A1;TULP1;NXNL2;GRM8;EYA4;CRYBA2;TRPM1;COL1A1;RABGGTA
prerank,Regulation Of I-kappaB Phosphorylation (GO:1903719),0.6229354224621572,1.200959339118223,0.296218487394958,0.5387847450877888,1.0,3/6,18.07%,SIRPA;DDRGK1;CX3CR1
prerank,Regulation Of Translation In Response To Endoplasmic Reticulum Stress (GO:0036490),0.6530472481065025,1.2001098510615222,0.2982456140350877,0.5400771141097359,1.0,4/5,29.61%,EIF2S1;NCK2;EIF4G1;SESN2
prerank,Negative Regulation Of Membrane Protein Ectodomain Proteolysis (GO:0051045),-0.629348620782118,-1.1999533876074515,0.26159554730983303,0.6603232057825286,1.0,1/6,5.51%,TIMP3
prerank,Axonemal Dynein Complex Assembly (GO:0070286),-0.49505430376857795,-1.1996454484929158,0.2014519056261343,0.6604416797539521,1.0,7/20,24.08%,NISCH;CCDC39;DNAH7;DNAI1;CCDC40;SPAG1;CFAP73
prerank,Neutrophil Migration (GO:1990266),0.36951068911754537,1.1992952578830283,0.17647058823529413,0.5413672739538675,1.0,8/61,4.08%,SYK;ITGB2;LGALS3;CCL2;NCKAP1L;TGFB2;FCER1G;CCL20
prerank,Establishment Of Protein Localization To Plasma Membrane (GO:0061951),0.42305934259972877,1.1992728300505047,0.19230769230769232,0.5409492335117835,1.0,6/33,12.71%,RAB7A;SYS1;NECTIN3;RILPL1;GOLPH3;GORASP1
prerank,Alpha-Amino Acid Catabolic Process (GO:1901606),0.4301302652551379,1.1990204547855003,0.20681265206812652,0.5410174486447278,1.0,9/26,22.10%,MCCC2;DDO;KYNU;ALDH4A1;HOGA1;ALDH6A1;IVD;BLMH;MCCC1
prerank,Positive Regulation Of Cysteine-Type Endopeptidase Activity Involved In Apoptotic Signaling Pathway (GO:2001269),0.6179788322191115,1.1990160883536147,0.2915766738660907,0.5405654735253705,1.0,1/6,0.44%,LGALS9
prerank,Regulation Of Smooth Muscle Cell Proliferation (GO:0048660),-0.3939339436339504,-1.1988220443135564,0.1911504424778761,0.6619785132516696,1.0,15/50,11.14%,OGN;PDGFRB;FOXP1;NR4A3;BMP4;IFNG;CCN4;HES5;PPARGC1A;CDH13;ELANE;IL6R;IL6;CTNNB1;BMPR2
prerank,Positive Regulation Of Adipose Tissue Development (GO:1904179),0.6055237213049554,1.1986171014392366,0.27705627705627706,0.5409697082652919,1.0,2/7,2.53%,SORL1;PPARG
prerank,Plasma Membrane Invagination (GO:0099024),0.4389213515797941,1.1984304591218753,0.21904761904761905,0.540909473725782,1.0,12/24,19.40%,ITGB2;MSR1;SPIRE1;RHOA;BIN2;FCGR2B;ARHGAP25;ITGAM;AURKB;ELMO1;SH3BP1;ALKBH4
prerank,Nucleotide Transport (GO:0006862),-0.6318646118427127,-1.1984141237933328,0.27552986512524086,0.6623166152881276,1.0,5/6,21.57%,SLC25A36;ABCC5;EPG5;ABCC11;SLC25A33
prerank,Organelle Fission (GO:0048285),0.45332318296441765,1.1982105791673456,0.21585903083700442,0.5409149539231,1.0,6/22,11.34%,CORO1C;MTFP1;PEX11G;UCP2;FIS1;MIEF1
prerank,Transcription Initiation-Coupled Chromatin Remodeling (GO:0045815),0.4145997076162291,1.198128563876665,0.18863636363636363,0.5406315662520472,1.0,9/32,16.36%,SPI1;PADI2;VPS72;SMARCB1;TRMT112;WBP2;TP53;GLYR1;WDR5
prerank,Positive Regulation Of Vascular Associated Smooth Muscle Cell Differentiation (GO:1905065),0.6400517407939246,1.1976258621627156,0.30434782608695654,0.5412984227797061,1.0,1/5,0.14%,SOD2
prerank,Negative Regulation Of Protein Depolymerization (GO:1901880),-0.45856241113141344,-1.197572636232698,0.2283609576427256,0.6639549589467706,1.0,8/23,20.98%,STMN2;PLEKHH2;KATNB1;TTBK2;NAV3;CLASP2;LIMA1;FGF13
prerank,Regulation Of Epithelial To Mesenchymal Transition (GO:0010717),-0.364943325533205,-1.197050138876971,0.14736842105263157,0.6646490685193699,1.0,15/76,11.22%,FOXC1;PHLDB2;LEF1;MARK1;TNXB;BMP5;SFRP1;TWIST1;SMAD4;TGFB1I1;IL6;EPHA3;SFRP2;CTNNB1;TGFBR2
prerank,Negative Regulation Of Cell Development (GO:0010721),0.45440242247604906,1.1970113467684,0.2268041237113402,0.5421707099526867,1.0,3/20,7.44%,DYNLT1;SORL1;RFLNB
prerank,Heparan Sulfate Proteoglycan Biosynthetic Process (GO:0015012),0.4598577792028841,1.1968921132149046,0.2290249433106576,0.5419707593457791,1.0,3/20,4.20%,HS6ST1;HS2ST1;HS3ST2
prerank,Mucosal Immune Response (GO:0002385),0.49717555111549083,1.1967390123555743,0.22716627634660422,0.5418344401620082,1.0,2/14,2.84%,OTUD7B;LTF
prerank,Regulation Of Podosome Assembly (GO:0071801),0.6221247280461919,1.1967181827749536,0.27061310782241016,0.5414117349745571,1.0,3/6,11.35%,HCK;FSCN1;LCP1
prerank,Positive Regulation Of T Cell Proliferation (GO:0042102),0.39058162056266893,1.1965011075612662,0.15550239234449761,0.5414147199271161,1.0,7/47,8.01%,SYK;PYCARD;NCKAP1L;AIF1;FADD;CD276;CD6
prerank,Defense Response To Virus (GO:0051607),0.3205309204835048,1.195888359862241,0.11832946635730858,0.5422587868669474,1.0,33/157,15.20%,PYCARD;LILRB1;BCL2L1;RNASE6;APOBEC3C;TLR7;PHB2;IRF7;RNF185;EXOSC4;TRIM26;TRIM56;RNF135;MYD88;DHX15;FADD;BNIP3L;NMB;TLR2;RELA;TLR3;STAT2;TRIM8;MICA;AKAP1;DDIT4;OASL;MAVS;PLSCR1;IFI16;IRF3;SAMHD1;IFNLR1
prerank,Regulation Of Telomere Maintenance In Response To DNA Damage (GO:1904505),0.4959024051631332,1.1958078174510467,0.21691973969631237,0.5419700738901272,1.0,5/15,15.35%,YY1;TFPT;INO80;ACTR8;RUVBL1
prerank,Positive Regulation Of Notch Signaling Pathway (GO:0045747),-0.4409034722343723,-1.1955328513085335,0.2182468694096601,0.6682260852750966,1.0,9/28,16.76%,CCN3;TP63;JAG1;TSPAN5;JAG2;YAP1;ITGB1BP1;ROBO1;DLL1
prerank,Embryonic Appendage Morphogenesis (GO:0035113),-0.5914329802286216,-1.1952404513793315,0.26717557251908397,0.6682795963752776,1.0,2/8,1.56%,PTCH1;SHH
prerank,Catecholamine Transport (GO:0051937),-0.6783906750982029,-1.195053966574045,0.25,0.6680010019706473,1.0,2/5,6.72%,SLC22A2;SLC22A3
prerank,Maturation Of 5.8S rRNA (GO:0000460),0.4865565217207275,1.1948811852074954,0.23940677966101695,0.5434445420602988,1.0,5/16,14.56%,EXOSC4;NSA2;MPHOSPH6;RRP15;PES1
prerank,Positive Regulation Of Peptidyl-Tyrosine Phosphorylation (GO:0050731),0.3431397910854883,1.194549995936835,0.14251781472684086,0.5437596531078008,1.0,18/103,11.66%,CD44;HCLS1;TREM2;CD74;HAX1;TGFB1;PTPRJ;LYN;AGT;CLCF1;BANK1;TNFRSF1A;PTK2B;PTPN1;IL34;CSPG4;FCGR1A;ERBB3
prerank,Peptidyl-Serine Phosphorylation (GO:0018105),-0.3268081289128153,-1.1945286313333192,0.11478260869565217,0.6686741217142357,1.0,44/154,19.69%,MARK1;MAP3K12;MAST2;GAS6;MAST4;LMTK2;SRPK1;CDK5R1;RIPK1;MAST1;ROCK2;STK38;MARK3;LATS2;ATR;PKN3;MAPK8;ATM;CAMK4;STK39;CAMK1D;ULK1;LATS1;CSNK1G1;TGFBR2;MASTL;TTBK2;RICTOR;BRSK1;MYO3B;CSNK1G3;TOP1;GSK3B;CSNK1A1;TBK1;PRKCQ;MARK2;CAB39;MAPK9;UHMK1;DYRK1A;PRKCE;CDK5;TNKS
prerank,Cellular Response To Steroid Hormone Stimulus (GO:0071383),-0.4432692845604208,-1.1942264317957287,0.24175824175824176,0.6687569779872247,1.0,6/24,17.33%,BMP4;HSPA1A;ATP1A2;TFPI;ATP1A3;NR3C1
prerank,Regulation Of Mast Cell Chemotaxis (GO:0060753),0.6458958323773977,1.1940425348027088,0.27941176470588236,0.5444202929686142,1.0,1/5,5.64%,VEGFB
prerank,"Synaptic Transmission, Cholinergic (GO:0007271)",0.4927662036617668,1.1938904319512873,0.21982758620689655,0.5442726909927902,1.0,1/15,0.02%,APOE
prerank,Regulation Of Non-Canonical Wnt Signaling Pathway (GO:2000050),-0.507414150625521,-1.1938319437750553,0.2648752399232246,0.669082233433391,1.0,5/14,19.53%,SFRP1;SFRP4;RSPO3;GPC3;DACT1
prerank,Organonitrogen Compound Biosynthetic Process (GO:1901566),0.32562877077122687,1.193799458030326,0.12910798122065728,0.5439946431809418,1.0,24/115,15.95%,APOE;SPTSSA;AKR1A1;SGPP1;INHBA;TNIP1;SLC44A5;GPAT4;GSTP1;MUC1;SLC44A3;HACD2;B4GALT5;CERS4;SPTLC2;PLPP2;GAL3ST4;GOLPH3;CSNK1G2;ORMDL2;SLC44A1;TYW1B;CSAD;SLC27A1
prerank,Cellular Response To Glucose Stimulus (GO:0071333),-0.4303603300635076,-1.1937926001362296,0.21946564885496184,0.6683742999555319,1.0,11/31,16.15%,NKX6-1;KCNB1;PTPRN2;GAS6;PTPRN;RAB11FIP5;PRKAA1;ZBTB20;PRKAA2;IGF1R;TRA2B
prerank,Axon Extension (GO:0048675),-0.4592489849504291,-1.1936107162099747,0.2390158172231986,0.6680621555077045,1.0,10/22,19.64%,NELL1;NELL2;SLIT2;AUTS2;SPG11;ULK1;SEMA3F;SLC9A6;HSP90AA1;CDK5
prerank,Regulation Of Adenylate Cyclase Activity (GO:0045761),0.4756463176055632,1.1935501368910801,0.23648648648648649,0.5440713604249886,1.0,5/17,10.37%,GNAI3;GNAI2;PALM;ORAI1;STIM1
prerank,DNA Ligation (GO:0006266),0.6053031971780156,1.1935190433657297,0.2899786780383795,0.5436745991592219,1.0,5/6,33.61%,TOP2A;XRCC6;MGMT;NHEJ1;XRCC4
prerank,Positive Regulation Of Bone Mineralization (GO:0030501),-0.4203653378086503,-1.1933628614913137,0.20279720279720279,0.6679707968998115,1.0,9/36,11.14%,BMP6;PTN;BMP4;NELL1;WNT4;TENT5A;PKDCC;OSR2;BMPR2
prerank,Regulation Of Actin Filament-Based Movement (GO:1903115),-0.5889006070222764,-1.193073693877271,0.2641509433962264,0.6679694171174587,1.0,2/8,1.37%,PDE4D;PLN
prerank,Homocysteine Metabolic Process (GO:0050667),-0.5909564000888073,-1.192258062675446,0.26238532110091745,0.6694970951684798,1.0,4/8,23.21%,MTHFR;CTH;NOX4;CPS1
prerank,Purine Ribonucleoside Monophosphate Biosynthetic Process (GO:0009168),0.5609887997179033,1.192091586565067,0.3018867924528302,0.5463173272344429,1.0,2/8,2.85%,NUDT2;AMPD3
prerank,Positive Chemotaxis (GO:0050918),0.4913171184019101,1.1920074250561532,0.2224622030237581,0.5460273913735556,1.0,5/15,4.69%,LGALS3;GPNMB;PTPRJ;CORO1A;SEMA5A
prerank,Positive Regulation Of Transport (GO:0051050),0.3888302771433521,1.1919625620377672,0.20279720279720279,0.5456592471836754,1.0,10/47,16.74%,APOE;CEBPB;SNCA;RXRA;BOK;SCIN;DAB2;BAK1;CHCHD10;CHP1
prerank,Chemokine-Mediated Signaling Pathway (GO:0070098),-0.4000787246524933,-1.1918018343616528,0.1918819188191882,0.6700073463117099,1.0,8/43,9.81%,FOXC1;CXCL2;CXCL8;CCL4;CXCL1;STK39;CCL14;CXCL12
prerank,Negative Regulation Of Cell Population Proliferation (GO:0008285),0.2914830467938872,1.1916068287309882,0.05699481865284974,0.5459872720579054,1.0,57/340,10.56%,APOE;SOD2;SLC9A3R1;TREM2;NUPR1;FTH1;PLAAT4;PDPN;DDAH1;HMOX1;CDKN2A;ADGRG1;DNAJB2;CEBPA;PARP10;TGFB1;GPNMB;PTPRJ;PPARG;CDKN1A;AIF1;TGFB2;LYN;PTPN6;IFI35;INHBA;PTPN2;CDC73;NACC2;DLG5;UTP20;AZGP1;AKR1B1;MED9;CDKN2B;GATA3;CD300A;ADORA3;GTPBP4;GSTP1;TMIGD3;ALOX15B;PROX1;DHRS2;CIB1;PTK2B;RUNX3;LMNA;CDKN3;BMPR1B;PLXNB1;P3H2;GSDME;HMGA1;ING1;SPEG;S100A11
prerank,Regulation Of Chemokine (C-C Motif) Ligand 5 Production (GO:0071649),0.5998748829157166,1.1913542278502793,0.26422764227642276,0.5460548896243748,1.0,2/7,13.55%,SIRPA;MAVS
prerank,Mesenchyme Morphogenesis (GO:0072132),-0.49197953929597554,-1.1912078843203864,0.22030651340996169,0.6709038242154655,1.0,6/17,15.92%,HEYL;TBX2;ISL1;MDM4;ENG;BMP2
prerank,Semaphorin-Plexin Signaling Pathway (GO:0071526),-0.4218249195523508,-1.191091379656676,0.21853146853146854,0.6704184099011752,1.0,10/33,13.65%,NELL1;SEMA6C;SEMA3C;MET;NELL2;PLXNA2;FLNA;FARP2;SEMA3F;PLXNA4
prerank,Regulation Of Macrophage Derived Foam Cell Differentiation (GO:0010743),0.43786304415776683,1.190675693267856,0.22171945701357465,0.547091524356288,1.0,7/27,11.35%,ABCG1;MSR1;PPARG;AGT;ALOX15B;CETP;LCP1
prerank,Neuron Remodeling (GO:0016322),0.5549051398179374,1.1906636549246368,0.2693208430913349,0.5466583616146035,1.0,2/9,2.33%,C3;C1QA
prerank,Regulation Of Necroptotic Process (GO:0060544),-0.47478091526809574,-1.1901717369182871,0.25788497217068646,0.672272865029081,1.0,3/19,6.80%,OGT;RIPK1;BIRC3
prerank,Positive Regulation Of Growth (GO:0045927),0.36518853468816936,1.1900586668844468,0.17475728155339806,0.5474888140037639,1.0,13/64,9.04%,USP47;RFTN1;TGFB2;DNPH1;INO80;AKT1;EXOSC4;MMP14;CXCL16;DERL2;CIB1;PSMD10;TGFBR1
prerank,Proteasomal Protein Catabolic Process (GO:0010498),0.3071032613242975,1.190017586561014,0.08928571428571429,0.5471072382394218,1.0,48/207,19.65%,ARRB2;XBP1;SEL1L;TNFSF13B;SIRT2;TRIM9;BAG6;DERL1;SOCS6;KCTD5;KCTD13;APC2;PEX10;UBXN1;RAD23A;RNF185;RNF126;PSMD7;DDB1;RNF34;PSMD4;NSFL1C;RHOBTB3;PSMC3;PSMA7;ZNRF1;RMND5A;ANKRD9;PSMC5;CCDC47;PSMD14;PSMB1;PSMB4;HECTD3;KBTBD7;RBCK1;PSMB5;RNF41;SHARPIN;PSMC4;SPSB1;RNF187;PSMA5;RNF216;PEX12;RFFL;RNF122;TRIM72
prerank,Leukotriene Metabolic Process (GO:0006691),0.4947502859191568,1.189808871592988,0.2517162471395881,0.5470723381054263,1.0,6/15,10.91%,LTA4H;ALOX5AP;ALOX5;DPEP2;LTC4S;MAPKAPK2
prerank,Clathrin Coat Assembly (GO:0048268),-0.5130306171780212,-1.1898072784521638,0.2555970149253731,0.6725508823219537,1.0,3/13,9.02%,CALY;NSG1;FCHO2
prerank,Negative Regulation Of Establishment Of Protein Localization To Mitochondrion (GO:1903748),0.6515408514915436,1.1893090299163243,0.2930232558139535,0.5476778908297947,1.0,1/5,2.86%,LMAN1
prerank,Positive Regulation Of Telomere Maintenance In Response To DNA Damage (GO:1904507),0.5025051227478714,1.189291794244212,0.23210412147505424,0.5472640642297315,1.0,5/14,15.35%,YY1;TFPT;INO80;ACTR8;RUVBL1
prerank,SNARE Complex Assembly (GO:0035493),-0.5703368920071132,-1.1891717532919286,0.26972477064220185,0.6736075637055561,1.0,4/9,15.37%,STXBP6;VAMP1;VAMP4;STXBP1
prerank,Neuron Projection Arborization (GO:0140058),-0.6054397844739686,-1.1891192234799264,0.2656546489563567,0.6729342779176269,1.0,2/7,12.21%,PTN;PHACTR1
prerank,Positive Regulation Of Neutrophil Migration (GO:1902624),0.45530987057213607,1.1889635172619166,0.24880382775119617,0.547471246549425,1.0,4/23,4.91%,CD74;CD99;NCKAP1L;FUT4
prerank,Regulation Of Actin Cytoskeleton Organization (GO:0032956),0.34663996908385325,1.188575517649991,0.1554524361948956,0.5477790539580948,1.0,18/84,10.58%,ARHGDIB;RHOG;HAX1;HCK;BAIAP2;EZR;FAM107A;GRHL3;CORO1A;RHOA;CLU;CRK;PDGFA;TWF2;PTK2B;FSCN1;ARHGDIA;PRKCD
prerank,Regulation Of Protein Serine/Threonine Kinase Activity (GO:0071900),0.33124045037308153,1.188284426016157,0.12895377128953772,0.547951505012666,1.0,19/106,9.64%,PYCARD;CDKN2A;SNF8;CDKN1A;LTF;SLC8A1;RHOA;SERTAD1;TRIB3;AKT1;CCND2;CDKN2B;GTPBP4;GADD45A;CIB1;SNCA;CDKN3;MAP2K2;CCNE1
prerank,Regulation Of Hemopoiesis (GO:1903706),0.5025435721405759,1.188240717599588,0.25894736842105265,0.54757874358695,1.0,2/13,3.65%,MAFB;PURB
prerank,Membrane Depolarization (GO:0051899),-0.5303727522480923,-1.1880190039697873,0.26422018348623855,0.6752591417018706,1.0,5/11,17.72%,CHRNB2;KCNH2;SCN1B;CHRNA4;CAV1
prerank,Regulation Of Norepinephrine Secretion (GO:0014061),-0.6644493016817341,-1.1878423794350401,0.2720306513409962,0.6749411169966059,1.0,1/5,1.76%,KCNB1
prerank,"Regulation Of Nuclear-Transcribed mRNA Catabolic Process, Nonsense-Mediated Decay (GO:2000622)",0.5903061196288507,1.1877647232633273,0.29545454545454547,0.5481479643191738,1.0,5/7,25.98%,RBM8A;EIF4A3;DHX34;MAGOH;MAGOHB
prerank,Regulation Of Bone Resorption (GO:0045124),0.43364843947834575,1.1875120787945437,0.24065420560747663,0.5482190480303817,1.0,5/26,6.23%,SYK;SPP1;GPR137B;TMEM119;PLEKHM1
prerank,Glial Cell Differentiation (GO:0010001),0.4116133733643307,1.187160690127965,0.19775280898876405,0.5485289492997576,1.0,10/32,11.66%,PTPRZ1;VCAN;MYRF;TPPP;BCAN;SOX10;METRN;SOX8;HAPLN2;ERBB3
prerank,Intracellular Sterol Transport (GO:0032366),0.5015504442847231,1.187015570257563,0.2383177570093458,0.5483688214803648,1.0,3/13,6.38%,ABCG1;NPC2;NPC1
prerank,Cell Junction Assembly (GO:0034329),-0.3520811265222514,-1.1869181573990277,0.164021164021164,0.6769464073754758,1.0,13/87,7.95%,CDH5;PKP2;GJC1;CDH18;CDH11;TJP1;FLRT3;CDH12;CLDN5;GJA4;CDH13;CDH6;MYO9A
prerank,Skin Epidermis Development (GO:0098773),-0.4928823622100205,-1.1866270614423502,0.2509090909090909,0.6769737329106001,1.0,8/19,16.76%,TP63;MET;KRT16;HRNR;FGFR1;LSR;GATA6;DLL1
prerank,Negative Regulation Of Vascular Associated Smooth Muscle Cell Proliferation (GO:1904706),0.48110372084966924,1.1864189959936968,0.2292576419213974,0.5491631216717668,1.0,4/17,5.69%,SOD2;PPARG;CDKN1A;APLN
prerank,tRNA Transcription By RNA Polymerase III (GO:0042797),0.5926648196777814,1.1863596547337376,0.275626423690205,0.5488468182408176,1.0,4/7,22.62%,POLR2L;GTF3C5;POLR2F;GTF3C4
prerank,Cellular Response To Lipoteichoic Acid (GO:0071223),0.6527821815035988,1.1863482382145418,0.3210161662817552,0.5479639390325243,1.0,2/5,8.10%,TLR2;RELA
prerank,Response To Lipoteichoic Acid (GO:0070391),0.6527821815035988,1.1863482382145418,0.3210161662817552,0.5479639390325243,1.0,2/5,8.10%,TLR2;RELA
prerank,Cellular Response To Chemical Stress (GO:0062197),0.3475665396866599,1.1862392336429934,0.17050691244239632,0.5477405408449918,1.0,17/83,11.77%,SOD2;NUDT2;AIF1;SIRT2;FAS;PRR5L;ATF4;SERPINB6;PARP1;SLC25A24;DHRS2;STX4;SNCA;G6PD;KEAP1;CCS;PYCR2
prerank,Regulation Of Hyaluronan Biosynthetic Process (GO:1900125),0.6434100752866029,1.186032373126049,0.30405405405405406,0.5477154776232597,1.0,1/5,1.93%,TGFB1
prerank,Sensory Perception (GO:0007600),-0.4097749938581869,-1.1860057429398112,0.22625215889464595,0.6780162734772914,1.0,6/35,7.25%,USH1C;CDH23;PROK2;CHRNB2;KCNK4;SCN9A
prerank,Enzyme-Linked Receptor Protein Signaling Pathway (GO:0007167),-0.33813552789043005,-1.1858661044069139,0.15162454873646208,0.6776163304040197,1.0,19/107,8.33%,PDGFRA;NTRK3;PDGFRB;PTPRU;PTN;KDR;PTPRG;MET;EGFR;NGF;RET;FLT4;INSR;ROR1;ANGPTL1;FGFR1;SAMD12;DOK4;NPR1
prerank,Citrulline Metabolic Process (GO:0000052),0.6066843799855512,1.185453970909883,0.2826086956521739,0.548486623609175,1.0,2/6,1.33%,DDAH1;DDAH2
prerank,T-helper Cell Differentiation (GO:0042093),-0.5201693735813768,-1.185388939275619,0.25508317929759705,0.678168390339881,1.0,2/13,0.85%,LEF1;FOXP1
prerank,Regulation Of Chromatin Binding (GO:0035561),0.5372718860970886,1.1852404207903036,0.2562929061784897,0.5484777896374403,1.0,5/10,21.52%,MED9;HMBOX1;CDT1;DTX3L;DDX11
prerank,Regulation Of Amide Metabolic Process (GO:0034248),0.3949687936750864,1.184557660255175,0.18475750577367206,0.549497849947529,1.0,12/38,20.80%,CYFIP1;MAPKAPK5;ELP4;PRKCD;TMED10;RBM3;MSI1;EIF2S1;ELP3;MSI2;PCIF1;MTPN
prerank,Positive Regulation Of Double-Strand Break Repair Via Nonhomologous End Joining (GO:2001034),-0.523634529487447,-1.1845370066650365,0.2722117202268431,0.6797964422205606,1.0,2/12,8.06%,SMCHD1;TRAPPC13
prerank,Positive Regulation Of Cation Channel Activity (GO:2001259),0.3989647145907957,1.1844473080264195,0.20588235294117646,0.5492918693928115,1.0,7/35,10.67%,CTSS;TMSB4X;ANTKMT;PIRT;JPH2;STAC3;APEX1
prerank,Peptidyl-Tyrosine Phosphorylation (GO:0018108),0.3663852845943566,1.1837877941403092,0.17880794701986755,0.5502041159841109,1.0,12/61,8.36%,DDR1;SYK;HCK;DDR2;ABI3;LYN;PTPN6;TTBK1;PTK2;EFEMP1;BTK;PTK2B
prerank,Positive Regulation Of Adenylate Cyclase Activity (GO:0045762),-0.45629450738519123,-1.1836678967430196,0.23381294964028776,0.6814316564034066,1.0,9/22,12.31%,ADCYAP1;CACNA1D;ADORA2B;NF1;CACNA1C;DRD5;LHCGR;EDNRA;GIPR
prerank,Protein-Containing Complex Disassembly (GO:0032984),0.36236117038808335,1.1834083861041498,0.1888111888111888,0.5505307737785365,1.0,22/60,21.70%,SEPTIN9;CHMP2A;PEX5;LIX1L;VTI1B;PEX10;VAMP8;BECN1;CLN3;APEH;RUBCNL;VPS33A;TECPR1;ETF1;CHMP7;PEX2;GSPT2;PEX12;CHMP1A;MAP1LC3B;FRAT1;PPP1CA
prerank,Regulation Of Canonical Wnt Signaling Pathway (GO:0060828),-0.3145357628865422,-1.1829876674170963,0.12609457092819615,0.6826471455064089,1.0,47/195,17.86%,RBMS3;HECW1;PTPRU;FGF10;BICC1;CAPRIN2;IGFBP2;TLE1;IGFBP6;GLI3;FZD6;NKD1;SFRP1;EGFR;FRZB;GPC5;LYPD6;NKD2;LATS2;PTK7;SFRP4;TBL1XR1;SMURF2;CCDC88C;CCL14;WNT11;SFRP2;LATS1;TLE5;CSNK1G1;SHISA6;LGR6;PRICKLE1;DKK2;LMBR1L;MLLT3;CSNK1G3;COL1A1;GSK3B;CSNK1A1;BMP2;NRARP;AXIN1;JUP;INVS;CAV1;PIN1
prerank,Ribosome-Associated Ubiquitin-Dependent Protein Catabolic Process (GO:1990116),0.6012018594988702,1.1829124186927646,0.2903930131004367,0.5511679005425326,1.0,2/6,12.14%,ASCC3;RNF10
prerank,Fatty Acid Metabolic Process (GO:0006631),0.33508403504089257,1.1828651371641847,0.16541353383458646,0.5508156893430893,1.0,28/100,18.28%,TSPO;ADIPOR1;XBP1;ALOX5;ACBD5;GPX4;ACBD4;ABCD1;ACAA1;PNPLA8;ACAD9;PLA2G15;ACOX1;ALKBH7;LCP1;NUDT19;SLC27A5;ACSBG1;HSD17B8;CYP4F11;OXSM;GPAT2;ACSL1;ACSM5;NAAA;PEX2;FAAH;GNPAT
prerank,Regulation Of Lymphocyte Differentiation (GO:0045619),0.4968541610028132,1.182704379299739,0.2505643340857788,0.550687097960504,1.0,2/15,2.65%,SLAMF8;NCKAP1L
prerank,Positive Regulation Of Platelet Aggregation (GO:1901731),0.5503068238909528,1.182296160118429,0.2832618025751073,0.5511379662677202,1.0,3/10,4.56%,PDPN;EMILIN1;EMILIN2
prerank,Peptide Metabolic Process (GO:0006518),0.37795789826071524,1.1815391225002043,0.19036697247706422,0.5522541871299592,1.0,8/48,10.46%,TPP1;CPM;LTA4H;CPXM2;SEC11C;IMMP1L;APEH;SEC11A
prerank,Histone H2A Ubiquitination (GO:0033522),-0.5329604081616255,-1.181523333187289,0.24635036496350365,0.6861184105672203,1.0,5/11,30.91%,UBR2;RNF8;BRCA1;BARD1;RNF2
prerank,Peptidyl-Proline Hydroxylation To 4-hydroxy-L-proline (GO:0018401),0.5841194632659888,1.1814970376816476,0.28077753779697623,0.5518953768870131,1.0,2/7,7.51%,P4HB;EGLN3
prerank,Positive Regulation Of Osteoclast Differentiation (GO:0045672),0.5554037497965764,1.1812274122391766,0.27388535031847133,0.5520327196547652,1.0,1/9,0.13%,TYROBP
prerank,Positive Regulation Of ER-associated Ubiquitin-Dependent Protein Catabolic Process (GO:1903071),-0.636921767175908,-1.1810405048813541,0.2675521821631879,0.6866699390917853,1.0,5/6,34.66%,HERPUD1;UBQLN2;CAV1;SGTA;NFE2L2
prerank,Regulation Of Insulin Secretion (GO:0050796),-0.36184578143028234,-1.1808707230925348,0.17565217391304347,0.6863604566956427,1.0,16/73,12.31%,ADRA2A;CCN3;CHGA;KCNB1;EFNA5;SFRP1;IFNG;SNAP25;MCU;ISL1;IL6;STXBP4;TRH;NR1D1;NNAT;GIPR
prerank,Purine Ribonucleoside Catabolic Process (GO:0046130),0.625445582445397,1.1802925276596852,0.2850877192982456,0.5535584622208052,1.0,1/5,6.63%,SORD
prerank,Microtubule-Based Transport (GO:0099111),-0.5371591730121694,-1.1801166802867593,0.2884250474383302,0.6877619745631274,1.0,8/11,39.95%,SPEF2;DYNC1I1;CCDC40;SPAG17;CABYR;HTT;DNAAF2;ROPN1L
prerank,Positive Regulation Of Purine Nucleotide Biosynthetic Process (GO:1900373),0.532688717411233,1.180048939414645,0.2894736842105263,0.5536580548414497,1.0,2/11,2.79%,TREM2;TMSB4X
prerank,Positive Regulation Of Protein Targeting To Mitochondrion (GO:1903955),0.42019264532414624,1.1798887081714484,0.18876404494382024,0.553511280422286,1.0,1/29,0.07%,TOMM7
prerank,Memory (GO:0007613),0.36386204428553887,1.1798524951180356,0.19168591224018475,0.5531314282253362,1.0,6/54,8.52%,APOE;TREM2;RGS14;NOL3;LGMN;YTHDF1
prerank,Positive Regulation Of Canonical Wnt Signaling Pathway (GO:0090263),-0.3551446425831076,-1.179778789232357,0.18246869409660108,0.6879323828504578,1.0,23/81,19.69%,FGF10;CAPRIN2;SFRP1;EGFR;GPC5;LYPD6;PTK7;SFRP4;TBL1XR1;SMURF2;SFRP2;CSNK1G1;LGR6;DKK2;CSNK1G3;COL1A1;NRARP;JUP;CAV1;PIN1;GPC3;DACT1;TNKS
prerank,Positive Regulation Of Nitric-Oxide Synthase Biosynthetic Process (GO:0051770),-0.5842342917873976,-1.1797634538180384,0.2729007633587786,0.6871426160565635,1.0,2/8,4.32%,KDR;IFNG
prerank,Cellular Response To Iron Ion (GO:0071281),-0.6621726568073749,-1.1797366237138749,0.2811918063314711,0.6864007770974381,1.0,1/5,0.14%,BMP6
prerank,Release Of Sequestered Calcium Ion Into Cytosol By Sarcoplasmic Reticulum (GO:0014808),-0.6403531520069183,-1.1793628176645579,0.2706766917293233,0.686669151143914,1.0,2/6,5.17%,RYR2;RYR3
prerank,Negative Regulation Of Centriole Replication (GO:0046600),-0.6277204564404667,-1.1793198219735954,0.3048327137546468,0.6859725831378342,1.0,2/6,15.74%,MDM1;KAT2A
prerank,Regulation Of Endoplasmic Reticulum Stress-Induced Intrinsic Apoptotic Signaling Pathway (GO:1902235),0.44452188352586014,1.1790166254629921,0.22171945701357465,0.5544845464240875,1.0,5/22,9.55%,XBP1;TXNDC12;PTPN1;FCGR2B;BOK
prerank,Nucleobase Transport (GO:0015851),0.636065388691442,1.1785889595278902,0.29637526652452023,0.5549797456017027,1.0,2/5,11.95%,SLC23A2;SLC29A3
prerank,cGMP Metabolic Process (GO:0046068),-0.5797817890434805,-1.1784570901607327,0.28544776119402987,0.6877533415410857,1.0,2/8,8.33%,PDE9A;NPR1
prerank,Negative Regulation Of Voltage-Gated Calcium Channel Activity (GO:1901386),-0.5385420038790031,-1.178234584861141,0.2811918063314711,0.6875789687234503,1.0,2/11,10.34%,PPP3R1;FMR1
prerank,Negative Regulation Of Actin Filament Bundle Assembly (GO:0032232),-0.4299464562269337,-1.1781646404603863,0.24587155963302754,0.6869723351778096,1.0,7/26,7.93%,PHLDB2;TMEFF2;CGNL1;MET;TJP1;MYOC;ARHGAP28
prerank,Negative Regulation Of Platelet Aggregation (GO:0090331),0.5534172812399869,1.178091668997457,0.29094827586206895,0.5555987975454775,1.0,3/8,15.44%,CD9;PRKCD;SERPINE2
prerank,Potassium Ion Import Across Plasma Membrane (GO:1990573),-0.4126698958325165,-1.1780339000075226,0.19814814814814816,0.6865201443977328,1.0,10/35,15.21%,KCNJ14;KCNJ16;KCNJ13;ATP1A2;ATP1B3;KCNH2;KCNJ15;ATP1A3;HCN4;SLC12A5
prerank,Activation Of Protein Kinase Activity (GO:0032147),-0.3570005471792056,-1.1779985183272805,0.15162454873646208,0.68580905166962,1.0,23/76,18.61%,NTRK3;ADRA2A;CALCA;NRG1;GAS6;PIBF1;CAB39L;INSR;COPS8;CHRNA3;EMP2;ANGPT1;ECT2;TGFBR2;TAOK2;DYNAP;AXIN1;ITGB1BP1;MARK2;JAK2;IL4;CAB39;TRAF6
prerank,Ventricular Cardiac Muscle Tissue Development (GO:0003229),-0.48047916739510704,-1.1774433275036915,0.2708333333333333,0.6866091099693155,1.0,5/17,7.42%,PKP2;TPM1;TNNT2;TGFBR3;ISL1
prerank,Cardiac Ventricle Development (GO:0003231),-0.4848690679448275,-1.177357489303956,0.2382608695652174,0.6860332430459276,1.0,5/16,11.43%,HEYL;MDM4;STRA6;GJA5;ENG
prerank,Regulation Of Protein Localization To Centrosome (GO:1904779),0.5605099915443587,1.1771982545069124,0.28721174004192873,0.5570176816612202,1.0,6/9,23.65%,NSFL1C;CEP72;BICD1;NUP62;MARK4;PARD6A
prerank,Cellular Response To Fluid Shear Stress (GO:0071498),-0.5394272248345705,-1.1771697595837578,0.2593320235756385,0.6857355951336968,1.0,5/11,22.49%,KLF2;KLF4;MTSS1;PKD2;MAP2K5
prerank,Cellular Nitrogen Compound Biosynthetic Process (GO:0044271),0.41240287216765936,1.1769850256232046,0.23042505592841164,0.5570235004253721,1.0,5/27,10.17%,SPTSSA;DDAH2;AKT1;ASAH1;SPTLC2
prerank,Negative Regulation Of Lens Fiber Cell Differentiation (GO:1902747),0.6239885243202089,1.1763541986326782,0.3130630630630631,0.5574204830369891,1.0,1/5,3.31%,SPRED3
prerank,Regulation Of Lens Fiber Cell Differentiation (GO:1902746),0.6239885243202089,1.1763541986326782,0.3130630630630631,0.5574204830369891,1.0,1/5,3.31%,SPRED3
prerank,Positive Regulation Of Transporter Activity (GO:0032411),-0.5020418141630605,-1.175994572525715,0.26220614828209765,0.6883026389521828,1.0,7/14,25.84%,PPARGC1A;SYNGR3;STK39;TRPC6;KCTD7;KMT2A;PON1
prerank,Protein Modification By Small Protein Conjugation Or Removal (GO:0070647),-0.6497696056644235,-1.175993569348312,0.30434782608695654,0.687487114498448,1.0,2/5,11.36%,SENP6;UBA6
prerank,Positive Regulation Of Stress-Activated Protein Kinase Signaling Cascade (GO:0070304),0.4700449993023873,1.1758827121699535,0.27213822894168466,0.5579342082736211,1.0,4/17,4.63%,SCIMP;TGFB2;LYN;SEMA4C
prerank,Regulation Of Rac Protein Signal Transduction (GO:0035020),-0.5011296842572062,-1.1758680443152487,0.2640144665461121,0.6870282080336023,1.0,4/15,4.33%,OGT;STMN3;ARHGAP44;AUTS2
prerank,Positive Regulation Of MAPK Cascade (GO:0043410),0.2956251105083518,1.175516974401738,0.09536082474226804,0.558244554670959,1.0,39/267,9.94%,APOE;CD44;DDR1;LGALS9;TREM2;CD74;PYCARD;ARRB2;DDR2;LAPTM5;CHI3L1;CCL2;GLIPR2;TGFB1;SCIMP;GPNMB;PTPRJ;WWC1;TGFB2;LPAR1;CCL20;ADAM8;CD4;FGF2;ERP29;SEMA4C;PHB2;PDGFA;CCR1;DOK5;DSTYK;CIB1;PTK2B;C5AR1;TGFBR1;RAP1A;IL34;FGF1;GSDME
prerank,Base-Excision Repair (GO:0006284),0.396805404534401,1.1754893382547134,0.23595505617977527,0.5578523311777865,1.0,6/35,10.67%,USP47;UNG;XRCC1;NEIL2;SMUG1;APEX1
prerank,Positive Regulation Of Lipid Kinase Activity (GO:0090218),-0.42830593917132703,-1.1753857700900998,0.23411978221415608,0.6875790676022183,1.0,5/29,7.24%,PDGFRA;PDGFRB;EEF1A2;PIK3R4;KIT
prerank,Regulation Of p38MAPK Cascade (GO:1900744),0.4085484091746465,1.1752304172765735,0.21158129175946547,0.5579358274223929,1.0,4/34,1.60%,SPI1;LGALS9;TREM2;EZR
prerank,COPII-coated Vesicle Budding (GO:0090114),0.39916042635379473,1.1751548856921794,0.23459715639810427,0.5576324612961661,1.0,9/34,19.72%,TRAPPC3;PREB;SEC13;TMED2;TMED10;VAPA;PDCD6;CSNK1D;TRAPPC2L
prerank,Negative Regulation Of Cell Differentiation (GO:0045596),-0.3162055429093698,-1.1750961293755717,0.12040133779264214,0.6875683635628043,1.0,44/186,18.06%,ABCA5;PKP2;TRIB2;MARK1;PTCH1;SHH;BMP4;PTBP1;BMP5;JAG1;SFRP1;EGFR;IFNG;HES5;BICRAL;TWIST1;ACTL6B;ANKRD26;IL6;CRIM1;SFRP2;TWIST2;RUNX1T1;SS18;TRIO;GDF5;CNTN4;SMARCA4;DTX1;NOCT;MEIS1;SMAD6;BMP2;YAP1;ASXL1;ADIPOQ;COL5A1;DLL1;EIF2AK4;ADAMTS12;MSTN;EID2B;CAV1;RIOX1
prerank,Inositol Phosphate Biosynthetic Process (GO:0032958),0.5316862696025717,1.1748324060394533,0.27941176470588236,0.5578328915299825,1.0,4/10,18.42%,ITPKB;IP6K2;IP6K3;ITPKC
prerank,Positive Regulation Of Endothelial Cell Migration (GO:0010595),-0.3566155059597336,-1.1746292114804233,0.19005328596802842,0.6881064876179618,1.0,14/80,6.28%,FOXC2;FOXP1;KDR;BMP4;NELL1;BCAS3;PLCG1;MET;NELL2;FGF18;ROCK2;PLPP3;FLT4;FGFR1
prerank,Negative Regulation Of Release Of Sequestered Calcium Ion Into Cytosol (GO:0051280),-0.5558945498480882,-1.1743125321159986,0.2674825174825175,0.6874345399467613,1.0,4/9,22.80%,CASQ2;CLIC2;PKD2;FKBP1B
prerank,Negative Regulation Of Ryanodine-Sensitive Calcium-Release Channel Activity (GO:0060315),-0.5558945498480882,-1.1743125321159986,0.2674825174825175,0.6874345399467613,1.0,4/9,22.80%,CASQ2;CLIC2;PKD2;FKBP1B
prerank,Positive Regulation By Host Of Viral Transcription (GO:0043923),-0.4961930658189878,-1.1741424664104787,0.2741652021089631,0.6871687204653116,1.0,4/15,14.25%,LEF1;CHD1;SMARCA4;JUN
prerank,I-kappaB Phosphorylation (GO:0007252),0.5620443082846439,1.173812154370123,0.2905982905982906,0.5595224170364809,1.0,5/8,12.67%,TLR7;TLR2;TLR3;MAP3K7;DAB2IP
prerank,Vesicle Budding From Membrane (GO:0006900),0.4227021910018452,1.173330881684194,0.24475524475524477,0.5600807734037498,1.0,9/29,19.72%,TRAPPC3;MYO18A;SEC13;TMED10;GOLPH3;VAPA;CHMP7;S100A10;TRAPPC2L
prerank,Response To Nutrient Levels (GO:0031667),-0.4332146501587373,-1.1732126860961658,0.25,0.6890131897376285,1.0,10/26,12.96%,UTS2;KCNB1;CREBBP;PRKAA1;RPTOR;ULK1;FLNB;MLST8;PRKAA2;RICTOR
prerank,Regulation Of Cell Differentiation (GO:0045595),-0.3195014293928715,-1.172173710920826,0.13680781758957655,0.6913237680279379,1.0,27/175,10.67%,PHLDB2;LEF1;CCN2;EDN3;TNXB;SHH;OCIAD1;NELL1;PTBP1;KLF4;CDK5R1;ST7;SIX1;NGF;HES5;ARID1B;BICRAL;FGFR1;ACTL6B;CHD3;ISL1;NF1;YWHAG;EPHA3;EMP2;CTNNB1;NR1D1
prerank,Unsaturated Fatty Acid Biosynthetic Process (GO:0006636),0.6007336214459688,1.1720382693231899,0.30425531914893617,0.5623257279668317,1.0,2/6,10.32%,ALOX15B;SCD
prerank,Regulation Of Bone Mineralization (GO:0030500),-0.3890730235467739,-1.1717805958941163,0.20909090909090908,0.6916051244625807,1.0,12/53,11.14%,BMP6;PTN;BMP4;NELL1;NOTUM;SGMS2;WNT4;TWIST1;TENT5A;PKDCC;OSR2;BMPR2
prerank,Positive Regulation Of Stem Cell Proliferation (GO:2000648),-0.5157308477772876,-1.1716185016445027,0.26119402985074625,0.6912441409829746,1.0,2/12,7.40%,LTBP2;EPCAM
prerank,Regulation Of Protein Deubiquitination (GO:0090085),0.6428910323300764,1.1714973556840647,0.32882882882882886,0.5630995452520088,1.0,1/5,4.89%,TNIP1
prerank,Regulation Of Retinoic Acid Receptor Signaling Pathway (GO:0048385),-0.5622515695506041,-1.171338599564409,0.2897196261682243,0.6912905405820209,1.0,4/9,21.94%,KLF2;CYP26B1;ASXL1;CTBP2
prerank,Cytoplasmic Translation (GO:0002181),0.5131399176941152,1.1711153281436268,0.26394849785407726,0.5634872507905697,1.0,9/12,31.66%,EIF4A1;ETF1;UBA52;RWDD1;DRG2;RACK1;EIF3M;ZC3H15;FTSJ1
prerank,Ventricular Cardiac Muscle Cell Action Potential (GO:0086005),-0.5071761753865035,-1.1707339703641222,0.26779026217228463,0.6921693628742439,1.0,4/14,11.95%,PKP2;RYR2;KCNH2;GPD1L
prerank,Apoptotic DNA Fragmentation (GO:0006309),0.5651728938584858,1.1706676777275191,0.2669683257918552,0.5639464447947699,1.0,4/8,13.48%,DNASE2B;DNASE2;ENDOG;EXOG
prerank,Regulation Of Sequestering Of Calcium Ion (GO:0051282),-0.5588384154979337,-1.170583352215722,0.2826086956521739,0.6917876370059829,1.0,4/9,22.80%,RYR2;ANXA6;DIAPH1;FKBP1B
prerank,Sodium Ion Import Across Plasma Membrane (GO:0098719),-0.48371902547714346,-1.170371892834871,0.28544776119402987,0.6915899761044053,1.0,8/17,23.02%,SLC6A1;SLC9A2;SLC9A7;SLC9A5;HCN4;SLC9A6;SLC9C1;SCNN1A
prerank,Regulation Of Interleukin-17 Production (GO:0032660),0.4273533007300459,1.1703077643366664,0.24498886414253898,0.5642579263209897,1.0,5/25,9.20%,RFTN1;TGFB1;NCKAP1L;MYD88;ZBTB7B
prerank,Bleb Assembly (GO:0032060),0.6078276734239951,1.1701444511912957,0.29596412556053814,0.5641580775336204,1.0,3/6,12.03%,EMP3;MYLK;PMP22
prerank,Amino Sugar Metabolic Process (GO:0006040),0.5500461850363683,1.1695211983993326,0.2670940170940171,0.565039577238296,1.0,3/9,11.79%,GFPT2;FN3K;ST6GAL1
prerank,Regulation Of Cyclin-Dependent Protein Serine/Threonine Kinase Activity (GO:0000079),0.34610640468489423,1.1694868242177483,0.1789709172259508,0.5646718813951712,1.0,14/75,9.64%,CDKN2A;CEBPA;CDKN1A;SERTAD1;AKT1;CCND2;CDKN2B;GTPBP4;PSRC1;PROX1;GADD45A;PSMD10;CDKN3;CCNE1
prerank,Cytidine To Uridine Editing (GO:0016554),0.5669944022458617,1.1691917842428063,0.2896551724137931,0.5648362409923979,1.0,2/8,5.70%,APOBEC3C;RBM47
prerank,Glycosphingolipid Metabolic Process (GO:0006687),0.42242076840682263,1.1691155368640547,0.26956521739130435,0.564528614623434,1.0,8/28,10.43%,GM2A;ST8SIA1;UGCG;GLA;GALC;CLN6;ABCA2;GLTP
prerank,Negative Regulation Of Stress Fiber Assembly (GO:0051497),-0.4415019260202407,-1.168893246148491,0.2587800369685767,0.6951168989123041,1.0,7/23,7.93%,PHLDB2;TMEFF2;CGNL1;MET;TJP1;MYOC;ARHGAP28
prerank,Outer Dynein Arm Assembly (GO:0036158),-0.5701885973552668,-1.1687541007014466,0.3053016453382084,0.6947214764933383,1.0,2/9,13.04%,NISCH;DNAI1
prerank,Positive Regulation Of Leukocyte Chemotaxis (GO:0002690),0.37303391288127596,1.1686814977966358,0.1842696629213483,0.5650159846266926,1.0,9/48,11.01%,PLA2G7;LGALS9;AIF1;VEGFB;CCR1;PTK2;LGMN;IL34;ZNF580
prerank,Negative Regulation Of Heart Rate (GO:0010459),-0.6188696400953055,-1.1686229718755239,0.281437125748503,0.6943318005937726,1.0,2/6,11.83%,PLN;SPX
prerank,Cellular Response To Organic Cyclic Compound (GO:0071407),0.31836686801368835,1.1680641404856804,0.1425,0.5659038206863144,1.0,10/136,3.86%,AQP1;CTNNA1;CIB2;EZR;CCL2;TGFB1;SPP1;P2RY11;GNB1;CLU
prerank,Atrioventricular Valve Development (GO:0003171),-0.5447792762487003,-1.1680207315135238,0.2851782363977486,0.6953157874195907,1.0,6/11,15.92%,HEYL;MDM4;BMPR2;TGFBR2;GJA5;BMP2
prerank,"Regulation Of CD8-positive, Alpha-Beta T Cell Proliferation (GO:2000564)",0.5844020091586383,1.1678486286658418,0.2825112107623318,0.565901543174488,1.0,2/7,15.66%,MAPK8IP1;VSIR
prerank,Protein Localization To Mitochondrion (GO:0070585),0.49555176056894945,1.1677597688597405,0.29545454545454547,0.5656465074946739,1.0,5/13,14.74%,FKBP8;HK2;MTCH2;MAVS;RALA
prerank,Ureter Development (GO:0072189),-0.6450763472321452,-1.167740417075086,0.2940074906367041,0.6953416275986598,1.0,1/5,0.62%,TBX18
prerank,Monoatomic Ion Transport (GO:0006811),-0.34539487393053425,-1.1676300106074562,0.19089316987740806,0.6948419029294335,1.0,28/89,18.91%,GABRB1;GLRA1;SLC9A2;ATP10D;SLC5A5;SLC36A1;SLC1A2;CHRNB2;ANO10;PANX2;SLC26A7;GRIN1;CHRNA3;SLC9A7;SLC8A2;SLC24A3;SLC9A5;SLC20A1;HCN4;SLC4A1;TRPM3;TRPC6;SLC12A5;ATP11B;CHRNA4;TMEM63C;AQP11;SLC9A6
prerank,Positive Regulation Of Protein Transport (GO:0051222),0.3565560731886025,1.1675555967287663,0.20909090909090908,0.5656206103932975,1.0,21/68,17.76%,TREM2;EZR;TGFB1;TGFB2;MYO18A;OAZ2;ADAM8;PRR5L;RAB29;ARF6;CD2AP;CLN3;ERGIC3;TMED10;GOLPH3;CD33;PPIA;OAZ1;CHP1;APBB1;CEP131
prerank,Intrinsic Apoptotic Signaling Pathway (GO:0097193),0.32989580181581707,1.1671260651467075,0.17899761336515513,0.5660642436176779,1.0,28/96,15.00%,PYCARD;SFN;BCL2L1;CDKN1A;BAG6;CEBPB;BCL2A1;TRIB3;BAX;ATF4;RRP8;SELENOK;MAP3K5;BBC3;BOK;TMEM238L;PRKCD;TMEM117;ZNF622;TNFRSF10B;CASP2;FNIP2;DAB2IP;BAK1;IFI16;TP53;BCL2L2;MSH6
prerank,Positive Regulation Of Neuron Projection Development (GO:0010976),0.34189784692602526,1.1670028761935671,0.20137299771167047,0.5658886628402032,1.0,12/86,9.46%,APOE;DDR1;CAPRIN1;DDR2;TUBB2B;DPYSL3;LYN;ATP1B2;TWF2;COBL;PTK2B;RAP1A
prerank,Contact Inhibition (GO:0060242),0.642731699685942,1.1665969131519254,0.30462184873949577,0.5663228276477585,1.0,1/5,2.12%,PTPRJ
prerank,Neuropeptide Signaling Pathway (GO:0007218),-0.3713876212357841,-1.1661861472338877,0.20781527531083482,0.6982608424408427,1.0,28/53,32.96%,ECEL1;GLRA1;SSTR2;GRP;PTGDR2;PENK;GPR83;NMU;HCRTR2;OPRK1;SSTR3;GLRA2;RAPGEF2;SORCS2;AGRP;SSTR1;MCHR1;GAL;MCHR2;GLRB;GPR37;OPRD1;GPR149;NPY;PNOC;CYSLTR1;OPRL1;QRFP
prerank,Regulation Of T Cell Mediated Immunity (GO:0002709),0.5579834337657618,1.1661632398948687,0.27850877192982454,0.5667810097487268,1.0,1/8,2.40%,WAS
prerank,Wound Healing (GO:0042060),-0.3577935752122838,-1.165859396028134,0.20186915887850468,0.698356174867536,1.0,11/71,8.87%,PDGFRA;DSP;FGF10;TPM1;CHMP1B;NRG1;PPL;RAB3A;PLPP3;NF1;FUT10
prerank,Ceramide Biosynthetic Process (GO:0046513),-0.4080338280956585,-1.1657511975866939,0.23792486583184258,0.6978949881335297,1.0,15/35,22.57%,TLCD3B;SGMS2;ST6GALNAC5;B4GALT6;B4GALT4;ST6GALNAC3;B4GALNT1;SGMS1;SPTLC3;ST8SIA6;SPTSSB;ST8SIA3;CERS3;DEGS2;ASAH2
prerank,Small Nucleolar Ribonucleoprotein Complex Assembly (GO:0000491),0.5404083197263765,1.1654841673708227,0.2747747747747748,0.567785273888019,1.0,3/9,15.35%,TNIP1;ZNHIT6;RUVBL1
prerank,Positive Regulation Of Natural Killer Cell Mediated Cytotoxicity (GO:0045954),0.472902086973924,1.1653015566976392,0.2648401826484018,0.5673038832581436,1.0,6/16,21.54%,LAMP1;CD226;CADM1;NECTIN2;RASGRP1;KLRC4
prerank,Positive Regulation Of Natural Killer Cell Mediated Immunity (GO:0002717),0.472902086973924,1.1653015566976392,0.2648401826484018,0.5673038832581436,1.0,6/16,21.54%,LAMP1;CD226;CADM1;NECTIN2;RASGRP1;KLRC4
prerank,Morphogenesis Of An Epithelium (GO:0002009),0.43501422377478993,1.1646584374482156,0.259656652360515,0.5682475984190555,1.0,4/25,8.24%,SLC9A3R1;TNC;SOX10;SOX8
prerank,Regulation Of Nitric Oxide Biosynthetic Process (GO:0045428),-0.4030667869248311,-1.1641717405385765,0.25314183123877915,0.7016070980371614,1.0,8/37,6.10%,PTGS2;KLF2;ASS1;PTGIS;KLF4;IFNG;ROCK2;INSR
prerank,Positive Regulation Of Toll-Like Receptor 3 Signaling Pathway (GO:0034141),0.6022776896185809,1.1639288690608138,0.31981981981981983,0.5693734203349823,1.0,5/6,37.83%,WDFY1;TRIM3;FLOT1;PTPN22;F2RL1
prerank,Mitochondrial Calcium Ion Homeostasis (GO:0051560),-0.46665413350322876,-1.1638250407349273,0.26811594202898553,0.70173844661116,1.0,5/19,15.20%,MICU3;MICU1;MCU;ANXA6;ATP2A1
prerank,Vesicle Cytoskeletal Trafficking (GO:0099518),-0.4030456174420491,-1.1638222742837256,0.2247787610619469,0.7009394675873111,1.0,11/37,16.48%,BICDL1;SYT4;DYNC1I1;MYO1C;NDE1;MYO15A;MYO5A;TRAK2;CCDC186;MYO1B;TRAK1
prerank,Dopamine Uptake (GO:0090494),-0.6459487611916148,-1.1638035296104814,0.3298245614035088,0.7001805105785148,1.0,2/5,6.72%,SLC22A2;SLC22A3
prerank,Adherens Junction Assembly (GO:0034333),-0.5646519181579313,-1.1637205972949964,0.3083941605839416,0.699646444935841,1.0,3/9,13.33%,RAMP2;CTNNB1;PIP5K1C
prerank,Muscle Cell Development (GO:0055001),-0.438248829518723,-1.1636688026365731,0.24865831842576028,0.6990012002039278,1.0,3/26,1.84%,DMD;MYH11;RAMP2
prerank,Regulation Of Hydrogen Peroxide-Induced Cell Death (GO:1903205),-0.6449246179557098,-1.1636205880012895,0.3067961165048544,0.6983317407898272,1.0,1/5,3.42%,RIPK1
prerank,Detection Of Mechanical Stimulus (GO:0050982),0.4879360197314242,1.163529860653181,0.2762312633832976,0.5697826109807301,1.0,3/14,6.30%,PKD2L1;PIEZO1;PTK2
prerank,Regulation Of Extrinsic Apoptotic Signaling Pathway Via Death Domain Receptors (GO:1902041),0.41163542623265925,1.163202379350951,0.24721603563474387,0.5700343155052974,1.0,8/29,14.14%,HMOX1;LGALS3;BCL2L1;TMBIM1;RNF34;STX4;PEA15;ICAM1
prerank,Axoneme Assembly (GO:0035082),-0.42911453048483744,-1.1631504893664875,0.24381625441696114,0.6988916979751035,1.0,13/30,29.04%,CFAP206;CCDC39;TTC26;TTLL3;CFAP46;RSPH4A;CCDC40;STK36;RP1L1;SPAG1;SPAG17;CFAP74;RSPH9
prerank,Glycosylceramide Biosynthetic Process (GO:0046476),0.5965632047004397,1.1630428513739843,0.3028953229398664,0.5699013738476347,1.0,1/6,3.87%,UGCG
prerank,Positive Regulation Of Phosphatidylinositol 3-Kinase Signaling (GO:0014068),0.35162307549110966,1.1628836584503202,0.20568927789934355,0.5697761871907498,1.0,17/64,12.32%,DDR1;HCLS1;TREM2;HAX1;DDR2;PIK3AP1;TGFB2;PTPN6;FGF2;PDGFA;PTK2;BECN1;PLXNB1;CBL;ERBB3;FGR;FN1
prerank,Positive Regulation Of Regulatory T Cell Differentiation (GO:0045591),0.5032445468173847,1.1624939220289079,0.2975929978118162,0.5701602174155166,1.0,1/13,0.10%,LILRB4
prerank,acetyl-CoA Metabolic Process (GO:0006084),0.4826429108515581,1.1621898259538344,0.2834467120181406,0.5703609199085173,1.0,1/15,1.08%,PMVK
prerank,Positive Regulation Of Epithelial To Mesenchymal Transition (GO:0010718),-0.38254464185401216,-1.1620736367897873,0.2357142857142857,0.7010907584828519,1.0,11/46,11.22%,FOXC1;LEF1;TNXB;JAG1;TWIST1;SMAD4;TGFB1I1;IL6;EMP2;CTNNB1;TGFBR2
prerank,Cellular Response To Bacterial Lipopeptide (GO:0071221),0.5974649156447833,1.1619597690309673,0.32056451612903225,0.5703824886487021,1.0,3/6,18.00%,TLR2;TLR1;TLR10
prerank,Regulation Of Long-Chain Fatty Acid Import Across Plasma Membrane (GO:0010746),0.6362684619473403,1.1618849392577928,0.3150984682713348,0.5700974449080826,1.0,2/5,5.03%,IRS2;AKT1
prerank,Regulation Of G1/S Transition Of Mitotic Cell Cycle (GO:2000045),0.3266103126641415,1.1618310840927144,0.16397228637413394,0.569753644855702,1.0,22/102,10.29%,CDKN2A;CCL2;FAM107A;GPNMB;CDKN1A;AIF1;PTPN6;PSME2;INO80;INHBA;CDC73;DPF3;AKT1;CCND2;CDKN2B;SMARCB1;PSME1;CPSF3;ZNF655;CDK2AP2;DPF2;CRLF3
prerank,Calcium-Mediated Signaling (GO:0019722),-0.3522630591591488,-1.1615629991934688,0.2045028142589118,0.7017392226199256,1.0,22/78,17.56%,RYR2;RCAN2;KDR;PLCE1;PTGFR;STIMATE;PLCG1;PPP3R1;CXCL8;MCU;AZU1;PRKAA1;CACNA1C;ORC3;PTGDR2;NCALD;DEFB1;DMTN;AGTR1;MCTP1;MCTP2;CCR6
prerank,Sulfation (GO:0051923),-0.5470456439611505,-1.1614400492257213,0.29009009009009007,0.7012666986534326,1.0,5/10,27.07%,SULT4A1;SULT2B1;SULT1E1;SULT1B1;SULT1A1
prerank,Negative Regulation Of Mitotic Cell Cycle (GO:0045930),-0.40660035062290223,-1.1614363675870383,0.250936329588015,0.7004764270831885,1.0,2/33,1.79%,FOXC1;BMP4
prerank,Kidney Mesenchyme Development (GO:0072074),-0.6397832212197156,-1.161254627472183,0.3049907578558225,0.7002379302822161,1.0,2/5,20.03%,SIX1;PKD2
prerank,Heat Acclimation (GO:0010286),-0.6400307281373689,-1.1611229188310033,0.31773879142300193,0.6990082823192768,1.0,1/5,5.60%,HSPA1A
prerank,Cellular Heat Acclimation (GO:0070370),-0.6400307281373689,-1.1611229188310033,0.31773879142300193,0.6990082823192768,1.0,1/5,5.60%,HSPA1A
prerank,Regulation Of Wnt Signaling Pathway (GO:0030111),-0.33365297669616595,-1.1610373754556338,0.1675213675213675,0.6984341577065851,1.0,28/100,19.85%,TLE1;FOXL1;NKD1;NOTUM;SFRP1;RNF43;FRZB;NKD2;HIC1;TRABD2B;SFRP4;SULF2;APCDD1;SFRP2;GRB10;LGR6;RSPO3;APP;MDFI;SMARCA4;BMP2;ITGA3;PSEN1;GPC3;CER1;DACT1;RSPO2;ATP6V1C2
prerank,protein-RNA Complex Disassembly (GO:0032988),-0.6128003427947529,-1.1607543683124892,0.29887218045112784,0.6984549204336492,1.0,1/6,2.16%,KLC1
prerank,Regulation Of Trophoblast Cell Migration (GO:1901163),0.5149082417051295,1.1597562121558072,0.2737556561085973,0.5736141088394198,1.0,1/11,0.30%,ARHGDIB
prerank,Central Nervous System Neuron Development (GO:0021954),-0.4927769602282885,-1.1595202428282019,0.2931654676258993,0.7012767365657349,1.0,9/15,31.89%,MAP2;GBA2;B4GALT6;HSP90AA1;LHX6;RAPGEF2;PTEN;NPY;ATP7A
prerank,Regulation Of Fatty Acid Metabolic Process (GO:0019217),-0.560576549618942,-1.1593115959335005,0.2962962962962963,0.7010605383936163,1.0,6/9,36.19%,PDK4;CAV1;FABP3;PRKAG2;PPARA;SLC22A13
prerank,Monoamine Transport (GO:0015844),-0.6211521069794517,-1.1591392504693652,0.30319148936170215,0.7007641991542972,1.0,2/6,6.72%,SLC22A2;SLC22A3
prerank,Positive Regulation Of Receptor Signaling Pathway Via STAT (GO:1904894),-0.42438453628429373,-1.1591370601964617,0.26537785588752194,0.6999787474037646,1.0,15/29,28.59%,OCIAD1;CENPJ;HES5;KIT;OCIAD2;IL6;CYP1B1;JAK2;MGAT5;TNF;TSLP;GH2;EP300;IL10;F2
prerank,Regulation Of Epithelial Cell Apoptotic Process (GO:1904035),0.557806906441494,1.159008047724559,0.29504504504504503,0.5747720903822235,1.0,1/8,0.55%,NUPR1
prerank,Postsynapse Organization (GO:0099173),0.5676427042547334,1.15886233114097,0.3036876355748373,0.5746063949682053,1.0,3/7,18.49%,ARHGAP39;LGMN;PICK1
prerank,Glycosaminoglycan Metabolic Process (GO:0030203),0.416585961014431,1.1587977488665429,0.2458233890214797,0.5743023147435967,1.0,9/26,16.01%,FUCA1;HS3ST2;GUSB;HEXB;CLN6;GNS;CHST9;IDS;PXYLP1
prerank,Regulation Of Cell-Cell Adhesion Involved In Gastrulation (GO:0070587),-0.5623356614102057,-1.1586340477454866,0.2826923076923077,0.6997763909351135,1.0,6/8,31.48%,KLF4;APOA1;MAP2K5;IL10;MYADM;IL1RN
prerank,Negative Regulation Of Heterotypic Cell-Cell Adhesion (GO:0034115),-0.5623356614102057,-1.1586340477454866,0.2826923076923077,0.6997763909351135,1.0,6/8,31.48%,KLF4;APOA1;MAP2K5;IL10;MYADM;IL1RN
prerank,Nicotinamide Nucleotide Metabolic Process (GO:0046496),-0.4868720877623606,-1.1586088215946253,0.29250457038391225,0.6990721546941752,1.0,5/16,14.76%,FMO2;ME1;MDH1;GPD1L;NOCT
prerank,Stress Fiber Assembly (GO:0043149),0.4840466602624792,1.1585619199473454,0.27419354838709675,0.5739209815540163,1.0,6/14,16.50%,RHOA;KCTD13;ZYX;ITGB5;FAM171A1;SORBS1
prerank,Contractile Actin Filament Bundle Assembly (GO:0030038),0.4840466602624792,1.1585619199473454,0.27419354838709675,0.5739209815540163,1.0,6/14,16.50%,RHOA;KCTD13;ZYX;ITGB5;FAM171A1;SORBS1
prerank,Spliceosomal Complex Assembly (GO:0000245),0.35050609459512005,1.1582056383078376,0.21052631578947367,0.574271420864309,1.0,12/59,10.83%,SNRPF;SNRPA1;SF3B6;SNRNP200;NOL3;SNRPB;SNRPD1;TXNL4A;SRPK3;PUF60;SCAF11;SF3A1
prerank,Cellular Response To Metal Ion (GO:0071248),0.3191018785223572,1.157931384396207,0.16822429906542055,0.5744308078318987,1.0,15/114,8.91%,AQP1;ITPKB;ALOX5AP;CHP2;F3;CLU;FBP1;HVCN1;AKT1;CHUK;CPNE2;SLC25A24;LGMN;SNCA;MT1M
prerank,Glutamate Receptor Signaling Pathway (GO:0007215),-0.3944799490350778,-1.157439890989044,0.24871355060034306,0.7016278336121842,1.0,16/33,19.88%,KCNB1;CDK5R1;GRIN1;GRIK2;GRIN3B;FMR1;HOMER1;GRM8;TRPM1;GRIA3;GRIN2B;GRIN2D;GRM2;GRIK1;GRM4;GRIK4
prerank,Retinal Ganglion Cell Axon Guidance (GO:0031290),-0.6659831873379137,-1.1572940904332774,0.31970260223048325,0.7012602117375352,1.0,2/5,4.08%,NELL1;SLIT2
prerank,Response To Caffeine (GO:0031000),-0.6393133220441507,-1.157282655722897,0.3074141048824593,0.6997218445219734,1.0,3/5,9.54%,RYR2;RYR3;CASQ2
prerank,Cellular Response To Caffeine (GO:0071313),-0.6393133220441507,-1.157282655722897,0.3074141048824593,0.6997218445219734,1.0,3/5,9.54%,RYR2;RYR3;CASQ2
prerank,Regulation Of Lipid Storage (GO:0010883),0.44422268637245765,1.1572600605290593,0.2751677852348993,0.5753719252796884,1.0,5/19,12.37%,C3;PPARG;PTPN2;LCP1;HILPDA
prerank,Negative Regulation Of NIK/NF-kappaB Signaling (GO:1901223),0.4281438133938346,1.1569083295036815,0.255125284738041,0.5756803350633531,1.0,7/23,11.11%,SPI1;ADIPOR1;TMSB4X;IFI35;RELA;PPM1A;NLRP3
prerank,G2/M Transition Of Mitotic Cell Cycle (GO:0000086),-0.39508739955449,-1.1566375346447733,0.24144144144144145,0.7007581224231765,1.0,7/36,17.88%,USH1C;TPD52L1;LATS1;MASTL;BRSK1;KHDRBS1;KDM8
prerank,Positive Regulation Of T Cell Differentiation In Thymus (GO:0033089),-0.6648674288821903,-1.15657495381331,0.32245681381957775,0.700150207767598,1.0,1/5,1.56%,SHH
prerank,Epithelial Cell Development (GO:0002064),0.4831114296231791,1.1560336443018495,0.2599118942731278,0.577152899120777,1.0,4/14,20.08%,RILPL1;RAB25;SIPA1;WNT5B
prerank,Positive Regulation Of Programmed Cell Death (GO:0043068),0.29447662572985606,1.1556466560297407,0.15263157894736842,0.5775292812238088,1.0,46/228,12.69%,SYK;PYCARD;CTSD;TNFRSF12A;LAPTM5;TRADD;BIN1;LILRB1;IRF5;TFPT;CLU;EMILIN1;EMILIN2;BCL2A1;FAS;PHLDA3;BAX;MTCH1;NLRC4;FADD;ATF4;BNIP3L;MAP3K5;MAP3K11;HTRA4;PHLDA1;BID;GADD45A;HSPD1;SNCA;TOP2A;PNMA1;BOK;STK4;MTCH2;BCL10;ZNF622;CTNNBL1;BMF;SCIN;FOXA1;UTP11;TNFRSF10B;CASP2;DAB2IP;HTATIP2
prerank,Regulation Of Mitotic Spindle Checkpoint (GO:1903504),-0.6505766808914163,-1.1555103266006377,0.3393213572854291,0.702452410606933,1.0,2/5,16.96%,DUSP1;USP44
prerank,Cardiac Muscle Cell Membrane Repolarization (GO:0099622),0.5463718863576152,1.1553782810535769,0.31026785714285715,0.5776250721400191,1.0,3/9,10.06%,KCNJ5;KCNQ1;YWHAE
prerank,Response To Magnesium Ion (GO:0032026),-0.597051469063929,-1.1551391371396715,0.3172541743970315,0.7027541981985225,1.0,2/7,5.17%,KCNA1;RYR3
prerank,Regulation Of Toll-Like Receptor Signaling Pathway (GO:0034121),0.4572223008230232,1.154629753049213,0.2654462242562929,0.5788343158843458,1.0,4/19,9.11%,TYRO3;IRF7;TLR2;TLR3
prerank,"Positive Regulation Of Synaptic Transmission, GABAergic (GO:0032230)",0.5776092444440745,1.154469936886526,0.32919254658385094,0.5787227527330833,1.0,2/7,10.67%,NLGN2;APEX1
prerank,Negative Regulation Of Smoothened Signaling Pathway (GO:0045879),-0.43962552027263047,-1.1543051129709512,0.2626970227670753,0.704352622767317,1.0,7/25,20.38%,PTCH1;GLI3;KCTD6;GLIS2;GPC3;TULP3;MOSMO
prerank,Detection Of Chemical Stimulus Involved In Sensory Perception Of Smell (GO:0050911),-0.4889910821844179,-1.1540769157025663,0.2596685082872928,0.7042464448531118,1.0,13/16,47.37%,OR2L5;OR2L13;OR2T8;OR2T12;OR10J5;OR13C2;SLC24A4;OR13C9;OR10H2;OR2M5;OR2C1;OR6N1;OR2L3
prerank,Translesion Synthesis (GO:0019985),0.43952718922844386,1.1536238655104825,0.26495726495726496,0.5800787167325709,1.0,2/23,1.81%,TNFSF13B;PARP10
prerank,Dopaminergic Neuron Differentiation (GO:0071542),-0.5032446917423246,-1.1536109319570849,0.2732342007434944,0.704767435731994,1.0,8/13,28.90%,NR4A2;SHH;CTNNB1;OTX2;FGF8;LMX1B;WNT9B;RYK
prerank,Response To Organonitrogen Compound (GO:0010243),0.37892220373218155,1.153582289048905,0.22767857142857142,0.5797261701981189,1.0,9/43,12.66%,XBP1;SEL1L;IRF5;DERL1;CLU;RNF185;GPIHBP1;CCDC47;KYNU
prerank,GMP Biosynthetic Process (GO:0006177),-0.606692872198862,-1.1530657847932309,0.3192307692307692,0.7055911846204309,1.0,2/6,9.00%,HPRT1;GMPS
prerank,Protein Phosphorylation (GO:0006468),-0.2829653654566025,-1.15259761233694,0.0704,0.7062079700772236,1.0,87/465,13.72%,EPHA7;PDGFRA;PDGFRB;TRIB2;MARK1;KDR;ERG;GRK5;MAP3K12;BMP4;MAST2;WNK4;ATF2;GAS6;MAST4;LMTK2;EEF2K;PAK3;SRPK1;CDK5R1;RIPK1;ERC1;MAST1;EGFR;MAP3K3;PIK3R4;ROCK2;SNRK;CDC42BPA;STK38;MARK3;TGFBR3;ACVR1;PRKAR1B;FLT4;LATS2;ATR;INSR;FGFR1;COPS8;NEK10;EPHA6;KIT;CTSG;PKN3;MAPK8;PRRT1;CDKL3;BMX;ATM;RNASEL;PRKAA1;MAML1;BIRC6;CAMK4;CLK4;STK39;CAMK1D;ULK1;WNT11;MYLK2;DAPK2;EPHA3;PKDCC;MAP4K3;LATS1;CDK11B;CSNK1G1;PDK4;BMPR2;TGFBR2;MAP4K5;LIMK1;TBCK;MASTL;CLK1;APP;PRKAA2;TTBK2;IRAK3;TAOK2;RICTOR;CREB1;IGFBP3;BRSK1;PIM2;TAF7
prerank,Positive Regulation Of Urine Volume (GO:0035810),-0.6198883133104652,-1.1518856081711855,0.3057692307692308,0.707454684022156,1.0,4/5,37.63%,NPR1;NPPB;NPR3;HYAL2
prerank,Negative Regulation Of Neuron Differentiation (GO:0045665),-0.45950549157573795,-1.1514001475838407,0.2783109404990403,0.7081139496096351,1.0,6/20,17.07%,HES5;CNTN4;DTX1;GSK3B;DLL1;EIF2AK4
prerank,tRNA Aminoacylation (GO:0043039),-0.5161899244778019,-1.1513812963143306,0.302491103202847,0.7073799326484436,1.0,5/12,24.47%,FARS2;YARS2;RARS2;IARS2;WARS2
prerank,Negative Regulation Of Acute Inflammatory Response (GO:0002674),0.6190726331050002,1.1513484540905168,0.3143459915611814,0.5839529495365985,1.0,3/5,11.11%,GSTP1;FCGR2B;NLRP3
prerank,Regulation Of Telomerase RNA Localization To Cajal Body (GO:1904872),0.47181123695429544,1.151216890514344,0.3028953229398664,0.5837989066070252,1.0,6/15,15.79%,DKC1;TNIP1;NHP2;CCT3;RUVBL1;CCT8
prerank,Regulation Of Programmed Cell Death (GO:0043067),0.3031503216881622,1.1511708600817496,0.163855421686747,0.5834489430192561,1.0,36/164,16.22%,HAX1;CTSB;CRYAB;PTPN6;CLU;AGT;ACTN1;AKT1S1;VPS72;AKT1;FAS;BAX;ANP32E;SLC39A7;BNIP3L;PEPD;MRGBP;BECN1;TM7SF3;ASAH1;RTKN;APEX1;ANP32A;TNFRSF10B;PSMC5;HTATIP2;BIRC7;NME2;IRF3;TP53;ACTL6A;BCL2L2;RUVBL1;CITED1;AMIGO2;NTF3
prerank,Response To Acidic pH (GO:0010447),0.49826047090184034,1.1510775014027352,0.2708333333333333,0.583225256316238,1.0,4/13,8.27%,CTSS;PKD2L1;GPR65;LGMN
prerank,Regulation Of cAMP-mediated Signaling (GO:0043949),-0.4684730143311593,-1.1509435049579546,0.2939068100358423,0.7078903739596949,1.0,3/17,9.83%,PDE4D;PDE3A;PEX5L
prerank,mRNA Transcription (GO:0009299),0.38603509738856356,1.1507159957296267,0.2383177570093458,0.5835349746340925,1.0,6/40,9.34%,TAF10;NCBP2;PPARG;ATF4;C5AR1;RXRA
prerank,Retinoid Metabolic Process (GO:0001523),-0.41143531003765055,-1.150267500868246,0.2767527675276753,0.7090428464733384,1.0,7/32,10.74%,BCO2;SDR16C5;ADH1B;CYP27C1;CYP1B1;ALDH1A2;DHRS4
prerank,Spindle Assembly Checkpoint Signaling (GO:0071173),-0.4373721912382145,-1.1501897639000127,0.2718631178707224,0.706909985741249,1.0,3/24,10.68%,ZNF207;ATM;KNTC1
prerank,Mitotic Spindle Assembly Checkpoint Signaling (GO:0007094),-0.4373721912382145,-1.1501897639000127,0.2718631178707224,0.706909985741249,1.0,3/24,10.68%,ZNF207;ATM;KNTC1
prerank,Mitotic Spindle Checkpoint Signaling (GO:0071174),-0.4373721912382145,-1.1501897639000127,0.2718631178707224,0.706909985741249,1.0,3/24,10.68%,ZNF207;ATM;KNTC1
prerank,Positive Regulation Of Apoptotic Process (GO:0043065),0.28986491893244887,1.1500031743082204,0.13910761154855644,0.584590118938871,1.0,53/251,12.93%,NUPR1;PYCARD;CTSD;TNFRSF12A;GRN;CTSL;CTSS;TRADD;BIN1;LILRB1;TGFB2;IRF5;TFPT;SIRT2;CTSH;CLU;EMILIN1;EMILIN2;BCL2A1;FAS;PHLDA3;BAX;MTCH1;NLRC4;FADD;ATF4;BNIP3L;MAP3K5;MAP3K11;HTRA4;PHLDA1;BID;GADD45A;HSPD1;SNCA;TOP2A;TGFBR1;PNMA1;BOK;STK4;MTCH2;BCL10;ZNF622;CTNNBL1;BMF;SCIN;FOXA1;UTP11;TNFRSF10B;CASP2;DAB2IP;PTRH2;DYNLL1
prerank,Cerebral Cortex Cell Migration (GO:0021795),-0.6441128630034334,-1.149966123097673,0.30357142857142855,0.7067878300112508,1.0,3/5,34.35%,FGF13;LHX6;HTR6
prerank,Neuronal Ion Channel Clustering (GO:0045161),0.5410453166359206,1.1498759075719804,0.31220657276995306,0.5844075822376759,1.0,2/8,5.70%,NRCAM;MTCH1
prerank,Regulation Of Centrosome Duplication (GO:0010824),-0.41809519717631094,-1.1495284949476179,0.2587800369685767,0.7073028502324313,1.0,8/26,19.17%,CHMP1B;CEP295NL;CENPJ;PDCD6IP;SPICE1;CEP295;CHMP5;CHMP2B
prerank,Positive Regulation Of Glycoprotein Biosynthetic Process (GO:0010560),0.5062612003378245,1.1495008542451974,0.30184331797235026,0.5847636163575467,1.0,8/12,31.43%,SOAT1;CHP1;RAMP1;SLC51B;CCR7;CCL19;IL33;IGF1
prerank,Regulation Of Exocytosis (GO:0017157),-0.3677896889485941,-1.1490344741574994,0.21913043478260869,0.7079685283495827,1.0,7/54,5.64%,STXBP6;RAB3D;CPLX1;SYT1;RAB3A;RAB3C;SEPTIN5
prerank,Regulation Of Phosphatidylinositol 3-Kinase Signaling (GO:0014066),0.3305775839377876,1.1484428867097622,0.19696969696969696,0.5865181483878616,1.0,12/83,6.30%,DDR1;SLC9A3R1;HCLS1;TREM2;HAX1;DDR2;PIK3AP1;TGFB2;PTPN6;FGF2;PDGFA;PTK2
prerank,Dicarboxylic Acid Transport (GO:0006835),0.44902102150959444,1.147944432535698,0.271523178807947,0.5871122326918018,1.0,4/20,7.35%,PDPN;SLC1A3;UCP2;SLC25A10
prerank,Positive Regulation Of Nitric Oxide Metabolic Process (GO:1904407),-0.4305620123589919,-1.1479396299784446,0.27932960893854747,0.7103768025959559,1.0,6/26,6.10%,PTGS2;KLF2;ASS1;KLF4;IFNG;INSR
prerank,Regulation Of Macrophage Apoptotic Process (GO:2000109),0.6357174182046348,1.1478828291195784,0.34130434782608693,0.5867848679077045,1.0,2/5,11.70%,IRF7;MEF2C
prerank,Regulation Of Growth Hormone Receptor Signaling Pathway (GO:0060398),-0.633361436595343,-1.1476480462420444,0.32,0.7104364095297531,1.0,2/5,17.70%,MBD5;JAK2
prerank,"Mitochondrial Electron Transport, Cytochrome C To Oxygen (GO:0006123)",0.4775833274180899,1.147505467562756,0.2894168466522678,0.5871104369353917,1.0,5/14,20.02%,COX7C;COX7A2;COX8A;COX5B;COX4I1
prerank,Regulation Of Neuron Differentiation (GO:0045664),-0.3475827188143523,-1.1474049938013298,0.24740484429065743,0.710346411648463,1.0,19/75,17.07%,NBL1;HEYL;CDK5R1;SIX1;NGF;HES5;FGFR1;YWHAG;TCF4;ZC4H2;ECT2;TRIM32;NEUROD2;CNTN4;HOXD3;DTX1;BMP2;DLL1;EIF2AK4
prerank,White Fat Cell Differentiation (GO:0050872),0.6275281851927178,1.1474008809601925,0.33698030634573306,0.5868910041868062,1.0,1/5,2.53%,PPARG
prerank,Release Of Sequestered Calcium Ion Into Cytosol By Endoplasmic Reticulum (GO:1903514),-0.5999834806775808,-1.1472800792698399,0.29831144465290804,0.7099281216488336,1.0,2/7,5.17%,RYR2;RYR3
prerank,Regulation Of Neural Precursor Cell Proliferation (GO:2000177),0.4404021966892995,1.1472484560063345,0.2678185745140389,0.5868141215822646,1.0,3/20,10.89%,PTPRZ1;PROX1;NES
prerank,Positive Regulation Of Cell Growth (GO:0030307),-0.3413386889297024,-1.1472085515452364,0.21206581352833637,0.7093643013144947,1.0,21/91,12.96%,SYT3;RIMS1;SYT2;N6AMT1;SFRP1;EGFR;SYT1;NGF;SYT4;CPNE6;EXOSC9;CPNE9;RPTOR;SFRP2;RIMS2;RUFY3;TRIM32;LIMK1;MLST8;NCBP1;RICTOR
prerank,Negative Regulation Of Muscle Hypertrophy (GO:0014741),-0.6210097161836962,-1.1471870025919544,0.3339622641509434,0.7086436856652985,1.0,3/6,22.50%,SMAD4;GLRX3;RGS2
prerank,Epidermal Growth Factor Receptor Signaling Pathway (GO:0007173),-0.39392778050507915,-1.1471630032073938,0.26678765880217786,0.7079543969430121,1.0,6/38,4.63%,PLCE1;SLC30A10;SOS1;PLCG1;EGFR;REPS2
prerank,Interleukin-6-Mediated Signaling Pathway (GO:0070102),0.49806835455993154,1.1470192073038075,0.29385964912280704,0.586881297563963,1.0,1/12,0.08%,SPI1
prerank,"Maturation Of SSU-rRNA From Tricistronic rRNA Transcript (SSU-rRNA, 5.8S rRNA, LSU-rRNA) (GO:0000462)",0.4448939070456935,1.1468578880796572,0.27191011235955054,0.586777971432823,1.0,7/22,17.18%,UTP20;TBL3;DCAF13;NGDN;WDR46;UTP4;LTB4R2
prerank,Regulation Of Cytokinesis (GO:0032465),-0.3527380842366869,-1.14642070179004,0.2171628721541156,0.7094109981586023,1.0,17/67,21.37%,CSPP1;CDC14A;CCP110;PIK3R4;MAP9;SVIL;BIRC6;FSD1;E2F8;ECT2;DCDC1;PIN1;PRKCE;ENTR1;AURKC;MYO19;KIF23
prerank,Negative Regulation Of Type I Interferon-Mediated Signaling Pathway (GO:0060339),0.48799136088992273,1.1464009524527854,0.29024943310657597,0.5873384915227557,1.0,7/14,26.50%,PTPN2;STAT2;SAMHD1;OAS1;CNOT7;YTHDF2;NLRC5
prerank,Fructose 6-Phosphate Metabolic Process (GO:0006002),0.564812846723677,1.1463295397484232,0.3282275711159737,0.5870309885094132,1.0,2/8,4.44%,GFPT2;HK2
prerank,Sphingolipid Catabolic Process (GO:0030149),0.48311844550101823,1.1461247364544416,0.3023255813953488,0.587003649673281,1.0,5/14,21.39%,GLA;PPT1;ASAH1;SPHK1;SMPD1
prerank,Monoatomic Cation Transport (GO:0006812),-0.40081300161108285,-1.1460737603073474,0.26173285198555957,0.7096179035844475,1.0,15/36,17.55%,ATP10D;TRPM6;ANO10;PANX2;GRIN1;ANO1;ATP1A2;HCN4;TRPM1;TRPM3;TRPC6;TRPM7;GRIN2B;GRIN2D;TMEM63C
prerank,Negative Regulation Of Cell Adhesion (GO:0007162),-0.35404179417818055,-1.1458089147785024,0.22456140350877193,0.7096580357472383,1.0,15/67,14.94%,FBLN1;DUSP1;NRG1;FZD4;PODXL;JAG1;SPINT2;PLXNA2;CDH13;CYP1B1;ANGPT1;ARHGDIG;PLXNA4;RIPOR2;DMTN
prerank,Negative Regulation Of Inclusion Body Assembly (GO:0090084),0.5539526113540829,1.1456627089293139,0.3347547974413646,0.5874960501165629,1.0,4/8,14.28%,DNAJB2;SORL1;DNAJB6;HSPA2
prerank,Regulation Of Gastrulation (GO:0010470),-0.5163473697922779,-1.145402953282652,0.2896174863387978,0.7100384580674622,1.0,2/12,2.63%,PHLDB2;SCX
prerank,Positive Regulation Of Nitric Oxide Biosynthetic Process (GO:0045429),-0.43410748997778853,-1.1453819524070348,0.2722222222222222,0.7093334377198205,1.0,6/25,6.10%,PTGS2;KLF2;ASS1;KLF4;IFNG;INSR
prerank,Tumor Necrosis Factor-Mediated Signaling Pathway (GO:0033209),0.3943143764384117,1.1452828250718377,0.26200873362445415,0.5879229060904764,1.0,8/35,10.74%,PYCARD;TRADD;TMSB4X;TNFRSF1A;CHUK;RELA;PTK2B;TNFRSF11A
prerank,Negative Regulation Of Lymphocyte Migration (GO:2000402),0.5134495363200184,1.1451618745046148,0.30405405405405406,0.5877216800883502,1.0,2/10,5.03%,PADI2;AKT1
prerank,Determination Of Digestive Tract Left/Right Asymmetry (GO:0071907),-0.6117488791190091,-1.1450082510637767,0.30895795246800734,0.7096273592645861,1.0,3/6,21.39%,CCDC39;CCDC40;ZIC3
prerank,Stabilization Of Membrane Potential (GO:0030322),-0.48909802627672583,-1.144863174616282,0.29333333333333333,0.7092868509440036,1.0,3/13,6.30%,KCNK2;KCNK3;KCNK4
prerank,Positive Regulation Of Substrate Adhesion-Dependent Cell Spreading (GO:1900026),-0.4080846146420199,-1.1447184839805178,0.3013182674199623,0.7089515452781213,1.0,11/33,18.63%,NELL1;RAC3;DOCK1;MYOC;APOA1;FLNA;DMTN;TRIOBP;CARMIL1;ARHGEF7;OLFM4
prerank,Negative Regulation Of Myeloid Cell Differentiation (GO:0045638),0.45798044313720593,1.144321097187235,0.27331887201735355,0.5890590021377962,1.0,4/19,11.42%,MAFB;CIB1;PTK2B;LEO1
prerank,T Cell Differentiation In Thymus (GO:0033077),-0.510675925159583,-1.1441729221595083,0.3172541743970315,0.7096969269110271,1.0,2/12,1.56%,GLI3;SHH
prerank,Polyadenylation-Dependent snoRNA 3'-End Processing (GO:0071051),0.5859564890275629,1.1441299001497633,0.3282608695652174,0.5890475360915352,1.0,3/6,18.23%,EXOSC4;EXOSC6;EXOSC3
prerank,Positive Regulation Of Activated T Cell Proliferation (GO:0042104),0.519844652526567,1.144086367103506,0.3172866520787746,0.5887039715220648,1.0,3/10,11.06%,PYCARD;FADD;IL12RB1
prerank,Inhibition Of Cysteine-Type Endopeptidase Activity (GO:0097340),0.6261998656111439,1.1439295571249153,0.3361884368308351,0.5885818656534861,1.0,1/5,4.87%,NOL3
prerank,RNA Capping (GO:0036260),0.5781237456406663,1.1438408220358705,0.32181425485961124,0.5879060685837406,1.0,2/7,7.21%,SNRPF;SNRPD1
prerank,7-Methylguanosine Cap Hypermethylation (GO:0036261),0.5781237456406663,1.1438408220358705,0.32181425485961124,0.5879060685837406,1.0,2/7,7.21%,SNRPF;SNRPD1
prerank,Regulation Of mRNA 3'-End Processing (GO:0031440),0.5237777507305408,1.1437092703872582,0.2827102803738318,0.587744923345945,1.0,4/11,17.32%,NCBP2;CDC73;LEO1;PEX2
prerank,Cell Surface Receptor Signaling Pathway Involved In Heart Development (GO:0061311),-0.47772725552279593,-1.1431292471939387,0.29947460595446584,0.7118755551116479,1.0,4/16,8.04%,BMP4;HEYL;JAG1;GALNT11
prerank,Regulation Of Kinase Activity (GO:0043549),0.3434307385612274,1.1431251431420208,0.22897196261682243,0.5885421757999059,1.0,10/76,4.10%,DDR1;SLC9A3R1;TREM2;CD74;DDR2;IRS2;SLAMF8;MERTK;TYRO3;CD4
prerank,Regulation Of Organelle Organization (GO:0033043),0.3252416052965605,1.1431072349706124,0.21904761904761905,0.5881353217327641,1.0,20/97,13.55%,TMED9;EZR;YY1;LMAN1;TFPT;INO80;CENPV;PTK2;RAB33B;SURF4;PREB;FIS1;MIEF2;CLN3;PLXNB1;ACTR8;GOLPH3;RBSN;TECPR1;MAVS
prerank,Aminoglycan Metabolic Process (GO:0006022),0.54795182086918,1.1430191478788683,0.3120567375886525,0.5878865702370547,1.0,3/8,13.13%,HEXB;CLN6;CHST9
prerank,T Cell Activation (GO:0042110),0.33039571439133386,1.1429496365328362,0.20616113744075829,0.5876210074958497,1.0,12/84,11.35%,CD44;CD74;PTPN2;CD4;RAB29;GATA3;CD84;CD276;TRBC2;HSPD1;MICA;LCP1
prerank,Regulation Of Clathrin-Dependent Endocytosis (GO:2000369),-0.4830307289061985,-1.1427536384271244,0.2967032967032967,0.7121437887885734,1.0,4/14,15.28%,SNAP91;CCL14;UBQLN2;PIK3CB
prerank,Erythrocyte Development (GO:0048821),0.5333682663470075,1.14263035504408,0.3127659574468085,0.5878502037692773,1.0,3/10,9.71%,NCKAP1L;G6PD;HEATR3
prerank,Embryonic Eye Morphogenesis (GO:0048048),-0.5614519140171664,-1.1425604206167357,0.3171171171171171,0.7119350807114617,1.0,3/8,7.18%,MFAP5;TBX2;MFAP2
prerank,Response To UV-C (GO:0010225),-0.6169560005427508,-1.141773955778119,0.32142857142857145,0.7134301271610843,1.0,5/6,17.64%,MAP3K4;DCUN1D3;WRN;ERCC5;POLH
prerank,Glutamine Family Amino Acid Biosynthetic Process (GO:0009084),-0.5533637232169075,-1.1414632960011104,0.3154875717017208,0.7135412427344129,1.0,2/9,7.09%,ASS1;NAGS
prerank,Regulation Of Cardiac Muscle Cell Apoptotic Process (GO:0010665),0.5513615426858491,1.1414309127884568,0.3248259860788863,0.589979159313848,1.0,1/8,0.55%,NUPR1
prerank,Cellular Response To Reactive Nitrogen Species (GO:1902170),-0.5739476501946227,-1.1413388721465412,0.3076923076923077,0.7123823051648196,1.0,6/7,42.39%,MMP3;CDK2;KCNC2;FOXO1;MTR;DPEP1
prerank,Cellular Response To Nitric Oxide (GO:0071732),-0.5739476501946227,-1.1413388721465412,0.3076923076923077,0.7123823051648196,1.0,6/7,42.39%,MMP3;CDK2;KCNC2;FOXO1;MTR;DPEP1
prerank,Positive Regulation Of Establishment Of Protein Localization To Telomere (GO:1904851),0.5589042548472564,1.1412489961124503,0.31422018348623854,0.589926498856798,1.0,4/7,23.46%,DKC1;CCT3;CCT8;CCT6A
prerank,Negative Regulation Of Rho Protein Signal Transduction (GO:0035024),-0.4651019427009313,-1.141179753588358,0.2898032200357782,0.7120628589184663,1.0,7/17,18.74%,MET;HEG1;SCAI;MYOC;KCTD10;RIPOR2;ITGA3
prerank,Epithelial Cell Differentiation (GO:0030855),0.3259951561466992,1.1411522356598576,0.1960352422907489,0.5896944709763405,1.0,13/95,7.88%,TAGLN2;TPP1;CTSB;CNN3;LGALS3;PPARG;DNPH1;PCK2;AKT1;ANXA7;GATA3;HNRNPH3;PROX1
prerank,Regulation Of Interleukin-1 Production (GO:0032652),-0.5092601205499097,-1.1410554543799338,0.3141263940520446,0.7116892383595961,1.0,2/12,2.43%,FOXP1;GAS6
prerank,Axon Regeneration (GO:0031103),0.5423705791228396,1.1410401236048697,0.32489451476793246,0.5894952282904387,1.0,1/9,0.27%,TNC
prerank,Axonal Transport Of Mitochondrion (GO:0019896),-0.5168149772364894,-1.1407324528030256,0.32123411978221417,0.7118396152311667,1.0,3/12,16.48%,NEFL;TRAK2;TRAK1
prerank,Embryonic Skeletal Joint Development (GO:0072498),-0.6259832579171755,-1.1406033205312152,0.3258845437616387,0.711448483892115,1.0,4/5,32.25%,OSR2;WNT9A;NOG;OXSR1
prerank,Calcium Ion Transport Into Cytosol (GO:0060402),-0.5457801575338495,-1.1405252978546838,0.30783242258652094,0.7109294211336171,1.0,5/9,14.61%,RYR2;CACNA2D1;JPH3;CACNA1C;JPH1
prerank,Calcineurin-Mediated Signaling (GO:0097720),-0.5306722989921702,-1.1405202283588924,0.3076923076923077,0.7101929726007616,1.0,3/10,11.89%,PPP3R1;NFAT5;NFATC3
prerank,Regulation Of DNA Methylation (GO:0044030),-0.604260365055803,-1.1404861892876954,0.31227436823104693,0.7095434462685726,1.0,3/6,27.56%,MYC;KMT2A;MPHOSPH8
prerank,Chondroitin Sulfate Proteoglycan Biosynthetic Process (GO:0050650),0.44744664008264773,1.1404402160587916,0.2793427230046948,0.5903479419947353,1.0,7/18,16.01%,B3GAT2;CHST11;CSGALNACT2;CHPF;CHST3;CHST9;PXYLP1
prerank,Connective Tissue Development (GO:0061448),0.3933526016236583,1.140243636466801,0.23940677966101695,0.5903230548689559,1.0,9/35,15.17%,CD44;XBP1;CHI3L1;SOX8;SPTLC2;SH3PXD2B;ITGB8;SOX6;DDRGK1
prerank,Carboxylic Acid Metabolic Process (GO:0019752),-0.4204733280912736,-1.1399589057901847,0.2595978062157221,0.7102447479219066,1.0,7/27,13.42%,PTGIS;PON3;N6AMT1;PLA2G4A;CARNMT1;CSGALNACT1;CYP2J2
prerank,Detection Of Calcium Ion (GO:0005513),-0.5184628876307944,-1.13995230225065,0.32,0.7095104739542761,1.0,3/11,9.54%,RYR2;SYT1;CASQ2
prerank,Regulation Of Macrophage Migration (GO:1905521),0.554795254863111,1.1399194192501587,0.33116883116883117,0.5906083770872478,1.0,5/8,18.98%,EMILIN1;PTK2B;P2RY12;CX3CR1;CD81
prerank,Regulation Of Macroautophagy (GO:0016241),-0.3385816449770819,-1.1395797473355735,0.2125,0.7097181828688703,1.0,27/85,24.35%,DCN;KDR;UCHL1;CDK5R1;PIK3R4;MAPK8;EXOC4;ULK1;CLEC16A;SESN1;USP36;ATG5;PRKAA2;UBQLN2;ATP6V1G2;WAC;EXOC7;TBK1;IL4;CDK5;ATP6V1H;ATP6V1C2;CAPNS1;CASP3;ATP13A2;ATP6V0A1;RUFY4
prerank,Cellular Response To Interleukin-9 (GO:0071355),0.6177403690514729,1.139552290402708,0.35051546391752575,0.5904694527854616,1.0,5/5,38.25%,JAK3;STAT5A;STAT3;STAT1;JAK1
prerank,Interleukin-9-Mediated Signaling Pathway (GO:0038113),0.6177403690514729,1.139552290402708,0.35051546391752575,0.5904694527854616,1.0,5/5,38.25%,JAK3;STAT5A;STAT3;STAT1;JAK1
prerank,Positive Regulation Of Lyase Activity (GO:0051349),-0.5076969300478787,-1.1393446169192543,0.29744525547445255,0.709677447905246,1.0,4/12,9.88%,CACNA1D;NF1;CACNA1C;DRD5
prerank,Alpha-Linolenic Acid Metabolic Process (GO:0036109),0.5586130506765998,1.1391757603282622,0.33405172413793105,0.5908168222155229,1.0,4/8,25.86%,ACAA1;SCP2;RAPSN;ELOVL1
prerank,Ribosome Assembly (GO:0042255),0.42867708330936716,1.1390907944737065,0.28805620608899296,0.5905613103192802,1.0,10/24,26.27%,MPV17L2;RRP7A;NGRN;NOA1;EIF2S1;NOP53;RRS1;EFNA1;RPF2;NOP2
prerank,Peptidyl-Tyrosine Modification (GO:0018212),0.36421473951036476,1.1389751163094957,0.22444444444444445,0.5903688777996957,1.0,13/52,8.36%,SYK;HCK;DDR2;ABI3;LYN;PTPN6;TTBK1;TPST1;TPST2;PTK2;EFEMP1;BTK;PTK2B
prerank,Regulation Of Fibrinolysis (GO:0051917),-0.48958563007984574,-1.1389021024838935,0.30988593155893535,0.7100972731559285,1.0,6/13,31.24%,NRG1;PLAT;KLKB1;F2;THBD;THBS1
prerank,Neuron Projection Fasciculation (GO:0106030),0.519369568336255,1.1387787615990566,0.3175355450236967,0.5903467895989015,1.0,2/10,4.69%,NRCAM;SEMA5A
prerank,Respiratory Electron Transport Chain (GO:0022904),-0.5072361304126709,-1.138756045637816,0.3197158081705151,0.7097641401180785,1.0,4/12,13.62%,SLC25A12;PPARGC1A;SDHB;ETFDH
prerank,Nucleobase-Containing Small Molecule Interconversion (GO:0015949),0.5803954464831192,1.1386911136302922,0.31670281995661603,0.5900993500884038,1.0,1/6,2.07%,GLRX
prerank,Tubulin Complex Assembly (GO:0007021),-0.6065573988965967,-1.1386801524134385,0.3375912408759124,0.7092386428831339,1.0,5/6,37.68%,TBCE;TBCEL;TBCD;TCP1;VBP1
prerank,Transcription-Dependent Tethering Of RNA Polymerase II Gene DNA At Nuclear Periphery (GO:0000972),-0.622813909869348,-1.1384409284538346,0.34386617100371747,0.7091680377891604,1.0,1/6,7.37%,NUP155
prerank,Dendritic Spine Organization (GO:0097061),0.4102908336594332,1.1383942740405466,0.27313769751693,0.5903009240033066,1.0,5/25,9.40%,TREM2;CTNND2;NOL3;LGMN;EPHB1
prerank,Regulation Of Epithelial To Mesenchymal Transition Involved In Endocardial Cushion Formation (GO:1905005),0.5725455736357077,1.1383219820665316,0.3361884368308351,0.5900154836249147,1.0,3/7,9.04%,TGFB1;TGFB2;TGFBR1
prerank,Regulation Of Establishment Of Endothelial Barrier (GO:1903140),-0.46868396827869874,-1.1382644773533677,0.3021978021978022,0.7089354331647935,1.0,4/16,5.71%,CDH5;ROCK2;CLDN5;PPP1R12A
prerank,Negative Regulation Of Microglial Cell Activation (GO:1903979),0.573544012155295,1.1379957765545259,0.3326226012793177,0.5902605485765801,1.0,1/7,1.23%,GRN
prerank,Negative Regulation Of Cellular Response To Vascular Endothelial Growth Factor Stimulus (GO:1902548),-0.5388902858521314,-1.137907872123912,0.32342007434944237,0.7092406285634704,1.0,2/10,2.07%,DCN;NRG1
prerank,Ethanol Metabolic Process (GO:0006067),-0.5566025661453684,-1.13787201385356,0.3109090909090909,0.7086013030626767,1.0,5/9,27.07%,ADH1C;ADH1B;SULT1E1;SULT1B1;SULT1A1
prerank,Embryo Development Ending In Birth Or Egg Hatching (GO:0009792),-0.49137195451560456,-1.137609159474067,0.3083941605839416,0.7085785856857718,1.0,6/14,14.60%,FGFR1;RAI2;OSR2;RICTOR;STOX2;NR5A2
prerank,Regulation Of Anatomical Structure Morphogenesis (GO:0022603),-0.3219317524303691,-1.1366218098978693,0.21797004991680533,0.7105482604119597,1.0,31/118,19.84%,PHLDB2;HECW1;SH3D19;ARHGAP44;PAK3;EFNA5;CDK5R1;SFRP1;CHRNB2;FLT4;ADGRA2;CHRNA3;NF1;IL6;KNDC1;BMPER;EMP2;CTNNB1;RUFY3;SARM1;WTIP;BRSK1;TSPAN12;GSK3B;CLASP2;DLL1;MARK2;PID1;SDC2;CDK5;MYO19
prerank,"Regulation Of mRNA Splicing, Via Spliceosome (GO:0048024)",-0.340604316869251,-1.1365627272731595,0.21880650994575046,0.7099702760705833,1.0,18/84,16.85%,RBFOX2;SRRM1;PTBP1;SRPK1;FAM172A;RBM25;RBFOX3;RBM24;TRA2A;CELF3;FMR1;SMU1;NCBP1;RBM20;SRRM4;TRA2B;RBM39;KHDRBS1
prerank,Endoplasmic Reticulum Organization (GO:0007029),-0.37120468645838534,-1.1363986691002614,0.270979020979021,0.7096793793369883,1.0,10/51,18.84%,REEP1;TRAM2;ATL2;REEP2;VCPIP1;DNM1L;SPTSSB;LNPK;REEP5;RNF112
prerank,Negative Regulation Of RNA Catabolic Process (GO:1902369),0.5831391847256902,1.1361375869476846,0.35033259423503327,0.5937904033996815,1.0,3/7,15.73%,TNIP1;ZCCHC17;PHAX
prerank,V(D)J Recombination (GO:0033151),-0.5269407896208995,-1.1358594240581144,0.3242753623188406,0.7104500883946763,1.0,2/11,5.82%,LIG3;DCAF1
prerank,Smooth Muscle Contraction (GO:0006939),-0.48613584514192865,-1.135733357736918,0.2849264705882353,0.7100737102638066,1.0,4/14,11.88%,MYH11;ROCK2;CHRNB2;EDNRA
prerank,Maturation Of LSU-rRNA (GO:0000470),0.4607729981665357,1.1356762447263737,0.29540481400437635,0.5943486480749747,1.0,8/16,26.27%,NSA2;RRP15;ZNHIT6;PES1;NEDD4;RPF2;MAK16;NOP2
prerank,Epithelial To Mesenchymal Transition Involved In Endocardial Cushion Formation (GO:0003198),-0.5558634051933713,-1.1352989012106571,0.32833020637898686,0.7105772795300346,1.0,4/8,22.14%,HEYL;ENG;RBPJ;FGF8
prerank,Cell Chemotaxis (GO:0060326),-0.3901060350758378,-1.1350621747974976,0.2815884476534296,0.7104931511767165,1.0,12/40,9.81%,LEF1;PDGFRA;PDGFRB;NR4A1;CCN3;NELL1;EGR3;ENC1;AZU1;KIT;ELMO2;CXCL12
prerank,Lipid Droplet Organization (GO:0034389),-0.431716187940315,-1.135060983973024,0.2936241610738255,0.7097602365201473,1.0,8/24,19.41%,CDS1;BSCL2;PRKAA1;PRKAA2;PNPLA3;FAF2;FITM1;KAT5
prerank,Heparan Sulfate Proteoglycan Metabolic Process (GO:0030201),0.5069940162585466,1.1349831546740703,0.2966101694915254,0.5953619621757422,1.0,2/11,4.20%,HS6ST1;HS3ST2
prerank,Positive Regulation Of B Cell Receptor Signaling Pathway (GO:0050861),-0.6176013620267704,-1.1347731641147125,0.35294117647058826,0.7098277919524381,1.0,2/6,13.48%,FOXP1;SLC39A10
prerank,Positive Regulation Of Transforming Growth Factor Beta Receptor Signaling Pathway (GO:0030511),-0.4306277720369181,-1.1340637870179355,0.30035971223021585,0.7103216155267958,1.0,4/24,8.12%,TNXB;CREBBP;SMAD4;TGFB1I1
prerank,Positive Regulation Of Cellular Response To Transforming Growth Factor Beta Stimulus (GO:1903846),-0.4306277720369181,-1.1340637870179355,0.30035971223021585,0.7103216155267958,1.0,4/24,8.12%,TNXB;CREBBP;SMAD4;TGFB1I1
prerank,Regulation Of MAPK Cascade (GO:0043408),-0.30375405498963703,-1.1335187357976435,0.17195325542570952,0.7111531101912139,1.0,28/183,7.79%,EPHA7;ADRA2A;FGF10;KDR;IGFBP6;ULK4;BMP4;DUSP1;PLCE1;JCAD;LBH;PAK3;DUSP5;SPRY3;EGFR;ROCK2;RET;TGFBR3;FLT4;ADRA1D;INSR;ADRA1B;FGFR1;NEK10;MYOC;KIT;DOK4;NF1
prerank,Digestive Tract Development (GO:0048565),-0.4101820538413831,-1.1331266763202272,0.2764811490125673,0.7115121821000426,1.0,14/32,21.39%,GLI3;CXCL8;KIT;CCDC39;STRA6;PKDCC;CLMP;GATA6;NIPBL;CCDC40;RARRES2;TNF;RARB;ZIC3
prerank,Negative Regulation Of Insulin Secretion (GO:0046676),-0.4645510514669221,-1.1330086191709094,0.315884476534296,0.7110919445419269,1.0,4/16,4.03%,CCN3;CHGA;KCNB1;SFRP1
prerank,Calcium-Mediated Signaling Using Intracellular Calcium Source (GO:0035584),-0.4535284265024506,-1.1326373791583635,0.28330206378986866,0.7113878800278511,1.0,5/19,7.20%,RYR2;KDR;PTGFR;STIMATE;AZU1
prerank,Quinone Metabolic Process (GO:1901661),0.5315459083611964,1.132441611882528,0.330188679245283,0.6002460198551538,1.0,4/9,20.32%,VKORC1;UBIAD1;CBR1;VKORC1L1
prerank,Regulation Of Cell Adhesion Mediated By Integrin (GO:0033628),0.39346847203735674,1.1323249234105857,0.26174496644295303,0.6000478643382684,1.0,8/33,8.32%,SYK;NCKAP1L;TGFB2;LYN;FERMT3;PTK2;MUC1;CIB1
prerank,Positive Regulation Of NF-kappaB Transcription Factor Activity (GO:0051092),0.31267494614801566,1.1321862073688798,0.19158878504672897,0.5999033078402664,1.0,31/138,15.92%,LGALS9;PYCARD;TRADD;MTDH;LTF;CLU;AGT;LAMTOR5;MYD88;AKR1B1;NLRC4;CHUK;TLR2;BTK;RELA;CARD11;CIB1;MAP3K7;NTS;TRIM8;TNFRSF11A;FLOT2;BCL10;NLRP3;PRKCB;TERF2IP;SLCO3A1;DDRGK1;RNF31;RBCK1;PPIA
prerank,Regulation Of Intracellular Estrogen Receptor Signaling Pathway (GO:0033146),-0.4378782324920609,-1.132132853921662,0.2823741007194245,0.712052461829045,1.0,6/24,10.43%,KANK2;ZNF366;VPS11;ISL1;STRN3;LATS1
prerank,Blood Circulation (GO:0008015),-0.3877990108811085,-1.131706497619107,0.254416961130742,0.7125098958055739,1.0,12/41,16.69%,EDN3;PLN;ROCK2;AVPR1A;NPR1;CXCL12;HCN4;TBC1D8;AGTR1;ACTC1;F5;ITGB1BP1
prerank,Lipid Import Into Cell (GO:0140354),-0.5644419058608232,-1.1316140047766758,0.3275862068965517,0.7120468551293253,1.0,3/8,14.90%,STRA6;SPX;PLPPR4
prerank,Collagen Fibril Organization (GO:0030199),-0.3851523609038175,-1.1307314269476105,0.25547445255474455,0.7137116787313085,1.0,15/40,16.72%,ADAMTS2;COL11A1;SCX;COL18A1;COL12A1;LOXL4;NF1;COL2A1;COL1A2;CYP1B1;LOXL1;COL1A1;COL3A1;DPT;COL5A1
prerank,Ubiquitin-Dependent Protein Catabolic Process (GO:0006511),0.2754950792553425,1.1306746820128954,0.10840108401084012,0.6027242003988863,1.0,71/342,17.75%,ANAPC11;PSMD9;ARRB2;OTUD7B;XBP1;TNFSF13B;CHMP2A;UBE2I;NDFIP1;SIRT2;TRIM9;BAG6;KCTD5;KCTD13;MVB12A;APC2;PEX10;UBXN1;RAD23A;RNF185;RNF126;PSMD7;UBE2L6;DDB1;CDC23;RNF34;PSMD4;NSFL1C;RHOBTB3;VPS37D;RNF19A;PSMC3;KLHL8;PSMA7;RNF146;ZNRF1;TTC3;RMND5A;CBL;KEAP1;ANKRD9;UBE2G2;HERC4;PSMC5;PSMD14;PSMB1;RNF167;PSMB4;WDR91;VPS37C;HECTD3;KBTBD7;HERC3;RNF6;RNF166;ELOC;RBCK1;UBE2E1;RNF215;RNF114;UBE2D2;PSMB5;TOM1L1;SHARPIN;PSMC4;CHMP7;SPSB1;RNF187;UHRF1;FBXL7;PSMA5
prerank,Leptin-Mediated Signaling Pathway (GO:0033210),-0.5779070369876478,-1.1306200852977946,0.3255395683453237,0.713255166220952,1.0,1/7,0.63%,LEPR
prerank,Aortic Valve Morphogenesis (GO:0003180),-0.3952754391666031,-1.1305368981207622,0.2841918294849023,0.7127698227002046,1.0,7/35,6.63%,BMP4;HEYL;CDH11;JAG1;SLIT2;ROCK2;TWIST1
prerank,Protein Localization To Kinetochore (GO:0034501),-0.5130922262177249,-1.130451642714323,0.3220035778175313,0.7122803725480077,1.0,4/11,30.97%,MTBP;KNTC1;SPDL1;ZWILCH
prerank,Positive Regulation Of mRNA Metabolic Process (GO:1903313),0.4946209020106924,1.1304156689490372,0.3157894736842105,0.6028404813262342,1.0,2/11,5.36%,NUDT21;PRR5L
prerank,Regulation Of Plasma Membrane Bounded Cell Projection Organization (GO:0120035),-0.4181434098006531,-1.1303914756756663,0.29590017825311943,0.7117384549633506,1.0,8/25,15.29%,MARK1;ULK4;HOMER1;CTNNA2;CAMK2G;KIF26A;BRSK1;GSK3B
prerank,Regulation Of Smooth Muscle Cell Apoptotic Process (GO:0034391),0.5220283673358953,1.1303365505463832,0.3094736842105263,0.6025771736707367,1.0,1/9,1.06%,CDKN2A
prerank,Regulation Of Peptidyl-Threonine Phosphorylation (GO:0010799),-0.4010401948349811,-1.1301286512555555,0.2760416666666667,0.7117063158118323,1.0,2/35,1.13%,CEMIP;PARD3
prerank,Regulation Of Cholesterol Efflux (GO:0010874),0.4006028215653992,1.1301076359535018,0.28051391862955033,0.6026437848046402,1.0,7/31,10.32%,APOE;TREM2;PPARG;PLTP;RXRA;ABCA2;CETP
prerank,Organophosphate Biosynthetic Process (GO:0090407),0.4025319485056146,1.129971349713992,0.2775229357798165,0.6024651010683922,1.0,11/32,18.52%,ITPKB;DDR2;FGF2;PNPO;G6PD;GCK;DCK;IP6K2;IP6K3;ITPKC;AGPAT5
prerank,Positive Regulation Of Cardiocyte Differentiation (GO:1905209),0.5509286637483555,1.1296717891577557,0.33406113537117904,0.6026829527668364,1.0,3/8,11.70%,TGFB1;TGFB2;MEF2C
prerank,Negative Chemotaxis (GO:0050919),-0.40552833109504766,-1.1293078170848727,0.27079646017699116,0.7131919383988761,1.0,9/30,18.70%,EPHA7;SEMA6C;SEMA3C;SLIT2;LGR6;SEMA3F;ROBO1;SEMA3G;SEMA4A
prerank,Brown Fat Cell Differentiation (GO:0050873),-0.5793726776864584,-1.1288409238662684,0.3321616871704745,0.7137734789375141,1.0,4/7,29.72%,PPARGC1A;ADIPOQ;ZNF516;FFAR4
prerank,Glycoprotein Biosynthetic Process (GO:0009101),0.34293845760388125,1.1286274960234484,0.25227272727272726,0.6045250748544344,1.0,26/70,20.59%,ST8SIA1;SERP1;TNIP1;FUT4;ST3GAL6;NPC1;CHST11;B3GNT5;B4GALT5;CSGALNACT2;BMPR1B;GAL3ST4;GOLPH3;ALG3;CHST9;DAD1;ALG5;ST6GALNAC2;FKTN;GCNT1;CANT1;CHST8;PDCD6;MGAT4A;ST8SIA5;ST8SIA4
prerank,Regulation Of Extracellular Matrix Organization (GO:1903053),0.43183448016474346,1.128493061746143,0.27801724137931033,0.6043736693539917,1.0,3/23,3.90%,DDR1;DDR2;AGT
prerank,Establishment Of Mitotic Sister Chromatid Cohesion (GO:0034087),-0.6014412853899571,-1.1284756832762048,0.3588342440801457,0.7140242071288528,1.0,3/6,16.98%,STAG1;NIPBL;STAG2
prerank,Wnt Signaling Pathway Involved In Midbrain Dopaminergic Neuron Differentiation (GO:1904953),-0.572346374795668,-1.1282510285061387,0.32971014492753625,0.7139079780175738,1.0,4/7,31.62%,FZD1;WNT9B;RYK;WNT5A
prerank,Regulation Of Cell Cycle (GO:0051726),0.2811502474623855,1.1280430740055618,0.14713896457765668,0.6048703109000574,1.0,52/269,15.35%,ANAPC11;NEK6;NUPR1;CDKN2A;TNFSF13B;BIN1;TGFB1;EVI2B;PPP1R9B;LILRB1;YY1;CDKN1A;TGFB2;TFPT;SIRT2;INO80;TP53I13;PIM3;VPS72;MAPK12;RAD23A;GATA3;RRP8;CDC23;GBF1;MRGBP;ALOX15B;PROX1;GADD45A;RUNX3;TGFBR1;CDKN3;BOP1;YWHAE;ANAPC16;PPM1A;ACTR8;ANAPC13;DAB2IP;SIPA1;BIRC7;RNF167;BRINP2;TMEM8B;CDK4;TP53;CDK11A;ACTL6A;PES1;FGFR2;TBRG4;RUVBL1
prerank,Cell Differentiation In Hindbrain (GO:0021533),-0.5165514287749399,-1.1277478944605688,0.33583489681050654,0.7146169239353573,1.0,3/10,11.26%,CEND1;KNDC1;FAIM2
prerank,Negative Regulation Of Transcription Elongation By RNA Polymerase II (GO:0034244),0.4758572049040868,1.1274139194023485,0.3075221238938053,0.605819548247345,1.0,4/14,8.63%,LARP7;SIRT6;PARP1;NELFCD
prerank,Plasma Membrane Organization (GO:0007009),0.34287545490586524,1.1273146080423908,0.24475524475524477,0.6055793979714078,1.0,11/68,8.99%,SLC9A3R1;PACSIN3;BIN1;SERP1;CHMP2A;UGCG;BIN2;ABCD1;COLEC12;STX4;CLN3
prerank,Regulation Of Cell-Matrix Adhesion (GO:0001952),-0.352778370125506,-1.1272743278408415,0.24493554327808473,0.7152224749745504,1.0,13/62,10.64%,THY1;JAG1;EFNA5;SFRP1;ROCK2;UTRN;CDH13;ENC1;MYOC;NF1;LDB1;EPHA3;EMP2
prerank,Nucleic Acid-Templated Transcription (GO:0097659),-0.39160110753888505,-1.127067023833521,0.2896174863387978,0.7151011778800594,1.0,11/36,15.42%,NR4A2;PDE10A;SCX;PHF3;SMAD4;TAF1B;TOPORS;HOXD3;DTX1;THRB;PPP5C
prerank,Phosphorylation (GO:0016310),-0.2796461731810056,-1.1269847282915662,0.12341772151898735,0.7146159986453334,1.0,91/402,18.96%,EPHA7;TRIB2;MARK1;ERG;GRK5;MAP3K12;MAST2;WNK4;GAS6;LMTK2;PAK3;SRPK1;MAST1;PI4KA;PIK3R4;ROCK2;SNRK;DGKB;CDC42BPA;STK38;MARK3;ACVR1;PRKAR1B;LATS2;ATR;INSR;FGFR1;COPS8;NEK10;EPHA6;CTSG;PKN3;MAPK8;PRRT1;CDKL3;BMX;ATM;RNASEL;PRKAA1;RPTOR;MAML1;BIRC6;CAMK4;STK39;ULK1;WNT11;DAPK2;EPHA3;HK1;MAP4K3;LATS1;CDK11B;PDK4;BMPR2;TGFBR2;MAP4K5;LIMK1;TBCK;CERKL;MLST8;APP;PRKAA2;IRAK3;TAOK2;RICTOR;CREB1;IGFBP3;GK5;BRSK1;PIM2;TAF7;DGKE;TOP1;DGKK;PIK3CB;GSK3B;CSNK1A1;STK17A;BMP2;TBK1;PRKCQ;MARK2;EIF2AK4;JAK2;PRPF4B;MAPK9;DYRK1A;SIK2;MAPK6;PRKCE;AURKC
prerank,Negative Regulation Of Actin Filament Polymerization (GO:0030837),0.4272353011716954,1.126886276043034,0.3120879120879121,0.6060899223619013,1.0,6/21,12.00%,PFN1;TMSB4X;TWF2;PRKCD;SCIN;PFN2
prerank,Regulation Of Cellular Component Organization (GO:0051128),0.30193094462623504,1.1268396639022737,0.18854415274463007,0.6057469630999313,1.0,15/145,9.46%,APOE;TNC;SSRP1;PACSIN3;FAM107A;GFAP;CD22;AGT;STON2;RAB33B;PTPN1;MELTF;LAMTOR2;SNX12;RAP1A
prerank,Extracellular Matrix Disassembly (GO:0022617),0.3947006647691265,1.1268137508590135,0.29545454545454547,0.6053570177815732,1.0,8/35,13.90%,CAPG;CTSS;ADAM8;MMP14;LCP1;SH3PXD2B;MMP11;ADAMTS5
prerank,Vesicle Fusion (GO:0006906),0.32768163915462767,1.1265898195667747,0.225,0.6053894342353466,1.0,14/78,8.99%,RAB7A;RAB13;RAB20;CHMP2A;STX12;STX6;VPS18;VTI1B;PLEKHM1;VAMP8;STX4;SNCA;STX10;CLN3
prerank,Histone H2A K63-linked Deubiquitination (GO:0070537),-0.5839736014748134,-1.1264577710341022,0.32838589981447125,0.7153364902273814,1.0,3/7,27.09%,BABAM2;BRCA1;BARD1
prerank,Mitochondrial Translation (GO:0032543),0.4171600612833651,1.1261993631379594,0.2824601366742597,0.6057581142795898,1.0,7/22,13.70%,CHCHD1;DAP3;GFM1;TUFM;GADD45GIP1;MTIF2;QRSL1
prerank,Inner Dynein Arm Assembly (GO:0036159),-0.5442689411866433,-1.126036596941381,0.3381818181818182,0.715750044048567,1.0,4/10,24.08%,CCDC39;DNAH7;CCDC40;CFAP73
prerank,Regulation Of Glial Cell Proliferation (GO:0060251),-0.578268913571043,-1.1260135797698412,0.36186770428015563,0.715086259619951,1.0,4/7,36.63%,IL6;TNF;PRKCH;PRKCI
prerank,Nuclear Transport (GO:0051169),0.3846486649578673,1.1259175385563525,0.265625,0.6059455015233836,1.0,10/36,16.89%,RGS14;GLE1;SEC13;NUP188;NUP50;ANP32A;NUP210;CITED1;RANGAP1;NUP37
prerank,ATF6-mediated Unfolded Protein Response (GO:0036500),0.5879864898353538,1.1258691675017287,0.35802469135802467,0.6056415976311749,1.0,1/6,1.15%,XBP1
prerank,Tryptophan Catabolic Process (GO:0006569),0.5992661254491717,1.1258491026749338,0.3422818791946309,0.6052452602041118,1.0,1/5,12.66%,KYNU
prerank,Regulation Of Neurotransmitter Receptor Activity (GO:0099601),-0.37960515883757595,-1.1255603450591438,0.2733812949640288,0.7156231914165432,1.0,15/40,23.42%,NPTX1;BEGAIN;CACNG2;NETO1;PRRT1;MAPK8IP2;SHISA6;DLGAP4;APP;CNIH3;PSCA;SLURP2;DLGAP3;LYNX1;DLGAP1
prerank,Positive Regulation Of Oligodendrocyte Differentiation (GO:0048714),0.5541065533883378,1.125519745705815,0.32599118942731276,0.6055875831684846,1.0,3/7,9.55%,PTPRZ1;TENM4;IL34
prerank,Endomembrane System Organization (GO:0010256),0.296715167484461,1.1251946783751476,0.18246445497630331,0.6058707903235404,1.0,29/173,11.42%,SLC9A3R1;LMNB2;TMED9;SYNGR2;SERP1;RAB1B;LMAN1;CTDNEP1;REEP4;MYO18A;VPS18;VPS51;LMNB1;TMED1;RAB29;TMEM170A;LEMD2;SURF4;GBF1;NSFL1C;PLEKHF1;ARHGAP21;TMED2;TOR1AIP2;LMNA;ATP8B4;PLEKHJ1;TMED10;GOLPH3
prerank,Organophosphate Ester Transport (GO:0015748),0.41270548868156565,1.1251497784908695,0.2799097065462754,0.6055258569031925,1.0,11/24,24.91%,PLTP;NPC2;SLC25A19;PITPNA;OSBPL8;OSBP;VAPA;SCP2;MTTP;OSBPL2;PCTP
prerank,Smoothened Signaling Pathway (GO:0007224),-0.38893847499341033,-1.1250789537843882,0.27611940298507465,0.7161707579569387,1.0,9/34,21.13%,PTCH1;GLI3;SHH;HES5;TTC26;TTBK2;CC2D2A;IFT27;STK36
prerank,Ribosomal Small Subunit Biogenesis (GO:0042274),0.35532341739227796,1.125066344034544,0.2639821029082774,0.605264419376342,1.0,16/53,22.95%,UTP18;TSR3;UTP20;RRP7A;TBL3;UTP11;NGDN;WDR46;UTP4;PNO1;FBL;NOB1;MPHOSPH10;LSM6;NAT10;DIMT1
prerank,Platelet Aggregation (GO:0070527),0.4025158765612574,1.1247639603738753,0.27802690582959644,0.6054843886408966,1.0,6/31,6.60%,RAP2B;TYRO3;ACTN1;CSRP1;FERMT3;PLEK
prerank,Regulation Of Tissue Remodeling (GO:0034103),0.48572418422644026,1.12442242338523,0.3111111111111111,0.6057424241888842,1.0,3/13,2.04%,DDR2;TGFB1;GPNMB
prerank,Atrial Cardiac Muscle Cell Action Potential (GO:0086014),-0.49891246363008096,-1.1241268903934964,0.3240418118466899,0.718013666276628,1.0,2/12,1.69%,CACNB2;GJC1
prerank,Regulation Of Rho Protein Signal Transduction (GO:0035023),0.34077907233247584,1.123630300320217,0.2585034013605442,0.6069982367816523,1.0,7/69,6.96%,APOE;ARHGDIB;ADGRG1;LPAR1;KCTD13;GPR17;GPR65
prerank,Cdc42 Protein Signal Transduction (GO:0032488),-0.5450059612054268,-1.1231574728797193,0.3202979515828678,0.719889619276705,1.0,3/8,6.83%,RHOJ;RHOBTB1;RHOBTB2
prerank,Negative Regulation Of Leukocyte Cell-Cell Adhesion (GO:1903038),0.43571791391020703,1.1231085456422434,0.3097949886104784,0.6077217243493238,1.0,5/19,9.85%,LAPTM5;GPNMB;PAG1;AKT1;DUSP3
prerank,Pyrimidine-Containing Compound Metabolic Process (GO:0072527),0.5503114306862145,1.1229556018534317,0.3450413223140496,0.6076067576581431,1.0,3/8,12.15%,TYMP;SLC25A19;DCK
prerank,Positive Regulation Of Plasminogen Activation (GO:0010756),0.5900607373183033,1.1229528134305555,0.37299771167048057,0.6071761976841029,1.0,4/6,19.15%,ENO1;MELTF;S100A10;PLGRKT
prerank,Adenylate Cyclase-Inhibiting Serotonin Receptor Signaling Pathway (GO:0007198),-0.631587037793723,-1.1229451092947897,0.36065573770491804,0.7197547291539824,1.0,1/5,1.92%,HTR1F
prerank,Negative Regulation Of Cell Cycle G1/S Phase Transition (GO:1902807),0.39199333105871076,1.1228139729452833,0.30734966592427615,0.6070296284691536,1.0,9/31,10.29%,CCL2;FAM107A;GPNMB;CDKN1A;INHBA;CDC73;ZNF655;CDK2AP2;CRLF3
prerank,Regulation Of Systemic Arterial Blood Pressure (GO:0003073),0.4712859092034052,1.1226911925534793,0.31333333333333335,0.60685634364446,1.0,2/14,5.43%,DDAH1;SLC2A5
prerank,Regulation Of Cell Projection Organization (GO:0031344),0.47890710732604114,1.1225651988614287,0.29772727272727273,0.6066763644799322,1.0,1/13,0.50%,TREM2
prerank,Adenylate Cyclase-Inhibiting G Protein-Coupled Acetylcholine Receptor Signaling Pathway (GO:0007197),-0.626419543200067,-1.1222618832909461,0.3587360594795539,0.7208693222291588,1.0,3/5,31.18%,CHRM2;HRH3;CHRM3
prerank,Positive Regulation Of Homotypic Cell-Cell Adhesion (GO:0034112),0.4707443684484102,1.121649867728468,0.3261802575107296,0.6082599806641114,1.0,3/14,4.56%,PDPN;EMILIN1;EMILIN2
prerank,Ventricular Cardiac Muscle Cell Membrane Repolarization (GO:0099625),0.5938144128081952,1.1211692448225885,0.3588621444201313,0.6088636447885649,1.0,3/6,14.23%,KCNJ5;KCNQ1;KCNJ8
prerank,Positive Regulation Of Defense Response To Bacterium (GO:1900426),0.5315856388262279,1.1211605644326745,0.3536036036036036,0.6084452971781685,1.0,3/8,4.56%,GRN;EMILIN1;EMILIN2
prerank,Negative Regulation Of Microtubule Polymerization Or Depolymerization (GO:0031111),-0.4025501094240039,-1.1211081172860577,0.29464285714285715,0.7234119743365938,1.0,8/29,18.54%,STMN2;CDH5;MAP2;KATNB1;TTBK2;NAV3;CLASP2;DYRK1A
prerank,Membrane Organization (GO:0061024),0.30455782074399174,1.12106534355696,0.21715817694369974,0.6082179577561335,1.0,26/154,8.99%,SLC9A3R1;LMNB2;CORO1C;SNF8;BIN1;SYNGR2;SERP1;CHMP2A;CTDNEP1;REEP4;VTI1B;MVB12A;LMNB1;SNAP23;DBNL;MTCH1;NPC1;MTSS2;TMEM170A;LEMD2;NSFL1C;VPS37D;TOR1AIP2;LMNA;PPT1;CLN3
prerank,Cellular Response To Tumor Necrosis Factor (GO:0071356),0.315490780489151,1.1207375702779565,0.2347417840375587,0.6084856489853739,1.0,17/98,10.74%,PYCARD;CHI3L1;TRADD;CCL2;TMSB4X;CCL20;AKT1;GATA3;TNFRSF1A;CHUK;ERBIN;RELA;CIB1;PTK2B;GSDME;ASAH1;TNFRSF11A
prerank,Sarcoplasmic Reticulum Calcium Ion Transport (GO:0070296),-0.5400032283313612,-1.1205586586768845,0.3302238805970149,0.7241946607441384,1.0,2/9,5.17%,RYR2;RYR3
prerank,Peptide Cross-Linking (GO:0018149),-0.4673873493905335,-1.120357421244518,0.32149532710280376,0.7240236087560686,1.0,5/16,15.68%,DSP;FGFR1;TGM3;EVPL;COL3A1
prerank,Fatty Acid Oxidation (GO:0019395),0.35543925691931877,1.1200477848802124,0.2620192307692308,0.609535965115808,1.0,10/46,17.56%,ADIPOR1;ECHDC1;ACAA1;HADHB;ACOX1;ILVBL;HADHA;HSD17B4;PEX2;ADH4
prerank,"Negative Regulation Of Gene Expression, Epigenetic (GO:0045814)",0.3681998839611725,1.1200009280962688,0.28832951945080093,0.6091848340304995,1.0,9/42,9.13%,LMNB2;SIRT2;USP7;LMNB1;POLE3;SIRT6;PHF19;LMNA;TRIM27
prerank,Angiotensin-Activated Signaling Pathway (GO:0038166),0.5853370822666272,1.1199678278563066,0.3411513859275053,0.6088255755311409,1.0,1/6,1.02%,AHCYL1
prerank,Lipoprotein Localization (GO:0044872),0.48886807778746477,1.1198973536506962,0.33544303797468356,0.6085401344306278,1.0,3/12,12.44%,PPARG;SURF4;PRKCB
prerank,Golgi To Vacuole Transport (GO:0006896),0.4522529791586826,1.1198727199316447,0.3186046511627907,0.6081603059295554,1.0,7/16,15.88%,LAPTM5;LAMP1;VTI1B;CLN3;RBSN;GAK;AP4M1
prerank,Morphogenesis Of An Epithelial Sheet (GO:0002011),-0.5958829259371989,-1.119810799189798,0.3615819209039548,0.7248555872008382,1.0,1/6,2.50%,BMP5
prerank,Positive Regulation Of Reproductive Process (GO:2000243),-0.4305355789501516,-1.1190768257413293,0.3094812164579606,0.7261245625877589,1.0,10/23,21.09%,GLRA1;CACNA1H;PDE3A;SMURF2;TACR1;CFAP69;SYDE1;ANKRD31;RNASE10;AGO2
prerank,Negative Regulation Of Reproductive Process (GO:2000242),0.4786563618532218,1.1189986584577194,0.3220338983050847,0.6096144326609982,1.0,1/13,0.30%,ARHGDIB
prerank,Positive Regulation Of Calcium Ion Import Across Plasma Membrane (GO:1905665),-0.5866559079411943,-1.1187546876579406,0.37777777777777777,0.7262875984601741,1.0,1/6,5.17%,PPP3R1
prerank,Positive Regulation Of Synapse Maturation (GO:0090129),-0.5548623238853813,-1.1187461903026372,0.3386243386243386,0.7255838490397297,1.0,2/8,13.24%,ANAPC2;NEUROD2
prerank,Myelination (GO:0042552),0.3575213903252781,1.1187374194316229,0.2459396751740139,0.6097541497976994,1.0,14/45,14.03%,PLLP;CNTNAP1;MYRF;TPPP;SIRT2;ZNF24;SOX10;B4GALT5;ARHGEF10;PMP22;MAL;SKI;EIF2B2;ACSBG1
prerank,Mitochondrial Fission (GO:0000266),0.47883633170608275,1.118655776380239,0.3274336283185841,0.6095058378743682,1.0,4/13,11.34%,MTFP1;UCP2;FIS1;MIEF1
prerank,UV-damage Excision Repair (GO:0070914),0.5034398180108426,1.1186002605682241,0.3436123348017621,0.6091856970438518,1.0,2/11,6.76%,INO80;DDB1
prerank,Cellular Response To Hydroxyurea (GO:0072711),0.5712811683678207,1.118491558674155,0.37089201877934275,0.6089948184466962,1.0,3/7,21.52%,RTF2;BLM;DDX11
prerank,Folic Acid Transport (GO:0015884),0.5869318858760176,1.118308295731893,0.3690205011389522,0.6089878442713215,1.0,1/6,0.90%,PDPN
prerank,Protein Localization To Endoplasmic Reticulum Exit Site (GO:0070973),0.5786304317907452,1.118197436319846,0.3464052287581699,0.6087828006447557,1.0,2/6,15.88%,GBF1;SEC16A
prerank,Cellular Response To Starvation (GO:0009267),0.30665504085938206,1.117898061373462,0.23357664233576642,0.6090013457256659,1.0,28/112,19.13%,XBP1;PLIN3;CPEB4;CDKN1A;GABARAPL2;SREBF1;GABARAP;TFEB;GAS2L1;FAS;ATF4;RRP8;MAP3K5;BECN1;EHMT2;XPR1;FNIP1;IFI16;ZFYVE1;TP53;WDR45B;EIF2S1;TBL2;INHBB;MTMR3;PICK1;DEPDC5;WDR24
prerank,Regulation Of Glucose Transmembrane Transport (GO:0010827),-0.46772522683161766,-1.1176500227270334,0.2971014492753623,0.7278304923637139,1.0,4/15,6.92%,NR4A3;RTN2;OCLN;C2CD5
prerank,Regulation Of Toll-Like Receptor 9 Signaling Pathway (GO:0034163),0.5448914031382542,1.1170953944212927,0.3294663573085847,0.6102693654774662,1.0,2/8,11.67%,SLC15A4;LILRA4
prerank,Cellular Component Disassembly (GO:0022411),0.38323356010276455,1.1167960187167132,0.2757847533632287,0.6104831226528877,1.0,8/37,13.90%,CAPG;CTSS;ADAM8;MMP14;LCP1;SH3PXD2B;MMP11;ADAMTS5
prerank,Negative Regulation Of Mitotic Metaphase/Anaphase Transition (GO:0045841),-0.41451812649759695,-1.1163744397994448,0.31053604436229204,0.7306136580123587,1.0,5/26,23.08%,ZNF207;ATM;KNTC1;USP44;SPC24
prerank,Positive Regulation Of Multicellular Organismal Process (GO:0051240),-0.2815842846501329,-1.1161212784202705,0.15422077922077923,0.7305727481916515,1.0,58/333,12.22%,FOXC1;PLA2R1;LEF1;EPAS1;NKX6-1;LEPR;ADRA2A;OGT;ALMS1;PTN;TNXB;SHH;BMP4;NELL1;GAS6;SCX;ADCYAP1;ESRRG;FOXD1;SIX1;LCN2;RBM19;BSCL2;IFNG;ACADL;FABP4;BICRAL;OXTR;PPARGC1A;ACVR1;ADRA1D;APLP2;TWIST1;AVPR1A;SMAD4;ACTL6B;MFAP2;TGFB1I1;ABCA7;TAPT1;NPR1;PRKAA1;SMURF2;IL6;GRP;STRA6;NCOA3;NCOA1;CTNNB1;STAT6;BMPR2;TGFBR2;ACHE;SS18;GRB10;GLMN;MMRN2;PPARGC1B
prerank,Peptidyl-Threonine Phosphorylation (GO:0018107),-0.3586066900950171,-1.115871974220509,0.2797074954296161,0.7305475808543143,1.0,17/56,19.69%,ATF2;LMTK2;CDK5R1;ROCK2;CDC42BPA;MAPK8;STK39;ULK1;MYLK2;TGFBR2;GSK3B;TBK1;MARK2;DYRK1A;CDC42BPG;CDK5;TNKS
prerank,Eosinophil Migration (GO:0072677),0.449898908514365,1.1158395093574853,0.3197278911564626,0.6116146475450649,1.0,2/16,1.72%,LGALS3;CCL2
prerank,Eosinophil Chemotaxis (GO:0048245),0.449898908514365,1.1158395093574853,0.3197278911564626,0.6116146475450649,1.0,2/16,1.72%,LGALS3;CCL2
prerank,Steroid Hormone Mediated Signaling Pathway (GO:0043401),-0.515714706298251,-1.1155697273635579,0.3510436432637571,0.7306715118765255,1.0,4/10,25.62%,BMP4;PLPP1;GPER1;CALCOCO1
prerank,Glutathione Biosynthetic Process (GO:0006750),0.5785612963353945,1.1154845872719878,0.36363636363636365,0.6119183589868531,1.0,5/6,31.50%,GCLC;MGST2;HAGH;GCLM;CHAC2
prerank,Positive Regulation Of Chromatin Binding (GO:0035563),0.5285931228736631,1.1153971508142384,0.331002331002331,0.61168666002545,1.0,4/8,21.52%,MED9;HMBOX1;DTX3L;DDX11
prerank,Response To Glucocorticoid (GO:0051384),-0.43164253501782346,-1.1150650058383411,0.32321428571428573,0.7313480248695563,1.0,5/21,9.20%,SSTR2;SLIT2;GOT1;ISL1;IL6
prerank,Sterol Transport (GO:0015918),0.42890121210250615,1.1144794214017277,0.2850467289719626,0.6132142748922591,1.0,7/22,17.24%,MSR1;NPC2;NPC1;CETP;OSBP;VAPA;STARD3NL
prerank,Amyloid Fibril Formation (GO:1990000),-0.4634565529913835,-1.1142919897708856,0.3173431734317343,0.7327349216731074,1.0,3/16,10.79%,SIAH1;RIPK1;GSN
prerank,Protein Insertion Into Mitochondrial Inner Membrane (GO:0045039),0.48794521797671575,1.1141331707016653,0.32666666666666666,0.6134821306449544,1.0,8/12,25.15%,TIMM10;ROMO1;NDUFA13;TIMM13;TRMT10B;TIMM8B;TIMM29;TIMM10B
prerank,Epithelial Cilium Movement Involved In Determination Of Left/Right Asymmetry (GO:0060287),-0.5888784183052647,-1.1141073081449662,0.363302752293578,0.732513135651677,1.0,3/7,23.94%,CCDC39;CCDC40;RFX3
prerank,Regulation Of Fatty Acid Beta-Oxidation (GO:0031998),0.4690195413028966,1.1140670886467676,0.3231441048034934,0.6131970295053842,1.0,3/13,6.82%,IRS2;AKT1;ABCD1
prerank,Regulation Of Secretion By Cell (GO:1903530),-0.3513522346786867,-1.1139476595514988,0.26666666666666666,0.7322491348137353,1.0,18/59,18.17%,RAB3D;RIMS1;OTOF;CPLX1;SYT1;RAB3A;RAB3C;SEPTIN5;SNCAIP;FMR1;RIMS2;SYN1;SCG5;MCTP1;NSF;MCTP2;CPLX2;STXBP5L
prerank,Phospholipid Homeostasis (GO:0055091),0.5224785327439025,1.113923591250016,0.34451901565995524,0.6130416569107516,1.0,2/9,10.32%,ABCG1;CETP
prerank,Macromolecule Modification (GO:0043412),0.3289973609619267,1.1138261765433624,0.25874125874125875,0.6128346394371615,1.0,18/77,16.11%,SERP1;UBE2I;PIGH;PLOD2;PPP4R2;ST3GAL6;UBE2L6;ADPRH;PARP1;NAGPA;MAN2B1;RPN2;ST6GAL1;MANBA;FBXO2;LOXL2;UBE2D2;UBA52
prerank,Lymphocyte Apoptotic Process (GO:0070227),-0.5838888985338087,-1.1136943315783805,0.3634686346863469,0.7322388545206314,1.0,3/6,14.59%,RIPK1;LMBR1L;TNFRSF21
prerank,Negative Regulation Of Double-Strand Break Repair Via Nonhomologous End Joining (GO:2001033),0.5694124100357525,1.1136139135261087,0.36043956043956044,0.6128658103382756,1.0,4/6,28.14%,NUDT16L1;CYREN;TFIP11;HSF1
prerank,Negative Regulation Of Myotube Differentiation (GO:0010832),0.5211784910430877,1.113367393980782,0.3393258426966292,0.6129487283110434,1.0,3/9,5.26%,XBP1;TMEM119;BHLHE41
prerank,Regulation Of Exit From Mitosis (GO:0007096),0.4790396964260318,1.1130058837426602,0.319910514541387,0.6132860600431422,1.0,4/13,6.93%,PPP1R9B;SIRT2;PHB2;CDC23
prerank,"Regulation Of Retrograde Protein Transport, ER To Cytosol (GO:1904152)",0.4855562494292899,1.1129496147119564,0.31868131868131866,0.6129649948636325,1.0,4/12,19.82%,DERL2;UBE2G2;EDEM2;UBAC2
prerank,Negative Regulation Of Protein Autophosphorylation (GO:0031953),-0.5442677393180722,-1.1124182684673631,0.34990791896869244,0.7350503587291504,1.0,3/9,17.72%,ERRFI1;ENG;CAV1
prerank,Intracellular Monoatomic Cation Homeostasis (GO:0030003),-0.30700224278216964,-1.112340255926063,0.21166666666666667,0.7345401182225709,1.0,30/157,14.07%,BMP6;CDH5;RYR2;EDN3;SCARA5;PLN;CALCB;SLC39A12;SLC30A10;STIM2;CYBRD1;HTR2A;ELANE;SMAD4;PTH1R;SLC8A2;SLC24A3;CCL14;CASQ2;ATP1A2;CXCL12;DRD5;ATP1B3;ATP2A3;EDNRA;ARF1;ATP1A3;APP;SLC39A10;GLRX3
prerank,Regulation Of Mitochondrial Membrane Permeability (GO:0046902),0.4571535695760628,1.112295412363831,0.32532751091703055,0.6139008414401422,1.0,4/15,20.82%,BCL2L1;BAK1;BCL2;BAD
prerank,Skeletal Myofibril Assembly (GO:0014866),-0.5671150764603741,-1.1121513895083583,0.3314814814814815,0.7343593163163342,1.0,3/7,16.72%,MYH11;ACTC1;CFLAR
prerank,Modulation By Symbiont Of Entry Into Host (GO:0052372),-0.44671471574828814,-1.1115968305667352,0.3061594202898551,0.7352219812653535,1.0,3/17,6.69%,TRIM58;CXCL8;TRIM38
prerank,Cardiac Epithelial To Mesenchymal Transition (GO:0060317),-0.4350997866076358,-1.1114678178601949,0.3246753246753247,0.734844352498513,1.0,10/19,24.30%,BMP4;HEYL;TGFBR3;ENG;BMP2;OLFM1;RBPJ;FGF8;TBX3;SPRY1
prerank,Positive Regulation Of Tau-Protein Kinase Activity (GO:1902949),-0.6366263751930332,-1.1114051742244297,0.37117117117117115,0.7343053554274842,1.0,2/5,19.13%,EGR1;HSP90AA1
prerank,Regulation Of Guanylate Cyclase Activity (GO:0031282),-0.6182497456719953,-1.1113705686824389,0.3613138686131387,0.7336770788410107,1.0,4/5,38.06%,NOS2;NOS3;GUCA1B;NOS1
prerank,Epithelium Development (GO:0060429),0.30956915129409146,1.1107331784055725,0.2169811320754717,0.6168614009582013,1.0,15/113,8.24%,TAGLN2;SLC9A3R1;TNC;TPP1;CTSB;CNN3;LGALS3;TGFB1;PPARG;DNPH1;SOX10;ANXA7;HNRNPH3;PROX1;SOX8
prerank,Positive Regulation Of Dendrite Development (GO:1900006),-0.5187944753283632,-1.1107281662863757,0.34065934065934067,0.7347175303667519,1.0,5/10,21.02%,PTN;BMP5;LRP8;KHDC3L;PACSIN1
prerank,Leucine Metabolic Process (GO:0006551),0.575254433654458,1.1105477995761386,0.3611111111111111,0.6168600029501767,1.0,3/6,22.10%,MCCC2;IVD;MCCC1
prerank,Peptidyl-Methionine Modification (GO:0018206),-0.49832668659362483,-1.1103813543566465,0.3378119001919386,0.7349469753011773,1.0,9/12,33.68%,NAA25;NAA35;PFDN1;NAA15;NAA20;NAA16;LSM8;METAP1D;NAA30
prerank,"Regulation Of CD4-positive, Alpha-Beta T Cell Proliferation (GO:2000561)",0.5592010444349117,1.1103295250059233,0.36080178173719374,0.6168645251228919,1.0,1/7,0.44%,LGALS9
prerank,Positive Regulation Of Smooth Muscle Contraction (GO:0045987),-0.5330870944089153,-1.110084386186539,0.3446327683615819,0.7350502007509078,1.0,6/9,31.92%,PROK2;SPX;NMU;GPER1;MYOCD;TACR2
prerank,Response To Leucine (GO:0043201),-0.5381141173246641,-1.1095086839863908,0.3646833013435701,0.7351685848233167,1.0,3/8,11.62%,UBR2;RPTOR;SESN1
prerank,Cellular Response To Leucine (GO:0071233),-0.5381141173246641,-1.1095086839863908,0.3646833013435701,0.7351685848233167,1.0,3/8,11.62%,UBR2;RPTOR;SESN1
prerank,Modification-Dependent Protein Catabolic Process (GO:0019941),0.28678015820464137,1.1091867441327095,0.19347319347319347,0.6189499496745584,1.0,36/179,17.71%,ANAPC11;PSMD9;XBP1;TNFSF13B;UBE2I;NDFIP1;BAG6;RNF185;RNF126;UBE2L6;DDB1;CDC23;RNF34;RNF19A;KLHL8;RNF146;TTC3;CBL;KEAP1;UBE2G2;HERC4;PSMD14;RNF167;WDR91;HERC3;RNF6;RNF166;ELOC;UBE2E1;RNF215;RNF114;UBE2D2;UBA52;SPSB1;UHRF1;FBXL7
prerank,Lipid Modification (GO:0030258),0.38346645024928094,1.109172946592603,0.28735632183908044,0.6185435281626821,1.0,5/34,7.66%,PLA2G7;SGPP1;ALOX5;PLPP4;ALOX15B
prerank,Positive Regulation Of Protein Sumoylation (GO:0033235),-0.5275850993145683,-1.10904560347083,0.3592592592592593,0.7357502622190979,1.0,3/9,15.93%,PIAS1;HDAC4;PIAS3
prerank,Modulation By Host Of Symbiont Process (GO:0051851),-0.38964039357643154,-1.1086598851116352,0.3114754098360656,0.7361392471912577,1.0,7/35,14.25%,LEF1;PI4KA;ROCK2;CCL4;CHD1;SMARCA4;JUN
prerank,Positive Regulation Of Mitochondrial Fission (GO:0090141),-0.4573600811154741,-1.1086494101258608,0.348294434470377,0.7354591570397938,1.0,5/16,12.60%,DCN;KDR;MCU;DDHD1;DNM1L
prerank,Negative Regulation Of Regulated Secretory Pathway (GO:1903306),-0.5960706048787268,-1.1084794747464242,0.3702290076335878,0.7351813227757812,1.0,3/6,16.23%,SYT4;FMR1;STXBP3
prerank,Negative Regulation Of Cell Migration (GO:0030336),-0.30353471308927094,-1.1084050120885638,0.2314487632508834,0.7346670815043178,1.0,42/153,16.74%,PHLDB2;THY1;PTPRU;TPM1;PODN;OGT;SHH;PTPRG;CDH11;JAG1;TMEFF2;ZMYND8;KRT16;SFRP1;SLIT2;SIN3B;ADARB1;CLDN5;RECK;SCAI;MAGI2;MARVELD3;NF1;DACH1;PIP5KL1;CYP1B1;WNT11;SFRP2;ENG;EVL;MMRN2;IGFBP3;NDRG4;ARID4B;COL3A1;TET1;MCTP1;NAV3;ADIPOQ;ITGB1BP1;CLASP2;ROBO1
prerank,Positive Regulation Of Cyclin-Dependent Protein Serine/Threonine Kinase Activity (GO:0045737),0.4634251503144801,1.1082629819065097,0.3185011709601874,0.6200309047592212,1.0,5/14,9.00%,AKT1;CCND2;PSRC1;PROX1;PSMD10
prerank,Negative Regulation Of NLRP3 Inflammasome Complex Assembly (GO:1900226),0.49724956009931315,1.1080758698882922,0.3438202247191011,0.619985983544348,1.0,1/10,0.50%,TREM2
prerank,Vesicle Docking (GO:0048278),0.4232458845973649,1.1078705047398725,0.31497797356828194,0.6200110531031275,1.0,5/19,8.99%,STX12;STX6;STX4;STX10;CLN3
prerank,Progesterone Receptor Signaling Pathway (GO:0050847),-0.5262105276874312,-1.1078159300276873,0.3534971644612476,0.7355588315648945,1.0,3/9,15.94%,PGR;UBE3A;YAP1
prerank,Glycerolipid Catabolic Process (GO:0046503),-0.48064337741062146,-1.1077514300621323,0.32136105860113423,0.7350403929870466,1.0,5/14,21.07%,ENPP6;PLA2G4A;PLA2G4B;GPCPD1;GDPD3
prerank,Regulation Of Receptor Signaling Pathway Via STAT (GO:1904892),0.455451307768645,1.107691788113592,0.3291139240506329,0.6199569473970026,1.0,2/15,2.53%,TGFB1;PPARG
prerank,Positive Regulation Of Release Of Cytochrome C From Mitochondria (GO:0090200),0.4188605331181634,1.107670371686136,0.3288888888888889,0.619572274495617,1.0,7/24,14.04%,PYCARD;BAX;BID;BBC3;BMF;BAK1;TP53
prerank,Positive Regulation Of calcineurin-NFAT Signaling Cascade (GO:0070886),-0.44208913112439274,-1.1076211884083134,0.3302238805970149,0.733958345891958,1.0,4/17,10.76%,PTBP1;STIMATE;PPP3R1;LMCD1
prerank,Positive Regulation Of Calcineurin-Mediated Signaling (GO:0106058),-0.44208913112439274,-1.1076211884083134,0.3302238805970149,0.733958345891958,1.0,4/17,10.76%,PTBP1;STIMATE;PPP3R1;LMCD1
prerank,Heart Trabecula Morphogenesis (GO:0061384),-0.4559881113341967,-1.1071349097852428,0.3295668549905838,0.7345361457755709,1.0,8/16,23.24%,NRG1;BMP5;TGFBR3;ENG;TEK;RBPJ;S1PR1;NOG
prerank,Regulation Of Toll-Like Receptor 3 Signaling Pathway (GO:0034139),0.5348591054643911,1.107096430619492,0.35406698564593303,0.6203096897227124,1.0,4/8,30.56%,FLOT2;WDFY1;TRIM3;FLOT1
prerank,Regulation Of Chromosome Organization (GO:0033044),0.3629715864942889,1.1069962593272227,0.2984749455337691,0.6200832567404408,1.0,9/41,15.35%,YY1;TFPT;INO80;NSMCE4A;CENPV;NSMCE1;ACTR8;TERF2IP;RUVBL1
prerank,Mitochondrial Genome Maintenance (GO:0000002),0.4893223132803538,1.1068510849406659,0.31868131868131866,0.6199671231082423,1.0,3/11,8.05%,MPV17;TYMP;PARP1
prerank,tRNA Transcription (GO:0009304),0.533547163252683,1.106788729536052,0.3449074074074074,0.619653988896155,1.0,4/8,22.62%,POLR2L;GTF3C5;POLR2F;GTF3C4
prerank,Regulation Of Mitotic Spindle Organization (GO:0060236),-0.38398339001795906,-1.1067489461149744,0.29236499068901306,0.7348732504119491,1.0,6/37,9.37%,CHMP1B;CENPJ;MAP9;PDCD6IP;HSPA1A;FSD1
prerank,Homophilic Cell Adhesion Via Plasma Membrane Adhesion Molecules (GO:0007156),-0.36179970805481765,-1.1063990107540658,0.29684601113172543,0.7351272541830397,1.0,14/54,17.93%,HMCN1;TRO;ESAM;CDH13;PTK7;MYOT;TENM3;CNTN4;DSG2;CADM3;ROBO1;PTPRM;PECAM1;ROBO4
prerank,Catecholamine Biosynthetic Process (GO:0042423),0.5368618120952066,1.1060000759869721,0.3333333333333333,0.6209292287010209,1.0,3/7,8.63%,TGFB2;GATA3;SNCA
prerank,Positive Regulation Of Protein Localization (GO:1903829),0.31895245526508725,1.1054085141367733,0.2723112128146453,0.6217435696138734,1.0,11/83,9.54%,TYROBP;TREM2;TGFB1;GPR137B;LIMK2;NLGN2;AKT1;LAMTOR5;SIRT6;STX4;RANGRF
prerank,Response To Misfolded Protein (GO:0051788),0.5540812833004964,1.1052781960167959,0.36877828054298645,0.621591441489551,1.0,1/7,3.86%,CLU
prerank,Cell-Matrix Adhesion (GO:0007160),0.3103377006360055,1.105249519309394,0.23515981735159816,0.6212127898545622,1.0,13/101,6.99%,CD44;DDR1;PARVG;CD63;ITGB2;ITGB4;ITGAX;MADCAM1;SIGLEC1;EMILIN1;FERMT3;ZYX;ITGB5
prerank,Cellular Response To Amino Acid Stimulus (GO:0071230),0.38632742474527954,1.10505093422185,0.28104575163398693,0.6212167515114742,1.0,6/32,8.73%,XBP1;CPEB4;LAMTOR4;STAMBPL1;LAMTOR5;LAMTOR2
prerank,Cellular Response To Osmotic Stress (GO:0071470),0.4024016298320979,1.105038839262384,0.3053097345132743,0.6208163258586974,1.0,5/25,11.11%,PYCARD;RCSD1;MYLK;SERPINB6;NLRP3
prerank,Positive Regulation Of Toll-Like Receptor 2 Signaling Pathway (GO:0034137),0.5946457419243957,1.1049311159099908,0.4028056112224449,0.6206076517267731,1.0,4/5,37.83%,TLR1;MFHAS1;PJA2;F2RL1
prerank,Sensory Perception Of Pain (GO:0019233),-0.44797330971678856,-1.1047733207356736,0.32532347504621073,0.7388964339072066,1.0,8/17,20.82%,PROK2;CHRNB2;KCNK4;SCN9A;CHRNA4;OPRK1;PTGES;KCNA2
prerank,Regulation Of Nuclear Division (GO:0051783),0.43591740993495354,1.1044918143079143,0.3471615720524017,0.6210700783699233,1.0,7/17,27.27%,RCC1;CCDC8;CUL9;OBSL1;DAPK3;PKMYT1;PDXP
prerank,Positive Regulation Of Cell Activation (GO:0050867),0.5032181801683633,1.1044494365569246,0.3524416135881104,0.6207372862073871,1.0,3/11,6.60%,LILRA2;TTBK1;PLEK
prerank,Glycosphingolipid Biosynthetic Process (GO:0006688),-0.4511369407530238,-1.1035745813294988,0.31679389312977096,0.741379221641399,1.0,8/17,18.27%,ST6GALNAC5;B4GALT6;B4GALT4;ST6GALNAC3;B4GALNT1;ST8SIA6;FUT9;ST8SIA3
prerank,Peptidyl-Serine Modification (GO:0018209),-0.3013487323287936,-1.103506945157663,0.2513181019332162,0.7408551881102065,1.0,44/161,19.69%,MARK1;MAP3K12;MAST2;GAS6;MAST4;LMTK2;SRPK1;CDK5R1;MAST1;ROCK2;STK38;MARK3;LATS2;ATR;PKN3;MAPK8;POGLUT3;ATM;CAMK4;STK39;CAMK1D;ULK1;LATS1;CSNK1G1;TGFBR2;MASTL;TTBK2;RICTOR;BRSK1;MYO3B;CSNK1G3;TOP1;GSK3B;CSNK1A1;TBK1;PRKCQ;MARK2;CAB39;MAPK9;UHMK1;DYRK1A;PRKCE;CDK5;TNKS
prerank,Melanosome Localization (GO:0032400),0.4464241927737277,1.103009546337289,0.34660421545667447,0.6233261182325196,1.0,6/18,18.15%,RAB27A;BLOC1S6;MREG;VPS33A;BLOC1S3;RAB11B
prerank,Phosphatidic Acid Biosynthetic Process (GO:0006654),-0.40050730752128566,-1.102952164405025,0.3140350877192982,0.7416774455993066,1.0,11/28,22.91%,AGPAT4;PLD1;GPAT3;DGKB;LIPC;PNPLA3;DGKE;ACP6;DGKH;LCLAT1;MBOAT2
prerank,Somatic Hypermutation Of Immunoglobulin Genes (GO:0016446),0.5468278312616633,1.1028745245643805,0.37037037037037035,0.6231895573524052,1.0,3/7,16.03%,SAMHD1;MSH6;POLL
prerank,Regulation Of Lipid Kinase Activity (GO:0043550),-0.5070231251528647,-1.102485315578575,0.3535714285714286,0.7422184945832495,1.0,2/11,5.28%,EEF1A2;RBL1
prerank,Phospholipase C-activating G Protein-Coupled Receptor Signaling Pathway (GO:0007200),-0.33684487978732025,-1.1023061946431845,0.292817679558011,0.7419999985203414,1.0,22/74,18.74%,ADRA2A;CALCA;PLCE1;CHRM2;ADRA1D;ADRA1B;HTR2A;PTH1R;ANO1;CHRM1;F2RL2;DRD5;LHCGR;HOMER1;TACR1;PTGER3;GPR20;AGTR1;GPR83;OPRK1;LPAR6;CMKLR1
prerank,Regulation Of Glucose Metabolic Process (GO:0010906),0.4039015876634692,1.1022544320595113,0.31839622641509435,0.6241015553619874,1.0,5/28,9.37%,ADIPOR1;IRS2;FBP1;AKT1;SLC45A3
prerank,Regulation Of Protein-Containing Complex Disassembly (GO:0043244),-0.457052804063873,-1.102239239163461,0.3333333333333333,0.7414885063367352,1.0,6/16,14.98%,INSR;MTRF1;CLEC16A;ATG5;IRAK3;IGF1R
prerank,Centromere Complex Assembly (GO:0034508),0.45731344185043427,1.101707101009466,0.3442982456140351,0.6248210582220629,1.0,2/14,6.38%,CENPV;NPC1
prerank,Receptor-Mediated Virion Attachment To Host Cell (GO:0046813),-0.5792368285718945,-1.1016887327518006,0.3844731977818854,0.7422164595514502,1.0,2/6,8.65%,GAS6;DPP4
prerank,Late Nucleophagy (GO:0044805),-0.5913825327586658,-1.1016476134797344,0.35452793834296725,0.741608118190695,1.0,2/6,9.80%,ATG2B;ULK1
prerank,Regulation Of Cell Growth (GO:0001558),0.28243219964737964,1.1009010290371588,0.18544600938967137,0.6260663556051049,1.0,33/202,10.38%,TNC;CDKN2A;USP47;DNAJB2;FAM107A;TGFB1;PPP1R9B;PTPRJ;CDKN1A;TGFB2;ENO1;DNPH1;INO80;INHBA;AGT;FBP1;AKT1;EXOSC4;MMP14;CXCL16;RAB33B;PSRC1;DERL2;CIB1;MELTF;LAMTOR2;PPT1;PSMD10;TGFBR1;NDUFA13;NME6;CRLF3;ING1
prerank,Antigen Receptor-Mediated Signaling Pathway (GO:0050851),0.3075953755417225,1.1008428989197034,0.24757281553398058,0.6257572376026894,1.0,34/110,19.98%,SYK;RFTN1;PTPRJ;FYB1;IGHA1;NCKAP1L;LCP2;CD38;FCHO1;LAT2;GATA3;CD276;BTK;TRBC2;MOG;MAP3K7;BCL10;MEF2C;THEMIS2;PRKCB;EIF2B2;GNAO1;PRAM1;RNF31;RBCK1;WNK1;BCL2;FYN;SH2B2;BTN3A3;CSK;BCAR1;ERMAP;PTPRC
prerank,Positive Regulation Of T Cell Mediated Cytotoxicity (GO:0001916),0.45204882045374223,1.100767206536951,0.33114035087719296,0.6254916920613318,1.0,5/14,19.62%,FADD;IL12RB1;MICA;NECTIN2;CD1D
prerank,"Neurotransmitter Receptor Transport, Endosome To Plasma Membrane (GO:0099639)",-0.5863354957218503,-1.1005961241458992,0.381651376146789,0.7430311244696334,1.0,4/6,35.81%,GRIP2;LRRC7;NCOA2;GRIPAP1
prerank,"Neurotransmitter Receptor Transport, Endosome To Postsynaptic Membrane (GO:0098887)",-0.5863354957218503,-1.1005961241458992,0.381651376146789,0.7430311244696334,1.0,4/6,35.81%,GRIP2;LRRC7;NCOA2;GRIPAP1
prerank,Protein Glycosylation (GO:0006486),0.3022144288618068,1.100541988256427,0.255079006772009,0.6255299912190027,1.0,33/131,17.24%,MAN1C1;ST8SIA1;GFPT2;SERP1;GALNT3;GALNT2;PLOD2;MGAT1;PMM1;FUT4;ALG11;ST3GAL6;NPC1;B3GNT5;MGAT2;B4GALT5;RPN2;ALG3;PLOD3;PGM3;DAD1;ALG5;MOGS;B3GALT4;TET3;ST6GALNAC2;DPM3;KRTCAP2;B3GNT7;STT3A;FKTN;SLC39A8;ENTPD5
prerank,Positive Regulation Of Actin Filament Depolymerization (GO:0030836),0.5500298417342397,1.1004019455600809,0.363013698630137,0.6254290314353884,1.0,2/7,6.60%,SEMA5A;PLEK
prerank,Endodermal Cell Fate Commitment (GO:0001711),0.555421454426758,1.0996568704661482,0.3569937369519833,0.6265619896461029,1.0,5/7,26.30%,LEO1;RTF1;PEX2;SOX17;SOX2
prerank,Endosomal Transport (GO:0016197),0.2924771601933985,1.099512941597711,0.20153061224489796,0.626418259098719,1.0,33/164,13.95%,RAB7A;RAB13;HEATR5A;RCSD1;CORO1C;SNF8;CHMP2A;STX12;EHD4;STX6;BLOC1S1;BAIAP3;VPS51;VTI1B;RGP1;RAB29;RNF126;ARF6;GBF1;TBC1D10C;RHOBTB3;STX10;SNX12;TRIM27;PLEKHJ1;SNX17;TBC1D10B;RBSN;RAB14;DENND2A;HGS;SNX1;VAMP3
prerank,Positive Regulation Of Epithelial Cell Migration (GO:0010634),-0.32384833330501395,-1.0991423505762217,0.26773049645390073,0.7463386967040885,1.0,14/92,6.54%,FOXC2;FGF10;FOXP1;KDR;BMP4;NELL1;BCAS3;PLCG1;NELL2;IFNG;ROCK2;PLPP3;FLT4;DOCK1
prerank,Central Nervous System Development (GO:0007417),-0.2854521219230748,-1.098624477681155,0.2181208053691275,0.7470419841002307,1.0,77/253,21.77%,EPHA7;ZIC1;MNX1;ADGRL2;EMX2;NR4A2;PTCH1;SHH;ZIC2;NPTX1;PPP1R17;CDK5R1;JARID2;MAST1;NFIB;ADAM23;EML1;SYNJ1;HES5;VPS13B;GBA2;APLP2;AMIGO1;ADGRA2;GRIN1;AFF2;NF1;ZIC4;UBE3A;ZIC5;LSR;SH3GL3;CCL14;SYNJ2;NCKAP1;GSN;WWP1;HSPG2;MDGA1;NNAT;TGFBR2;SNTG2;TAGLN3;FLNB;APP;CNTN4;NDRG4;PBX4;NPAS2;NIPBL;GLIS2;CDK5R2;MEIS1;HESX1;RTN1;AHI1;DLL1;NHLH1;PHF8;GRIN2B;GRIN2D;ALDH3A2;GRIK1;KDM4B;POU6F2;CDK5;PKD2;VIT;SH3GL2;CNTN5;TUBGCP2;ZFHX2;MEIS2;ZIC3;CNTNAP2;NOTO;ZFHX3
prerank,Regulation Of Sprouting Angiogenesis (GO:1903670),-0.39930522298108784,-1.098220640270767,0.32162661737523107,0.7474422037468577,1.0,5/30,4.12%,KLF2;RHOJ;KLF4;FGF18;TJP1
prerank,Positive Regulation Of Vascular Endothelial Growth Factor Production (GO:0010575),-0.4420285094325388,-1.0981037662591773,0.34363636363636363,0.7470935704973265,1.0,6/18,9.26%,PTGS2;FLT4;ISL1;SULF2;IL6;CYP1B1
prerank,Regulation Of Extrinsic Apoptotic Signaling Pathway In Absence Of Ligand (GO:2001239),-0.41490136181636883,-1.0978753298110366,0.32972972972972975,0.7470286265349412,1.0,8/24,13.83%,PPP2R1B;EYA1;RET;HSPA1A;FGFR1;EYA2;EYA4;PF4
prerank,Phosphatidylserine Acyl-Chain Remodeling (GO:0036150),-0.5858285037881285,-1.0978733001667267,0.34766355140186916,0.7463273957783695,1.0,4/6,23.48%,OSBPL10;PLA1A;MBOAT2;MBOAT1
prerank,Regulation Of Protein Modification Process (GO:0031399),0.36236422013920044,1.0977977360136348,0.2937062937062937,0.62966999333339,1.0,16/42,20.68%,CORO1C;LYN;CADM4;PTK2;STAT2;FN1;FNIP2;NDUFS4;FNIP1;RABL3;SOCS1;PPP1R16B;FKTN;CCAR2;PLXNB2;NOP53
prerank,Response To Angiotensin (GO:1990776),-0.6044630278161199,-1.097783040285279,0.3688073394495413,0.7458596235281446,1.0,2/5,4.67%,SLC30A10;ROCK2
prerank,Neutrophil Mediated Immunity (GO:0002446),0.47637881164162754,1.0973994814326902,0.3333333333333333,0.630021784571638,1.0,2/12,7.04%,STXBP2;VAMP8
prerank,Response To Progesterone (GO:0032570),0.48483028981292386,1.0972299234086784,0.35205183585313177,0.6299569052165706,1.0,3/11,9.87%,TGFB1;TGFB2;WBP2
prerank,Cellular Respiration (GO:0045333),0.3201383374312384,1.0972024193353016,0.3028169014084507,0.6295793616040952,1.0,30/81,22.84%,BLOC1S1;NDUFS6;COX7C;NDUFA1;COX7A2;UQCR11;NDUFS5;SDHA;NDUFA13;NDUFA3;NDUFB6;NDUFB11;NDUFA11;COX8A;CHCHD5;NDUFS4;NDUFS7;NDUFB5;NDUFA2;ETFB;UQCRB;NDUFC2;NDUFA9;NDUFB7;COX5B;COX4I1;NDUFC1;MTFR1;UQCR10;NDUFAB1
prerank,BMP Signaling Pathway (GO:0030509),-0.36791315742336156,-1.0971953615083787,0.2982456140350877,0.7467118914326234,1.0,16/48,16.78%,BMP6;BMP4;SCX;TGFBR3;LEFTY2;SMAD4;TMEM100;GDF9;BMP3;BMPR2;ENG;GDF5;DLX5;SMAD6;BMP2;SMAD5
prerank,Endosomal Lumen Acidification (GO:0048388),0.4776311364768726,1.0968602547729125,0.35320088300220753,0.6298760666211835,1.0,2/11,9.41%,ATP6V1F;CLCN3
prerank,Energy Derivation By Oxidation Of Organic Compounds (GO:0015980),-0.3731992584869632,-1.0968491827611495,0.32287822878228783,0.7469318697990796,1.0,6/39,9.17%,MRAP2;LEPR;NR4A3;ADGRF5;PPARGC1A;UQCRQ
prerank,Positive Regulation Of Wnt Signaling Pathway (GO:0030177),-0.31775040794668863,-1.0966360214153157,0.2624356775300172,0.7468124576483091,1.0,29/104,19.85%,FGF10;CAPRIN2;SFRP1;EGFR;GPC5;LYPD6;PTK7;SFRP4;SULF2;TBL1XR1;SMURF2;SFRP2;CSNK1G1;LGR6;RSPO3;DKK2;SMARCA4;CSNK1G3;COL1A1;BMP2;NRARP;JUP;CAV1;PIN1;GPC3;DACT1;RSPO2;TNKS;ATP6V1C2
prerank,Negative Regulation Of Ubiquitin-Protein Transferase Activity (GO:0051444),-0.4827729330029409,-1.0965846594449702,0.3345656192236599,0.7462597584862818,1.0,3/12,16.96%,BAG2;LIMK1;USP44
prerank,Positive Regulation Of Protein Phosphorylation (GO:0001934),-0.2764224385129206,-1.0965739939222472,0.19476268412438624,0.7455851383787627,1.0,50/337,11.43%,CEMIP;BMP6;NTRK3;LEPR;PDGFD;RBPMS;FGF10;CAPRIN2;TNXB;KDR;MAP3K12;BMP4;NELL1;GAS6;BMP5;ADCYAP1;EFNA5;MOB2;RIPK1;AKAP9;FGF17;FGF18;EGFR;NGF;ROCK2;ACVR1;CAMKK1;FLT4;INSR;LEFTY2;SMAD4;NEK10;AZU1;IL6R;FGF9;RPTOR;IL6;KNDC1;MARCO;SFRP2;ARAF;FMR1;LATS1;GDF9;BMP3;ANGPT1;ORC3;BMPR2;TGFBR2;ENG
prerank,Negative Regulation Of Response To Cytokine Stimulus (GO:0060761),-0.5271084570121587,-1.0964217141523707,0.38825757575757575,0.7452998835013044,1.0,6/9,30.21%,KLF4;TLE5;IRAK3;MAP2K5;PALM3;SH2B3
prerank,tRNA Aminoacylation For Protein Translation (GO:0006418),-0.4527133070971835,-1.0963085143531905,0.33081285444234404,0.7449096322180865,1.0,5/17,24.47%,FARS2;FARSB;RARS2;IARS2;WARS2
prerank,Amide Biosynthetic Process (GO:0043604),-0.3736181130076413,-1.0962021547585175,0.30755711775043937,0.7445224560713576,1.0,15/43,24.89%,DMD;ASS1;TLCD3B;SGMS2;NAGS;SGMS1;SPTLC3;PM20D1;SPTSSB;OTC;CERS3;DEGS2;ASAH2;CPS1;ABCA8
prerank,Regulation Of Notch Signaling Pathway (GO:0008593),-0.3437243785869311,-1.0959019281052362,0.3048128342245989,0.7446431707281097,1.0,16/63,18.20%,CD46;CCN3;TP63;JAG1;GALNT11;EGFL7;TSPAN5;JAG2;DTX1;YAP1;NRARP;GATA2;TCIM;ITGB1BP1;DLL1;METTL3
prerank,Regulation Of Vascular Endothelial Growth Factor Production (GO:0010574),-0.43765486087170125,-1.0958501923049209,0.3381294964028777,0.7440862535044428,1.0,6/19,9.26%,PTGS2;FLT4;ISL1;SULF2;IL6;CYP1B1
prerank,Autophagy Of Mitochondrion (GO:0000422),-0.3705546673917641,-1.0957394879067532,0.2925531914893617,0.7436666672025857,1.0,15/42,21.22%,OGT;FBXL4;CTSK;LRBA;ATG2B;ATG4B;FUNDC1;WDR45;SPATA33;ATG5;SPATA18;MARK2;MAP1LC3C;MAP1LC3A;WIPI1
prerank,protein-DNA Complex Assembly (GO:0065004),0.3688602065104478,1.0955386611827298,0.2984054669703872,0.6323495798241142,1.0,7/37,15.53%,SSRP1;POLE3;CENPV;CABIN1;SART3;HIRA;RSF1
prerank,Mitophagy (GO:0000423),-0.4647429298272142,-1.0953619553410285,0.3450834879406308,0.7439854720584453,1.0,4/14,10.33%,OGT;LRBA;ATG4B;SPATA33
prerank,Response To Insulin (GO:0032868),0.3288574153950576,1.095329111885244,0.28699551569506726,0.6323639921809545,1.0,18/70,18.21%,RAB13;XBP1;IRS2;PPARG;SLC39A14;PCK2;TRIB3;AKT1;PARP1;ZBTB7B;GCK;USF1;CITED1;SLC27A1;SORBS1;SLC2A1;INHBB;RAB8A
prerank,Late Endosome To Vacuole Transport Via Multivesicular Body Sorting Pathway (GO:0032511),0.4036837420429147,1.0948018789883016,0.31542056074766356,0.6330301635381272,1.0,7/24,16.67%,SNF8;MVB12A;VPS37D;TMEM50A;HGS;VPS37C;CHMP7
prerank,Positive Regulation Of Leukocyte Migration (GO:0002687),-0.3963151534053567,-1.094772002468096,0.3409893992932862,0.7448999012370063,1.0,7/29,9.20%,THY1;EDN3;PTN;LYVE1;IL6R;TNFSF18;IL6
prerank,Piecemeal Microautophagy Of The Nucleus (GO:0034727),-0.5243080378770819,-1.09428776434985,0.3712686567164179,0.7454833397508414,1.0,2/9,9.80%,ATG2B;ULK1
prerank,Intracellular Steroid Hormone Receptor Signaling Pathway (GO:0030518),-0.3790462796787138,-1.0941360781426035,0.31261101243339257,0.7452060036146353,1.0,7/36,12.37%,RBFOX2;PGR;TMF1;UBE3A;PMEPA1;PPARGC1B;PLPP1
prerank,Fat-Soluble Vitamin Metabolic Process (GO:0006775),0.42222535503797193,1.093882470046796,0.34953703703703703,0.6345186399724451,1.0,7/19,22.76%,VKORC1;LGMN;UBIAD1;CYP11A1;CBR1;VKORC1L1;CYP4F12
prerank,Myelin Maintenance (GO:0043217),0.5155942437909338,1.093476769484138,0.35429769392033544,0.6349564308732685,1.0,2/9,3.86%,MYRF;CLU
prerank,"Nuclear-Transcribed mRNA Catabolic Process, Nonsense-Mediated Decay (GO:0000184)",0.4023118007561001,1.0934218391942088,0.32673267326732675,0.6346290219441046,1.0,10/25,27.13%,NCBP2;RBM8A;PNRC2;SMG9;EIF4A3;DHX34;SMG7;MAGOH;MAGOHB;PYM1
prerank,Diol Biosynthetic Process (GO:0034312),0.44928644158775,1.093052919390394,0.33052631578947367,0.6349939190067797,1.0,6/14,19.97%,SPTSSA;ASAH1;SPTLC2;DHFR;QDPR;SPHK1
prerank,Neural Crest Cell Development (GO:0014032),-0.3716665975477745,-1.0928330840461153,0.3352059925093633,0.7480306331311947,1.0,8/43,8.29%,SHH;NELL1;NRG1;SEMA6C;SEMA3C;FAM172A;RADIL;TAPT1
prerank,Positive Regulation Of Dendritic Cell Chemotaxis (GO:2000510),0.5459392776463927,1.0926757778877887,0.3518930957683742,0.6353599599182943,1.0,1/7,0.44%,LGALS9
prerank,Regulation Of Glycoprotein Biosynthetic Process (GO:0010559),-0.567557846013445,-1.092574039316649,0.362763915547025,0.7480736135208542,1.0,2/7,12.41%,NECAB3;NECAB2
prerank,Regulation Of Cell-Cell Adhesion (GO:0022407),-0.3814062054230107,-1.0918812943172607,0.3053571428571429,0.7492275869608187,1.0,9/38,10.89%,EPHA7;PTPRG;PODXL;JAG1;SPINT2;EFNA5;PLPP3;DPP4;MDGA1
prerank,Hydrogen Peroxide Catabolic Process (GO:0042744),-0.4649280926972852,-1.091776063351489,0.3467600700525394,0.7488071166180473,1.0,4/14,12.47%,HBD;MPO;HBB;PXDNL
prerank,Establishment Of Chromosome Localization (GO:0051303),-0.4850313553599402,-1.0915476483699935,0.37169811320754714,0.7487009769963607,1.0,3/13,8.15%,GEM;NDE1;SPICE1
prerank,Response To Organophosphorus (GO:0046683),0.4496447025956493,1.091438612500263,0.32727272727272727,0.6375294343143809,1.0,7/16,20.69%,TLR7;KCNJ11;NDUFS4;TRIM16;CITED1;TYMS;P2RX7
prerank,Positive Regulation Of DNA Binding (GO:0043388),-0.40297179497527535,-1.0913750883440172,0.3281786941580756,0.748449206164849,1.0,3/26,6.63%,FOXC1;NGF;TWIST1
prerank,T-helper 17 Cell Lineage Commitment (GO:0072540),-0.549281480749879,-1.0911971055903642,0.3825242718446602,0.7482318195043087,1.0,2/7,14.77%,IL6;SLAMF6
prerank,Synapse Assembly (GO:0007416),0.32498953984120993,1.0911315930790804,0.3036093418259023,0.6377409140671575,1.0,11/68,10.18%,DNER;NRCAM;NLGN2;PCDHB4;DBNL;RAB29;GPM6A;PLXND1;PLXNB1;NRXN2;DVL1
prerank,Regulation Of Calcium Ion Transmembrane Transport (GO:1903169),-0.4369478238330553,-1.0907564572612256,0.3427495291902072,0.748692566084325,1.0,5/18,19.52%,HRC;CACNA2D1;ATP1A2;CACNB1;DIAPH1
prerank,Negative Regulation Of Defense Response (GO:0031348),0.30553218895212453,1.0901863399806673,0.2830188679245283,0.6393672643732767,1.0,9/99,6.24%,APOE;SIRPA;PPARG;TYRO3;ALOX5;PTPN2;AKT1;GATA3;TNFRSF1A
prerank,Regulation Of DNA Metabolic Process (GO:0051052),0.3007088116166056,1.090038163914119,0.2537688442211055,0.6392508570517356,1.0,24/122,17.01%,TAF10;RADX;MPV17;YY1;TFPT;NUCKS1;INO80;NSMCE4A;USP1;POLE3;PDGFA;NSMCE1;EHMT2;ACTR8;OBI1;TERF2IP;ORC5;TMEM98;ACTL6A;RUVBL1;SUPT7L;TAF12;TOM1L1;ENY2
prerank,Regulation Of Monoatomic Ion Transport (GO:0043269),-0.4180805883445175,-1.089808949806387,0.3333333333333333,0.7505913084441433,1.0,5/23,12.50%,KCNJ14;KCNJ16;KCNJ13;CHRM1;KCNJ15
prerank,"RNA Splicing, Via Transesterification Reactions (GO:0000375)",0.4095053071130141,1.0896255098933008,0.36507936507936506,0.6397402813579173,1.0,12/24,22.89%,SRSF4;SLU7;TXNL4A;SCAF11;SF3B4;PRPF4;DDX23;MPHOSPH10;PRPF6;KHSRP;WDR83;LSM1
prerank,Ruffle Organization (GO:0031529),0.44851374107320396,1.0892000676281683,0.35469107551487417,0.6402649825567962,1.0,6/16,13.61%,CORO1B;CYFIP1;ARF6;PLEK;AIF1L;CSF1R
prerank,Regulation Of Double-Strand Break Repair Via Homologous Recombination (GO:0010569),0.32810559817531354,1.0889767149934624,0.2903930131004367,0.6403171710900077,1.0,12/68,15.35%,RADX;WAS;VPS72;PPP4R2;MRGBP;SIRT6;PARP1;PPP4C;TEX15;TERF2IP;ACTL6A;RUVBL1
prerank,DNA Replication-Dependent Chromatin Assembly (GO:0006335),0.5920909307556388,1.0888560511378063,0.38949671772428884,0.6401449675284798,1.0,3/5,35.26%,CHAF1A;RBBP4;ASF1B
prerank,Sphingosine Biosynthetic Process (GO:0046512),0.4874864305522399,1.0884568224172244,0.3452631578947368,0.6401409517882797,1.0,3/10,10.17%,SPTSSA;ASAH1;SPTLC2
prerank,Sphingoid Biosynthetic Process (GO:0046520),0.4874864305522399,1.0884568224172244,0.3452631578947368,0.6401409517882797,1.0,3/10,10.17%,SPTSSA;ASAH1;SPTLC2
prerank,Regulation Of Cellular Biosynthetic Process (GO:0031326),0.32798438471076263,1.0883435813999458,0.2997658079625293,0.6399553769834492,1.0,18/65,20.80%,CYFIP1;C3;SIRPA;PDGFA;STC2;MFSD12;MAPKAPK5;ELP4;RBM3;MSI1;EIF2S1;ELP3;MSI2;TOM1L1;CX3CR1;PCIF1;MEAF6;MTPN
prerank,Hyperosmotic Response (GO:0006972),0.5861770903935977,1.088293366691427,0.4095634095634096,0.639635009493244,1.0,2/5,9.11%,RCSD1;TLR3
prerank,Regulation Of Plasma Membrane Repair (GO:1905684),-0.6027292725464393,-1.0882437951298216,0.3925925925925926,0.7541216259685638,1.0,2/5,12.59%,RAB3A;MYH9
prerank,Negative Regulation Of Potassium Ion Transmembrane Transporter Activity (GO:1901017),-0.5380694272322567,-1.0879030518684851,0.36538461538461536,0.7543214502242476,1.0,4/8,9.54%,KCNAB1;STK39;GRP;CASQ2
prerank,Negative Regulation Of Homotypic Cell-Cell Adhesion (GO:0034111),0.49349704573427233,1.087895079175641,0.3844444444444444,0.6400841382221878,1.0,3/10,15.44%,CD9;PRKCD;SERPINE2
prerank,Phosphate Ion Transport (GO:0006817),0.4848472414028541,1.0878736617728304,0.3646055437100213,0.6397015596638109,1.0,3/11,12.94%,SLC37A2;SLC25A10;XPR1
prerank,Positive Regulation Of Kinase Activity (GO:0033674),-0.3153425526075869,-1.0878485414301278,0.28888888888888886,0.753772779225514,1.0,16/96,7.20%,PDGFRA;NTRK3;PDGFRB;KDR;MAP3K12;GAS6;EEF1A2;MET;EGFR;RET;CAMKK1;FLT4;INSR;ROR1;FGFR1;AZU1
prerank,Regulation Of Monoatomic Ion Transmembrane Transport (GO:0034765),-0.41669019597070084,-1.0877984787018278,0.3484573502722323,0.7532097866084181,1.0,7/24,17.46%,KCNJ14;KCNJ16;KCNJ13;GRIN1;KCNJ15;GRIN2B;GRIN2D
prerank,Cellular Response To Insulin Stimulus (GO:0032869),0.31424432898139554,1.087455294871015,0.2838427947598253,0.6402036220666413,1.0,10/89,5.03%,RAB13;XBP1;BAIAP2;IRS2;PPARG;SLC39A14;PTPN2;PCK2;TRIB3;AKT1
prerank,Glucose Transmembrane Transport (GO:1904659),-0.4384890294228603,-1.0871745644244153,0.3488372093023256,0.7542370679217878,1.0,2/18,3.32%,SLC2A12;SLC2A6
prerank,Cellular Response To Hormone Stimulus (GO:0032870),-0.32610120385850516,-1.086113744745133,0.3053571428571429,0.7563834699324115,1.0,19/77,12.72%,NR4A3;RAMP2;SLC5A5;BCAS3;SFRP1;SLIT2;CACNA1H;SOCS2;OXTR;HSPA1A;AVPR1A;QRFPR;AKR1C2;ATP1A2;NCOA3;LHCGR;NCOA1;TFPI;ATP1A3
prerank,Myoblast Migration (GO:0051451),-0.5571814107339753,-1.0857778174788777,0.3804347826086957,0.756579535238399,1.0,3/7,17.47%,SIX1;ITGB1BP1;MSTN
prerank,mRNA 5'-Splice Site Recognition (GO:0000395),-0.6105961278923804,-1.0855274640074035,0.4018018018018018,0.7565613796231392,1.0,2/5,20.92%,SRSF1;PRPF39
prerank,Negative Regulation Of Monoatomic Ion Transport (GO:0043271),-0.4520330989377038,-1.0855258764358928,0.3641509433962264,0.7558709751724377,1.0,3/16,2.22%,ADRA2A;PLN;WNK4
prerank,Establishment Of Protein Localization To Endoplasmic Reticulum (GO:0072599),-0.4672346818363293,-1.0854100770904116,0.38656987295825773,0.7555081385486943,1.0,1/14,0.74%,RYR2
prerank,Positive Regulation Of Cellular Extravasation (GO:0002693),-0.492718826466649,-1.0854084954291134,0.3834862385321101,0.754819961042161,1.0,2/12,2.93%,THY1;LYVE1
prerank,Positive Regulation Of Protein Localization To Cilium (GO:1903566),-0.6048682471387108,-1.0853638303145376,0.418,0.754250996201479,1.0,2/5,18.93%,GSK3B;ENTR1
prerank,Succinate Transport (GO:0015744),-0.6040420389575397,-1.0852863484453301,0.40471512770137524,0.753756819885405,1.0,3/5,11.61%,SLC16A1;SLC25A11;SLC13A5
prerank,Protein poly-ADP-ribosylation (GO:0070212),0.522343231485574,1.0851663815466834,0.38530066815144765,0.6447088876909053,1.0,1/8,1.81%,PARP10
prerank,Body Fluid Secretion (GO:0007589),-0.49368035196923976,-1.0851560207347801,0.36971830985915494,0.75339343841394,1.0,3/11,8.33%,SLC22A2;OXTR;NPR1
prerank,Striated Muscle Cell Development (GO:0055002),-0.5077950376262576,-1.0849106844364236,0.37572254335260113,0.7533729906102505,1.0,5/10,27.70%,LMOD1;TMOD3;PGM5;MYL9;TMOD2
prerank,Positive Regulation Of Lamellipodium Organization (GO:1902745),0.39588706044751387,1.084873600914523,0.3230088495575221,0.6449280000042797,1.0,7/27,9.11%,CORO1C;CORO1B;CYFIP1;ACTR3;TWF2;WASF2;FSCN1
prerank,Positive Regulation Of Ryanodine-Sensitive Calcium-Release Channel Activity (GO:0060316),0.5585099980501775,1.0845640073960636,0.3995584988962472,0.6451589712993552,1.0,1/6,7.93%,JPH2
prerank,Negative Regulation Of Protein-Containing Complex Assembly (GO:0031333),0.3493963210938283,1.0845555684972255,0.2923433874709977,0.6447378332322621,1.0,5/47,3.86%,TREM2;SORL1;CRYAB;PEX5;CLU
prerank,Regulation Of Intracellular Signal Transduction (GO:1902531),-0.2791922588838942,-1.0845463300120013,0.24592833876221498,0.7536968141719026,1.0,49/277,13.33%,ARHGAP29;NTRK3;KDR;ULK4;PLEKHG1;ARHGAP20;LBH;PLEKHG4B;KALRN;ARHGAP44;PAK3;ARHGEF25;FAM13A;FGD5;EGFR;GPAT3;FBXL2;VWF;FLT4;AKAP12;RHOD;TRAF5;MCF2;MYOC;ATM;ARHGAP28;MYO9A;PTPN13;ARHGEF28;MCF2L;OBSCN;ARHGEF1;TTI1;PEX5L;DAPK2;ARAF;ARHGEF11;MRAP;ECT2;ITSN1;TBCK;ARHGEF12;TRAF1;TRIO;SMYD2;RICTOR;SGMS1;GDF5;PIP5K1C
prerank,Granulocyte Migration (GO:0097530),0.5384605142300044,1.084088046786583,0.38995215311004783,0.645285806943742,1.0,1/7,0.83%,ITGB2
prerank,Positive Regulation Of Cellular Catabolic Process (GO:0031331),0.29397175271041726,1.0839591007062974,0.23929471032745592,0.6451206670280923,1.0,19/133,10.58%,APOE;APOC2;LAPTM5;IRS2;PACSIN3;MTDH;DAGLB;ADAM8;TFEB;PRR5L;ABCD1;PLEKHF1;BECN1;GRSF1;PTPN1;SNCA;PHKG2;TRIM8;PRKCD
prerank,Protein Homotrimerization (GO:0070207),-0.5121859125409637,-1.0839367244426898,0.37732342007434944,0.7539725971232968,1.0,4/10,9.29%,SCARA5;SLC1A2;MLKL;CLYBL
prerank,Protein Trimerization (GO:0070206),-0.5121859125409637,-1.0839367244426898,0.37732342007434944,0.7539725971232968,1.0,4/10,9.29%,SCARA5;SLC1A2;MLKL;CLYBL
prerank,Regulation Of Epidermal Growth Factor-Activated Receptor Activity (GO:0007176),-0.40673508932036145,-1.0838472211047199,0.3414179104477612,0.7535169061958619,1.0,5/23,13.83%,ADRA2A;CBLB;ERRFI1;APP;GPRC5A
prerank,Positive Regulation Of Epithelial Cell Differentiation (GO:0030858),-0.4522006707066462,-1.0836362140856528,0.36741767764298094,0.7533763189601403,1.0,4/17,8.60%,NKX6-1;BMP4;SFRP4;TMEM100
prerank,Glucan Metabolic Process (GO:0044042),0.5285013336056636,1.0835769121689545,0.37719298245614036,0.6454672506462336,1.0,2/8,10.33%,PYGL;PHKG2
prerank,mRNA 3'-End Processing By Stem-Loop Binding And Cleavage (GO:0006398),0.5953452861727945,1.0834603033045362,0.41836734693877553,0.6452731397336477,1.0,1/5,9.28%,CPSF3
prerank,"Protein Localization To Chromosome, Telomeric Region (GO:0070198)",0.4521149614141096,1.083454237864425,0.35607675906183367,0.6448541416584295,1.0,3/14,13.17%,TPP1;TINF2;TERF2IP
prerank,Regulation Of Actin Filament-Based Process (GO:0032970),0.3306285893273639,1.0833433925310516,0.30045871559633025,0.6446526361446492,1.0,12/64,7.31%,RHOG;HCK;BAIAP2;EZR;FAM107A;GRHL3;CORO1A;RHOA;CRK;PDGFA;ABRACL;TWF2
prerank,Lymphocyte Mediated Immunity (GO:0002449),-0.4853591729426762,-1.0831692614445625,0.3675373134328358,0.7539243531436884,1.0,5/11,18.11%,CD46;JAG1;MSH2;SCART1;GNL1
prerank,DNA Replication Initiation (GO:0006270),-0.4247555515629146,-1.0830755690419818,0.3684210526315789,0.7534789934558235,1.0,4/20,11.78%,NOC3L;ORC4;ORC3;PRIM2
prerank,Protein Maturation (GO:0051604),0.30678851478085983,1.082958834340318,0.2715736040609137,0.6450622720002496,1.0,18/101,12.25%,CIAO2A;CPM;CPXM2;CTSS;PSENEN;SORL1;PCSK4;APH1A;GALNT2;MMP14;SDE2;HSPD1;CLN3;PCSK6;METAP2;NLRP3;CCS;CASP2
prerank,Regulation Of Pinocytosis (GO:0048548),0.5498498977136878,1.0827920267351194,0.4124168514412417,0.644988143762583,1.0,2/7,8.99%,PPT1;CLN3
prerank,Regulation Of Triglyceride Metabolic Process (GO:0090207),0.5555858569764308,1.0825594923452282,0.3852813852813853,0.6450943950118866,1.0,1/6,3.26%,SREBF1
prerank,Glycosaminoglycan Catabolic Process (GO:0006027),-0.4782899077300772,-1.0824202663368145,0.3609154929577465,0.7544795026667601,1.0,1/13,0.01%,CEMIP
prerank,Positive Regulation Of Endothelial Cell Proliferation (GO:0001938),-0.3327677777341176,-1.0821561394787276,0.3298059964726631,0.7545116838552446,1.0,11/68,6.28%,KDR;NR4A1;BMP4;NELL1;JCAD;PLCG1;NELL2;EGR3;FLT4;CDH13;FGFR1
prerank,Negative Regulation Of Necroptotic Process (GO:0060546),-0.5113137477030786,-1.0820953674453724,0.3726235741444867,0.7539993150982071,1.0,2/9,6.80%,RIPK1;BIRC3
prerank,Positive Regulation Of Phosphatase Activity (GO:0010922),-0.41950947627077206,-1.0819344320433748,0.35304990757855825,0.7537643796778427,1.0,5/22,7.04%,PDGFRB;ITGA1;IFNG;PPP1R15A;MAGI2
prerank,Nucleotide-Binding Oligomerization Domain Containing Signaling Pathway (GO:0070423),0.5081440040856504,1.081715433957386,0.3787528868360277,0.6465219477618799,1.0,5/10,25.18%,RELA;MAP3K7;LACC1;RIPK2;INAVA
prerank,Negative Regulation Of Peptidyl-Tyrosine Phosphorylation (GO:0050732),0.38192449040196874,1.08124627664439,0.33260393873085337,0.6471422389670273,1.0,5/29,6.09%,LILRB4;PTPN6;PTPN2;SAMSN1;CD300A
prerank,Dendritic Cell Chemotaxis (GO:0002407),0.459504081692683,1.0812331340754537,0.3585746102449889,0.6467432268413956,1.0,2/14,6.16%,CLU;CCR1
prerank,Positive Regulation Of Neuron Differentiation (GO:0045666),-0.3734125970149443,-1.0810626382665476,0.3127413127413127,0.7553961186303828,1.0,11/38,15.92%,NBL1;HEYL;NGF;FGFR1;TCF4;ZC4H2;ECT2;TRIM32;NEUROD2;HOXD3;BMP2
prerank,G Protein-Coupled Acetylcholine Receptor Signaling Pathway (GO:0007213),0.4435961605943195,1.0808062103397937,0.34615384615384615,0.6472557882768027,1.0,3/15,3.72%,RGS10;GNA15;GNB1
prerank,Regulation Of Actomyosin Structure Organization (GO:0110020),-0.4995592095554793,-1.0807534702312962,0.37751004016064255,0.7555563628705055,1.0,3/11,12.12%,ALMS1;ROCK2;FHOD1
prerank,Positive Regulation Of Cholesterol Storage (GO:0010886),0.6038007637907752,1.0802804973137008,0.41721854304635764,0.6479682042478663,1.0,2/5,11.35%,MSR1;LCP1
prerank,Determination Of Bilateral Symmetry (GO:0009855),-0.42955982135073767,-1.0802567808841135,0.36507936507936506,0.7561531913330267,1.0,6/20,21.39%,GALNT11;DNAH11;DNAI1;DLL1;PKD2;ZIC3
prerank,Negative Regulation Of Glial Cell Differentiation (GO:0045686),-0.5520195017224341,-1.0802510081616452,0.40148698884758366,0.7554859249978426,1.0,2/7,7.79%,HES5;NF1
prerank,Negative Regulation Of Extrinsic Apoptotic Signaling Pathway Via Death Domain Receptors (GO:1902042),0.4200677378703421,1.080216821997417,0.35469107551487417,0.6476792598267529,1.0,6/20,14.14%,HMOX1;BCL2L1;TMBIM1;RNF34;PEA15;ICAM1
prerank,Regulation Of Hematopoietic Progenitor Cell Differentiation (GO:1901532),-0.46085410163530915,-1.0801465934753471,0.34177215189873417,0.7550704398036739,1.0,1/14,0.02%,FOXC1
prerank,Regulation Of Synapse Maturation (GO:0090128),-0.505501580350259,-1.0799147070836583,0.37544483985765126,0.7550091899079687,1.0,3/10,19.30%,ANAPC2;NEUROD2;ARHGEF15
prerank,Protein Localization To Cell Periphery (GO:1990778),-0.305349329081945,-1.0797919553854396,0.28496503496503495,0.7546456507334515,1.0,42/131,22.71%,CACNB2;MRAP2;PKP2;RAB3D;PTCH1;KCNB1;RAMP2;GAS6;RAB3A;ROCK2;RAB3C;NKD2;C2CD5;FCHO2;WDR19;FLNA;ATP1B3;SLMAP;BSG;EMP2;MYO5A;TSPAN5;RAPGEF6;LIN7A;STXBP1;ADIPOQ;ITGB1BP1;CLASP2;JUP;CAV1;ZDHHC3;DPP6;ZDHHC23;EHD1;TNF;FGF13;PACSIN1;EFR3A;RAPGEF2;EPB41L3;SLC9A3R2;ANK3
prerank,Positive Regulation Of Nervous System Process (GO:0031646),0.4270035892347103,1.0797101281954884,0.3741648106904232,0.6483527969117001,1.0,5/17,7.84%,ITGAX;MYRF;TPPP;NLGN2;TENM4
prerank,Apical Junction Assembly (GO:0043297),-0.36908274983242884,-1.0794532209509373,0.34124087591240876,0.7548198798221569,1.0,10/42,10.98%,CDH5;PARD3;RAMP2;ESAM;OCLN;CLDN5;PDCD6IP;MARVELD3;MARVELD2;ECT2
prerank,Regulation Of Protein Localization To Cell Surface (GO:2000008),0.3759620447991764,1.0793305995430413,0.3161764705882353,0.6487476492142851,1.0,5/29,9.54%,TYROBP;TAX1BP3;GBF1;STX4;RANGRF
prerank,Cytoplasmic Sequestering Of Protein (GO:0051220),-0.4791654481070011,-1.0791252954168005,0.3795620437956204,0.755004231538884,1.0,6/12,20.03%,DBN1;FLNA;LATS1;MDFI;PTPRM;PKD2
prerank,Response To Hexose (GO:0009746),0.4134578669939409,1.0790497052782178,0.3598233995584989,0.6489523734099759,1.0,4/21,13.77%,IRS2;SLC2A5;LCP1;EIF2B2
prerank,Regulation Of cAMP-dependent Protein Kinase Activity (GO:2000479),0.46390898842541173,1.0789063985918474,0.3426124197002141,0.6488298360234587,1.0,4/13,13.64%,PRKAR1A;PKIG;PKIA;PKIB
prerank,Regulation Of Ubiquitin-Dependent Protein Catabolic Process (GO:2000058),0.3641263357064501,1.0788968837742314,0.3432203389830508,0.6484214344760051,1.0,6/37,8.36%,GNA12;LAPTM5;CLU;RAD23A;PTK2;PTK2B
prerank,T Cell Mediated Cytotoxicity (GO:0001913),0.593605590926596,1.0785445865957002,0.4134199134199134,0.6487896456676695,1.0,2/5,11.19%,CTSH;MICA
prerank,Endosome To Lysosome Transport (GO:0008333),0.33707946432000213,1.078459240610089,0.3271889400921659,0.6485445827630087,1.0,7/55,8.11%,RAB7A;M6PR;BIN1;VPS18;MVB12A;CACNG4;PLEKHF1
prerank,Epithelial Cell Apoptotic Process (GO:1904019),-0.5254810807460981,-1.0783016974873219,0.3770491803278688,0.7565502384017805,1.0,3/9,11.14%,RYR2;GSN;BMPR2
prerank,Negative Regulation Of Cellular Component Organization (GO:0051129),0.32567888438686265,1.0776334051791416,0.30656934306569344,0.64992090061376,1.0,9/69,5.79%,LGALS3;DNAJB2;PACSIN3;SORL1;LILRB1;CRYAB;PEX5;CLU;AKR1B1
prerank,Response To Tumor Necrosis Factor (GO:0034612),0.3073902103417656,1.0776118698326884,0.2867647058823529,0.6495439345944184,1.0,15/90,10.74%,PYCARD;CHI3L1;TRADD;CCL2;CCL20;AKT1;CXCL16;GATA3;CHUK;ERBIN;RELA;CIB1;GSDME;ASAH1;TNFRSF11A
prerank,Positive Regulation Of Vascular Associated Smooth Muscle Cell Proliferation (GO:1904707),-0.4305216103874706,-1.0775944611197092,0.39436619718309857,0.7577244602974781,1.0,6/19,18.38%,NR4A3;FGF9;JUN;MEF2D;FOXJ2;DNMT1
prerank,Unsaturated Fatty Acid Metabolic Process (GO:0033559),0.3782912163574914,1.0775249423536828,0.3310657596371882,0.6493092112123899,1.0,13/34,19.43%,DAGLB;ALOX5;GPX4;GSTP1;ACAA1;ALOX15B;PNPLA8;SCD;CYP4F11;DAGLA;FAAH;SCP2;RAPSN
prerank,Positive Regulation Of Secretion By Cell (GO:1903532),0.32185788692460443,1.07746295115189,0.3282608695652174,0.6490469449512652,1.0,15/70,11.42%,TREM2;EZR;TGFB1;TGFB2;MYO18A;BAIAP3;ADAM8;RAB27A;ARF6;DTNBP1;NMB;CD2AP;SNCA;TMED10;GOLPH3
prerank,Negative Regulation Of cAMP-dependent Protein Kinase Activity (GO:2000480),0.5454283958773829,1.0774096399522117,0.36613272311212813,0.6487468518342365,1.0,3/7,13.64%,PRKAR1A;PKIG;PKIB
prerank,Cellular Response To Angiotensin (GO:1904385),0.5407990945058326,1.0773669679270639,0.3818984547461369,0.6484177488462254,1.0,3/7,10.58%,AHCYL1;RELA;PRKCD
prerank,Leukocyte Chemotaxis Involved In Inflammatory Response (GO:0002232),0.579618076437295,1.07728363222944,0.3935483870967742,0.6481708841189787,1.0,2/5,2.03%,NINJ1;SLAMF8
prerank,Positive Regulation Of Histone H3-K4 Methylation (GO:0051571),-0.48004251882170457,-1.0771927037650093,0.3906810035842294,0.758120547564843,1.0,4/12,13.68%,OGT;SMAD4;CTNNB1;KAT8
prerank,Positive Regulation Of ERBB Signaling Pathway (GO:1901186),0.4224451670174165,1.0771114916903193,0.36324786324786323,0.6481132443475573,1.0,7/19,26.49%,AGT;APEX1;CBL;RALA;NUP62;CCDC88A;RALB
prerank,Positive Regulation Of mRNA Processing (GO:0050685),0.3989466719384589,1.07696328441341,0.34934497816593885,0.6479930195950273,1.0,8/24,17.32%,NCBP2;CLNS1A;LEO1;WDR77;RBM3;SF3B4;STH;PEX2
prerank,Membrane Protein Ectodomain Proteolysis (GO:0006509),0.4117178618868033,1.0769289866153953,0.3767441860465116,0.6476446687235415,1.0,2/21,3.08%,PSENEN;APH1A
prerank,Negative Regulation Of Cell Migration Involved In Sprouting Angiogenesis (GO:0090051),-0.4664491137894667,-1.0762739859402333,0.4165029469548134,0.7598609001531099,1.0,9/13,31.24%,KLF4;MEOX2;MMRN2;ITGB1BP1;STARD13;MAP2K5;DLL4;HDAC5;THBS1
prerank,Blood Vessel Endothelial Cell Proliferation Involved In Sprouting Angiogenesis (GO:0002043),-0.5964971572165538,-1.0761806389886528,0.4066543438077634,0.7594151682143013,1.0,4/5,16.69%,BMP4;BMPER;NRARP;ITGB1BP1
prerank,Regulation Of Leukocyte Adhesion To Vascular Endothelial Cell (GO:1904994),0.466553330944971,1.0758798120697683,0.3793859649122807,0.6494331574811336,1.0,3/12,8.10%,ITGB2;RHOA;RELA
prerank,Central Nervous System Neuron Axonogenesis (GO:0021955),-0.509911342130278,-1.075677840677394,0.3826247689463956,0.7601326598157807,1.0,3/9,7.03%,CHRNB2;MYCBP2;B4GALT6
prerank,Arginine Metabolic Process (GO:0006525),0.49506433956261314,1.0755168568302458,0.3646788990825688,0.6497651052894425,1.0,2/10,1.33%,DDAH1;DDAH2
prerank,Nucleoside Phosphate Biosynthetic Process (GO:1901293),-0.4881512945452461,-1.075515813497633,0.37340619307832423,0.7598719100099587,1.0,2/11,6.23%,NMNAT2;ME1
prerank,Positive Regulation Of Vascular Associated Smooth Muscle Cell Migration (GO:1904754),-0.5559255847082588,-1.0754847050920902,0.40417457305502846,0.7592734311758195,1.0,2/7,7.86%,NR4A3;FGF9
prerank,Positive Regulation Of Signal Transduction (GO:0009967),-0.28151101902087644,-1.0754746755017222,0.25833333333333336,0.758632392510444,1.0,59/233,17.70%,BMP6;LAMA2;TPD52L1;TNXB;SHH;KLF2;CCN3;TP63;MN1;RIMS1;NELL1;JCAD;GAS6;PTGIS;JAG1;CTSK;SFRP1;LAMB2;VWF;NETO1;LAMC1;MYO1C;GRIN1;MBD5;SULF2;KLK5;IL6;ING5;FLNA;EMP2;RIMS2;SMOC2;HOMER1;GRB10;ESM1;LGR6;ARMC9;RSPO3;NECAB2;NID1;SASH1;TEDC2;LAMB1;SMARCA4;TSPAN5;JAG2;DMTN;THRB;TUBD1;BMP2;YAP1;ASXL1;ADIPOQ;ITGB1BP1;ROBO1;DLL1;GRIN2B;GRIN2D;JAK2
prerank,Positive Regulation Of Phosphate Metabolic Process (GO:0045937),-0.3999102895106303,-1.075264478635446,0.34285714285714286,0.7585302754320731,1.0,7/27,12.81%,NELL1;BTBD10;EGFR;IFNG;PTH1R;GLMN;APP
prerank,Positive Regulation Of Protein Binding (GO:0032092),0.3422168531085209,1.0749480516064687,0.3235294117647059,0.6505103591878989,1.0,4/52,4.98%,APOE;PPP2CB;DERL1;TRIB3
prerank,Regulation Of Neuron Projection Development (GO:0010975),0.2858371507350077,1.0746395018721375,0.27058823529411763,0.6507265320050593,1.0,19/165,8.52%,APOE;DDR1;DDR2;ABI3;DPYSL3;LYN;TNR;LPAR1;ITM2C;ATP1B2;NOL3;AKT1;PTPRO;RAB29;CFL1;TWF2;CIB1;PTK2B;YTHDF1
prerank,Positive Regulation Of Hormone Metabolic Process (GO:0032352),0.5683295367972695,1.0745811088053712,0.4110169491525424,0.6504320451133749,1.0,2/6,6.04%,SLCO1C1;GATA3
prerank,Regulation Of Atrial Cardiac Muscle Cell Membrane Repolarization (GO:0060372),0.5457050111775958,1.0745077871962336,0.41280353200883,0.650155313784821,1.0,2/6,6.30%,KCNA5;KCNQ1
prerank,Positive Regulation Of T Cell Apoptotic Process (GO:0070234),0.548833825461046,1.074105264242258,0.3830734966592428,0.6505835415170017,1.0,1/7,0.44%,LGALS9
prerank,Water-Soluble Vitamin Metabolic Process (GO:0006767),0.3626063649230944,1.0741027287758105,0.35083532219570407,0.6501675074882256,1.0,10/39,17.58%,MTHFD2;SHMT2;SHMT1;ABCD1;SLC23A2;SLC25A19;GSTO2;SLC2A1;SLC52A2;DHFR
prerank,Positive Regulation Of Embryonic Development (GO:0040019),-0.44699285844257647,-1.0739611290834896,0.39215686274509803,0.7614366694319163,1.0,6/17,20.91%,SCX;RBM19;WNT4;OTX2;NR2C2;KHDC3L
prerank,Regulation Of pro-B Cell Differentiation (GO:2000973),0.5767480832349662,1.0738602877663972,0.40401785714285715,0.6503004589078889,1.0,1/5,0.91%,NUDT21
prerank,Negative Regulation Of Endoplasmic Reticulum Stress-Induced Intrinsic Apoptotic Signaling Pathway (GO:1902236),0.4663354572017657,1.0734875010682146,0.3744493392070485,0.6506616047269757,1.0,3/13,8.61%,XBP1;TXNDC12;PTPN1
prerank,Protein Polyglutamylation (GO:0018095),-0.5117412081573955,-1.0734375664985913,0.4018181818181818,0.7621374963606935,1.0,4/9,21.30%,TTLL5;TTLL11;TTLL7;CFAP20
prerank,Purine Ribonucleoside Bisphosphate Metabolic Process (GO:0034035),0.49496255140195244,1.0728733494799123,0.36363636363636365,0.6515432479963117,1.0,2/10,5.44%,TPST1;TPST2
prerank,Negative Regulation Of Lipid Biosynthetic Process (GO:0051055),0.4023532454923269,1.0727896172526692,0.36152219873150104,0.6512904683728353,1.0,2/24,4.98%,APOC1;TRIB3
prerank,Spinal Cord Dorsal/Ventral Patterning (GO:0021513),0.5746223634324056,1.0727874962026538,0.42921348314606744,0.6508706139317573,1.0,3/5,20.26%,CHRD;RFX4;GLI2
prerank,RNA Transport (GO:0050658),0.36794551984736085,1.0727303506601202,0.35135135135135137,0.6505479136938996,1.0,5/34,8.90%,RFTN1;KPNB1;NOL3;CKAP5;NUP188
prerank,Adenylate Cyclase-Inhibiting G Protein-Coupled Receptor Signaling Pathway (GO:0007193),-0.35829791899506386,-1.0726164228786421,0.3491773308957952,0.7635649949278548,1.0,10/45,11.03%,GABBR1;ADRA2A;HTR1F;CHRM2;ADCY4;AKAP12;CHRM1;MARCO;FLNA;GRM8
prerank,Regulation Of Substrate Adhesion-Dependent Cell Spreading (GO:1900024),-0.35641636781394204,-1.0721860850143148,0.33646616541353386,0.7640426063469388,1.0,16/48,18.63%,FBLN1;PKP2;NELL1;SPRY4;EFNA5;RAC3;DOCK1;MYOC;APOA1;FLNA;DMTN;TRIOBP;ITGB1BP1;CARMIL1;ARHGEF7;OLFM4
prerank,Pigment Granule Transport (GO:0051904),0.4441699503153088,1.0719479576251605,0.3574660633484163,0.6513431507183478,1.0,5/15,18.15%,RAB27A;BLOC1S6;MREG;BLOC1S3;RAB11B
prerank,Melanosome Transport (GO:0032402),0.4441699503153088,1.0719479576251605,0.3574660633484163,0.6513431507183478,1.0,5/15,18.15%,RAB27A;BLOC1S6;MREG;BLOC1S3;RAB11B
prerank,Positive Regulation Of Insulin Secretion Involved In Cellular Response To Glucose Stimulus (GO:0035774),0.488860069453508,1.0716748459746928,0.39545454545454545,0.6514965951629061,1.0,3/10,11.86%,BAIAP3;STX4;TUNAR
prerank,Positive Regulation Of Phosphatidylinositol 3-Kinase Activity (GO:0043552),-0.402561093963745,-1.0712893308649165,0.375,0.7657747894575635,1.0,4/25,7.24%,PDGFRA;PDGFRB;PIK3R4;KIT
prerank,Positive Regulation Of Dendritic Cell Cytokine Production (GO:0002732),0.5379715909139137,1.0712161189495684,0.4090909090909091,0.6520203802118307,1.0,4/7,19.67%,SCIMP;MAVS;CLEC7A;TICAM1
prerank,Myeloid Leukocyte Mediated Immunity (GO:0002444),-0.5503408572538255,-1.0711552974679583,0.4050179211469534,0.7654677777726331,1.0,2/7,18.05%,IL6;PLA2G1B
prerank,Muscle Cell Migration (GO:0014812),0.5059808302239068,1.0708496400107745,0.3807531380753138,0.6523947389604505,1.0,1/9,0.06%,DDR1
prerank,Nucleosome Disassembly (GO:0006337),0.4563258822703634,1.070648711303843,0.36363636363636365,0.6523868172509889,1.0,3/15,10.23%,SSRP1;SMARCB1;HMGA1
prerank,Response To Calcium Ion (GO:0051592),-0.31050425929306913,-1.0703966104639029,0.3315972222222222,0.7668065473423115,1.0,19/98,13.24%,RYR2;TNNT2;SYT3;SLC25A12;SYT2;SYT1;SYT4;RYR3;CPNE6;ITPR3;CPNE9;SYT5;PRKAA1;RASGRP2;CASQ2;ECT2;HOMER1;PRKAA2;NEUROD2
prerank,Regulation Of Triglyceride Biosynthetic Process (GO:0010866),0.43830435497082265,1.0702008039116582,0.3770491803278688,0.6529598267552671,1.0,2/15,3.26%,CTDNEP1;SREBF1
prerank,Sodium-Independent Organic Anion Transport (GO:0043252),0.5404721919659025,1.0698728118198162,0.40670859538784065,0.6532406492847997,1.0,3/7,13.84%,SLCO1C1;SLCO2B1;SLCO3A1
prerank,Monosaccharide Biosynthetic Process (GO:0046364),0.5302958592853271,1.0690959284159085,0.410752688172043,0.6544815484241483,1.0,3/7,23.94%,G6PD;CHST14;DSEL
prerank,Regulation Of Osteoblast Differentiation (GO:0045667),-0.324946083197694,-1.0690014152258491,0.33747779751332146,0.7698703679354172,1.0,20/81,18.06%,BMP6;PTCH1;TP63;BMP4;NELL1;CCN4;WNT4;TWIST1;TENT5A;IL6R;IL6;CRIM1;TWIST2;BMPR2;NPNT;NOCT;SMAD6;YAP1;SCUBE3;RIOX1
prerank,Regulation Of Ruffle Assembly (GO:1900027),0.39673261628932166,1.0688592203678,0.3447488584474886,0.6545456485383759,1.0,5/23,12.17%,PFN1;TACSTD2;PLEKHM1;PFN2;P2RY12
prerank,Nonribosomal Peptide Biosynthetic Process (GO:0019184),0.5336472242680026,1.0679736773002928,0.39198218262806234,0.6561202074391492,1.0,5/7,31.50%,GCLC;MGST2;HAGH;GCLM;CHAC2
prerank,Ureteric Bud Morphogenesis (GO:0060675),-0.4516391952486003,-1.0677342289398617,0.400355871886121,0.7725660278993159,1.0,5/14,14.28%,SHH;BMP4;SIX1;WNT11;NPNT
prerank,Regulation Of Type B Pancreatic Cell Proliferation (GO:0061469),-0.596056125413731,-1.0675096264659216,0.4392156862745098,0.7725118638064578,1.0,4/5,9.72%,NR4A1;NR4A3;PTPRN;SGPP2
prerank,T Cell Apoptotic Process (GO:0070231),-0.559214694687433,-1.0672727584848731,0.40148698884758366,0.7724746211025766,1.0,3/6,12.67%,GLI3;RIPK1;LMBR1L
prerank,Peptidyl-Lysine Deacetylation (GO:0034983),0.52034012780833,1.0672463891902368,0.4188034188034188,0.6572804643033603,1.0,1/7,3.06%,SIRT2
prerank,Establishment Of Lymphocyte Polarity (GO:0001767),0.5654732032737914,1.067202876790636,0.4269911504424779,0.6569298531934651,1.0,4/5,37.62%,CCR7;SNX27;CCL21;CRTAM
prerank,Positive Regulation Of Cell Population Proliferation (GO:0008284),0.25616555021993986,1.0666032313528675,0.2265625,0.6577783158088041,1.0,54/415,10.08%,AQP1;S100A6;RHOG;HCLS1;CD74;S1PR3;GNAI2;HMOX1;XBP1;GRN;HCK;DDR2;ITGAX;IRS2;TGFB1;CHP2;CDKN1A;AIF1;TGFB2;LYN;LTF;PTPN6;TMEM119;CTSH;AGT;FGF2;CLCF1;SERTAD1;AKT1;CCND2;AKR1B1;PDGFA;PTK2;S100A13;CNBP;DERL2;SIRT6;PROX1;RELA;CHRD;HPSE;SOX8;LGMN;CIB1;STX4;PTK2B;C5AR1;ROMO1;TGFBR1;SLC35F6;IL34;FGF1;RAB25;S100B
prerank,Negative Regulation Of Hormone Secretion (GO:0046888),-0.5232662208120453,-1.0665898539171168,0.3806921675774135,0.7736851438623215,1.0,4/8,37.66%,RAB11FIP5;LIF;RAB11FIP3;IL11
prerank,Preassembly Of GPI Anchor In ER Membrane (GO:0016254),-0.5488291013419416,-1.066254909223102,0.3989071038251366,0.7738667546930152,1.0,6/7,42.51%,PIGZ;PIGG;PIGN;PIGL;PIGB;PIGV
prerank,Regulation Of Cellular Response To Hypoxia (GO:1900037),0.5518559561495746,1.0661843946549305,0.41452991452991456,0.6582499950281187,1.0,1/6,0.98%,DDAH1
prerank,Cellular Response To Oxidative Stress (GO:0034599),0.29896424535831934,1.0660094751124094,0.2982062780269058,0.6582018151245332,1.0,24/109,11.77%,SOD2;HMOX1;NUDT2;MPV17;AIF1;SIRT2;PEX5;PEX10;AKT1;PRR5L;MPV17L2;ATF4;CHUK;PARP1;SLC25A24;DHRS2;STX4;SNCA;ROMO1;G6PD;PRKCD;KEAP1;CCS;PYCR2
prerank,Regulation Of Protein Kinase A Signaling (GO:0010738),-0.47121459839445107,-1.0658213331617281,0.40693430656934304,0.7743005061866056,1.0,7/13,34.65%,AKAP12;TCIM;ADIPOQ;AKAP5;AKAP7;LRRK2;RAMP3
prerank,Astrocyte Differentiation (GO:0048708),-0.6003911368358286,-1.0653903505581062,0.42134831460674155,0.7747903609316978,1.0,2/5,16.76%,HES5;DLL1
prerank,Negative Regulation Of Epithelial Cell Apoptotic Process (GO:1904036),-0.36925028038250884,-1.065372846010865,0.3541284403669725,0.774164946994173,1.0,4/35,2.43%,CDH5;KDR;RAMP2;GAS6
prerank,Cytoskeleton Organization (GO:0007010),-0.3101157395656549,-1.0651831260533762,0.3345132743362832,0.7739991006644775,1.0,17/103,7.00%,THY1;SH3D19;MARK1;TPM1;FGD6;MICAL2;MAST2;PLCE1;MAST4;MAST1;FGD5;KRT16;MICAL3;CNN2;RAC3;WDPCP;WASF3
prerank,Regulation Of Wound Healing (GO:0061041),0.35734650214845715,1.0647816791090796,0.36323851203501095,0.660373851298948,1.0,7/38,6.30%,TNFRSF12A;ALOX5;CADM4;FGF2;CRK;MYLK;PTK2
prerank,Regulation Of Cell Death (GO:0010941),-0.3450977851293467,-1.064081748468101,0.354014598540146,0.7762620623310175,1.0,10/49,11.99%,CCN2;WNT16;CHMP1B;CCN3;CCN4;SNCG;HBD;HBB;SNCB;SARM1
prerank,Phosphatidic Acid Metabolic Process (GO:0046473),-0.3818859387510161,-1.0640381078776893,0.36013986013986016,0.7756951187412845,1.0,11/31,22.91%,AGPAT4;PLD1;GPAT3;DGKB;LIPC;PNPLA3;DGKE;ACP6;DGKH;LCLAT1;MBOAT2
prerank,Dendritic Spine Maintenance (GO:0097062),0.5256412151942155,1.0636471358691006,0.42543859649122806,0.6624367343317994,1.0,1/7,0.50%,TREM2
prerank,Regulation Of Peptidyl-Serine Phosphorylation (GO:0033135),-0.3181700378602472,-1.063520311016794,0.3546218487394958,0.7763746939341449,1.0,16/84,12.81%,PDE4D;NTRK3;CAPRIN2;DMD;GAS6;NSD1;HRC;EGFR;NGF;RPTOR;IL6;SFRP2;ARAF;LATS1;GPD1L;APP
prerank,Skeletal Muscle Tissue Development (GO:0007519),-0.3769345940870093,-1.0633427078813653,0.3464285714285714,0.7761734161431793,1.0,11/32,24.53%,DMD;SIX1;SVIL;MYLK2;POPDC3;CFLAR;CAV1;MYH7B;BVES;MSC;ZBTB18
prerank,Protein Localization To Plasma Membrane (GO:0072659),-0.3002793476114647,-1.0631579712979637,0.3391003460207612,0.7759935012363858,1.0,20/125,10.70%,CACNB2;MRAP2;PKP2;RAB3D;PTCH1;KCNB1;RAMP2;GAS6;RAB3A;ROCK2;RAB3C;NKD2;C2CD5;FCHO2;FLNA;ATP1B3;SLMAP;BSG;EMP2;MYO5A
prerank,Leukotriene Biosynthetic Process (GO:0019370),0.48217419549417895,1.0628695859433888,0.38478747203579416,0.6636986425391997,1.0,2/11,0.95%,LTA4H;ALOX5AP
prerank,Cellular Response To Light Stimulus (GO:0071482),0.3363686361720087,1.0627143829264376,0.31890660592255127,0.6635912594221057,1.0,13/55,15.25%,USP47;YY1;INO80;RRH;ATF4;DDB1;SDE2;PARP1;PRKCD;BMF;BAK1;TP53;EIF2S1
prerank,Regulation Of Angiogenesis (GO:0045765),-0.2842861238039677,-1.0626784526069146,0.305982905982906,0.7766355711023379,1.0,34/186,10.99%,FOXC1;CDH5;DCN;ISM1;ADAMTS1;CD34;KDR;RHOJ;RAMP2;NRG1;ATF2;PTGIS;KLF4;PLCG1;SFRP1;FGF18;ROCK2;ADGRB1;ECSCR;CLDN5;CXCL8;TWIST1;ADGRA2;ISL1;NF1;NPR1;IL6;CYP1B1;SFRP2;BMPER;EMP2;CTNNB1;HSPG2;SMOC2
prerank,Establishment Of Mitotic Spindle Orientation (GO:0000132),0.3756025562734095,1.0626559991066404,0.3624161073825503,0.6632817852964727,1.0,3/27,7.91%,DYNLT1;MAPRE1;NSFL1C
prerank,Cellular Response To Radiation (GO:0071478),0.34643658354445467,1.0624929362909812,0.3597285067873303,0.6632127498322429,1.0,7/39,14.04%,CDKN1A;INO80;RRH;GADD45A;INTS7;IFI16;TP53
prerank,3'-UTR-mediated mRNA Stabilization (GO:0070935),0.46898411300222664,1.0624785480567733,0.36323851203501095,0.6628095087558651,1.0,5/11,20.05%,MYD88;RBM47;MAPKAPK2;YBX3;HNRNPC
prerank,Regulation Of DNA-templated Transcription Elongation (GO:0032784),-0.3581978954138489,-1.0623836860349058,0.3563636363636364,0.7767427217669652,1.0,16/43,29.32%,CCNT2;INTS6;LDB1;INTS8;SCAF8;INTS4;INTS9;WDR43;SETD5;CCNT1;INTS1;EAF2;KAT7;INTS2;THOC1;ZMYND11
prerank,"Regulation Of Retrograde Transport, Endosome To Golgi (GO:1905279)",0.577495175813572,1.0623652309716576,0.43243243243243246,0.6626279581905006,1.0,2/5,18.38%,USP7;ATP9A
prerank,Positive Regulation Of G Protein-Coupled Receptor Signaling Pathway (GO:0045745),-0.45251507220928927,-1.062247715196363,0.4,0.7764500426298693,1.0,5/14,12.41%,MRAP2;CHGA;KLK5;GRP;NECAB2
prerank,Postreplication Repair (GO:0006301),0.4206444233952208,1.0621519300149096,0.37276785714285715,0.6626475780422458,1.0,2/20,1.81%,TNFSF13B;PARP10
prerank,Autophagy Of Nucleus (GO:0044804),-0.43964967975187086,-1.0620470106696738,0.39194139194139194,0.7763123912354813,1.0,6/17,24.34%,ATG2B;ULK1;WDR45;ATG5;WIPI1;ULK2
prerank,Membrane Assembly (GO:0071709),0.3595075801441153,1.0619405218212805,0.3707865168539326,0.6626880259921416,1.0,7/38,10.04%,RFTN1;CHMP2A;UGCG;NLGN2;NSFL1C;STX4;NRXN2
prerank,Regulation Of Ras Protein Signal Transduction (GO:0046578),-0.323201664443691,-1.0616870123070605,0.3333333333333333,0.7765263151344782,1.0,12/74,9.62%,FGF10;OGT;PLCE1;KANK2;STARD8;SPRY4;SPRY3;NGF;DENND1A;SYNGAP1;ARHGEF28;EPS8
prerank,"Regulation Of Synaptic Transmission, GABAergic (GO:0032228)",0.4248820606851912,1.0616367938401898,0.38445378151260506,0.6629453113292445,1.0,4/16,10.67%,BAIAP3;NLGN2;CLN3;APEX1
prerank,Nucleosome Assembly (GO:0006334),0.3712008820351472,1.06143843192937,0.3293838862559242,0.6629299795617402,1.0,6/32,15.53%,SSRP1;POLE3;CABIN1;SART3;HIRA;RSF1
prerank,Negative Regulation Of Cell Growth (GO:0030308),-0.30223735862387346,-1.0614055461314036,0.3391915641476274,0.7766050778728789,1.0,21/112,11.25%,RERG;CAPRIN2;CCN3;NRG1;MAP2;SFRP1;SLIT2;FRZB;ST7L;DCUN1D3;HSPA1A;TSPYL2;SMAD4;CDKL3;NDRG3;NPR1;ULK1;WNT11;SFRP2;BMPR2;CDA
prerank,Positive Regulation Of Alpha-Beta T Cell Differentiation (GO:0046638),0.46211491571030683,1.061321070801324,0.37748344370860926,0.6627628078642135,1.0,5/13,12.95%,LILRB4;NCKAP1L;RUNX3;ZBTB7B;RUNX1
prerank,B Cell Activation (GO:0042113),0.3206265992921115,1.0611512511560615,0.34299516908212563,0.66271448648056,1.0,19/72,17.27%,PTPRJ;CD22;PTPN2;LYL1;CLCF1;LAT2;BANK1;PHB2;SLC39A7;BTK;HSPD1;MEF2C;PRKCB;TOP2B;FNIP1;RABL3;TCF3;RASGRP1;BCL2
prerank,Regulation Of DNA Binding (GO:0051101),-0.3553168826955955,-1.0611268657756534,0.36428571428571427,0.7766772227010119,1.0,10/45,17.70%,FOXC1;LEF1;NGF;MAPK8;ZC4H2;MDFI;JUN;EDF1;PYHIN1;JAK2
prerank,Positive Regulation Of Integrin Activation (GO:0033625),0.5125267636540043,1.0610507644482032,0.41402714932126694,0.6625084022112093,1.0,3/8,12.17%,PIEZO1;PLEK;P2RY12
prerank,Sphingosine-1-Phosphate Receptor Signaling Pathway (GO:0003376),0.518735039196595,1.0607076767214827,0.41416309012875535,0.6628596155573467,1.0,2/8,11.12%,EZR;S1PR2
prerank,Myotube Cell Development (GO:0014904),-0.48534978124340833,-1.0605136999851568,0.40213523131672596,0.7775990432371206,1.0,1/10,3.51%,SIX1
prerank,Regulation Of Gluconeogenesis (GO:0006111),0.3839663363140798,1.0604915717215047,0.3840909090909091,0.6628997477080303,1.0,8/28,12.56%,PGPEP1;PTPN2;FBP1;USP7;DDB1;SIRT6;GCK;SOGA1
prerank,Activation Of Adenylate Cyclase Activity (GO:0007190),-0.42961756285026176,-1.0604469660716256,0.39823008849557523,0.7771151844648823,1.0,6/16,12.31%,ADCYAP1;ADORA2B;DRD5;LHCGR;EDNRA;GIPR
prerank,Negative Regulation Of Cell Death (GO:0060548),-0.33710731811333744,-1.0604327457631002,0.3424190800681431,0.7764863420250192,1.0,7/56,4.63%,CCN2;WNT16;CHMP1B;CCN3;CHGA;KANK2;CCN4
prerank,Notochord Development (GO:0030903),-0.5838511942550967,-1.0603996136545126,0.40892193308550184,0.7759030811415791,1.0,2/5,8.26%,COL18A1;COL2A1
prerank,Regulation Of Protein Localization To Nucleolus (GO:1904749),0.5420486347327476,1.0603911341384888,0.40606060606060607,0.6626908657890564,1.0,3/6,27.15%,GLUL;NMD3;MCRS1
prerank,Response To dsRNA (GO:0043331),0.4668981616480142,1.060278814869926,0.40632054176072235,0.6625029836565501,1.0,2/11,9.11%,RFTN1;TLR3
prerank,JNK Cascade (GO:0007254),-0.37833103662358636,-1.060163062885635,0.3608617594254937,0.775864372370369,1.0,5/28,10.36%,MAP2K4;MAP3K12;MAPK8;MAPK8IP2;MAP4K3
prerank,Positive Regulation Of Endocytic Recycling (GO:2001137),0.5522250718962816,1.060113362175302,0.4295774647887324,0.6624695933013797,1.0,1/6,1.79%,SORL1
prerank,Negative Regulation Of Transferase Activity (GO:0051348),0.36287847265807105,1.0596579461841964,0.3640256959314775,0.6630582318483391,1.0,8/34,19.70%,IRS2;XRCC1;TINF2;TP53;BANF1;SMAD7;CDKN1B;DTX3L
prerank,"Nucleotide-Excision Repair, DNA Gap Filling (GO:0006297)",-0.5910717837485617,-1.0595767999579941,0.42135922330097086,0.7767342063670775,1.0,3/5,38.45%,POLE;POLD3;TENT4A
prerank,Positive Regulation Of Neuroblast Proliferation (GO:0002052),0.41515229956918737,1.0594949192029026,0.39732142857142855,0.6629862084572665,1.0,4/18,12.98%,VCAN;BCAN;HAPLN2;DISC1
prerank,Thiamine Transmembrane Transport (GO:0071934),-0.6001433424330926,-1.0592089805322873,0.42293233082706766,0.7770513417221275,1.0,3/5,20.36%,SLC22A2;SLC19A3;SLC44A4
prerank,Intracellular Copper Ion Homeostasis (GO:0006878),-0.48336607822278793,-1.0584681835301144,0.39676840215439857,0.7783485163372251,1.0,4/11,15.94%,SLC30A10;ARF1;APP;PRND
prerank,Regulation Of Transmembrane Transporter Activity (GO:0022898),0.500008103692332,1.0583443115095892,0.4113785557986871,0.6649678237225715,1.0,4/8,17.27%,AHCYL1;SNCA;PIM1;BCL2
prerank,7-Methylguanosine mRNA Capping (GO:0006370),-0.5820247634101554,-1.0582477693594077,0.4479553903345725,0.7775796484401848,1.0,3/5,29.66%,NCBP1;RNGTT;RAMAC
prerank,7-Methylguanosine RNA Capping (GO:0009452),-0.5820247634101554,-1.0582477693594077,0.4479553903345725,0.7775796484401848,1.0,3/5,29.66%,NCBP1;RNGTT;RAMAC
prerank,Rho Protein Signal Transduction (GO:0007266),0.3468360012187952,1.0579514088376336,0.3619489559164733,0.6654266857264216,1.0,7/48,3.57%,ARHGDIB;RHOG;TAX1BP3;PDPN;GNA12;WAS;RHOA
prerank,Positive Regulation Of Dendrite Morphogenesis (GO:0050775),-0.4386779837021341,-1.057712949483897,0.3952205882352941,0.7782851989288262,1.0,5/15,16.62%,CAPRIN2;CDKL3;DBN1;SS18L1;LRP8
prerank,Hepatocyte Differentiation (GO:0070365),0.5698029028666582,1.057612325103107,0.4129979035639413,0.6657365571463768,1.0,2/5,7.88%,PCK2;PROX1
prerank,Plasma Membrane Phospholipid Scrambling (GO:0017121),0.5661228626061862,1.0573432525940862,0.42105263157894735,0.665900014932108,1.0,3/5,31.48%,PLSCR1;P2RX7;PLSCR3
prerank,Fat Cell Differentiation (GO:0045444),-0.3314217555243437,-1.0572587023272195,0.3474426807760141,0.7787692912215289,1.0,9/58,5.61%,NR4A1;NR4A2;NR4A3;ZFPM2;KLF4;ADGRF5;BSCL2;BBS9;PPARGC1A
prerank,Negative Regulation Of Cellular Metabolic Process (GO:0031324),0.35782675151461063,1.0572506879163839,0.35053763440860214,0.6656682664207458,1.0,5/38,7.62%,NUPR1;SIRT2;SREBF1;FBP1;SIRT6
prerank,Positive Regulation Of Ruffle Assembly (GO:1900029),0.46861875606827774,1.0572293843737246,0.40274599542334094,0.6652909757552933,1.0,3/11,12.17%,PFN1;PLEKHM1;P2RY12
prerank,Muscle Tissue Morphogenesis (GO:0060415),-0.4528837872106125,-1.0569898336048955,0.3820840950639854,0.7788181293820433,1.0,5/14,15.92%,BMP4;TGFBR3;MYLK2;ANKRD1;BMP2
prerank,Mitochondrion Transport Along Microtubule (GO:0047497),-0.45682957591726137,-1.0569492144928145,0.4194690265486726,0.7782656116862775,1.0,1/14,1.42%,NEFL
prerank,Positive Regulation Of Organelle Organization (GO:0010638),0.37918958594676544,1.0566894729929863,0.37610619469026546,0.6660129610161154,1.0,5/30,10.09%,TREM2;TMED9;LMAN1;SURF4;PFDN2
prerank,Regulation Of Mitotic Sister Chromatid Segregation (GO:0033047),-0.5259428113060826,-1.056349048868412,0.4353369763205829,0.779121022119278,1.0,3/8,19.41%,DUSP1;USP44;KAT5
prerank,Skeletal Muscle Tissue Regeneration (GO:0043403),-0.518913244871726,-1.0563326041051975,0.40069686411149824,0.7785038365845824,1.0,2/8,17.47%,CFLAR;MSTN
prerank,Regulation Of Phospholipid Metabolic Process (GO:1903725),0.5087539874135694,1.056244394808496,0.3986784140969163,0.6665571163002098,1.0,3/8,18.28%,PHB2;MTMR1;MTMR3
prerank,Regulation Of Tau-Protein Kinase Activity (GO:1902947),0.49699376536088263,1.0562215847761136,0.4113636363636364,0.6661799792517717,1.0,2/9,3.86%,SORL1;CLU
prerank,rRNA Modification (GO:0000154),0.4280922394900075,1.0559488376788884,0.3860045146726862,0.6663196891236588,1.0,4/17,9.35%,TSR3;DKC1;NHP2;TRMT112
prerank,"Fatty Acid Elongation, Saturated Fatty Acid (GO:0019367)",-0.5940931159830489,-1.0558842568252491,0.42054263565891475,0.7770593530084646,1.0,2/5,16.32%,ELOVL4;ELOVL7
prerank,"Fatty Acid Elongation, Polyunsaturated Fatty Acid (GO:0034626)",-0.5940931159830489,-1.0558842568252491,0.42054263565891475,0.7770593530084646,1.0,2/5,16.32%,ELOVL4;ELOVL7
prerank,"Fatty Acid Elongation, Monounsaturated Fatty Acid (GO:0034625)",-0.5940931159830489,-1.0558842568252491,0.42054263565891475,0.7770593530084646,1.0,2/5,16.32%,ELOVL4;ELOVL7
prerank,"Fatty Acid Elongation, Unsaturated Fatty Acid (GO:0019368)",-0.5940931159830489,-1.0558842568252491,0.42054263565891475,0.7770593530084646,1.0,2/5,16.32%,ELOVL4;ELOVL7
prerank,Mitochondrial DNA Replication (GO:0006264),0.4926769231663069,1.055868966516452,0.3830734966592428,0.6660581084017426,1.0,1/9,3.86%,SSBP1
prerank,DNA Synthesis Involved In DNA Repair (GO:0000731),0.3944630000552847,1.0558564114770184,0.38377192982456143,0.665666026415694,1.0,2/25,1.81%,TNFSF13B;PARP10
prerank,Regulation Of Transcription Of Nucleolar Large rRNA By RNA Polymerase I (GO:1901836),0.4758204375174476,1.0557159921118382,0.36971046770601335,0.6655838271091097,1.0,4/10,20.68%,SMARCB1;PWP1;SIRT7;NOP53
prerank,Regulation Of Synapse Assembly (GO:0051963),-0.3551222891843959,-1.0556967843397227,0.35767790262172283,0.77691691742828,1.0,8/47,10.89%,SRPX2;LRFN5;CLSTN2;SLITRK4;CHRNB2;MYCBP2;CLSTN3;MDGA1
prerank,Neurotransmitter Uptake (GO:0001504),-0.497137030507223,-1.0556890447084024,0.4336917562724014,0.7762793041369873,1.0,3/10,6.72%,SLC22A2;SNAP25;SLC22A3
prerank,"Phagocytosis, Engulfment (GO:0006911)",0.38171739922493775,1.055640377304853,0.3767441860465116,0.665323204549878,1.0,7/27,11.09%,ITGB2;MSR1;AIF1;BIN2;FCGR2B;MEGF10;ARHGAP25
prerank,"Negative Regulation Of DNA-templated Transcription, Elongation (GO:0032785)",0.41440838129148383,1.0555860973486952,0.3616557734204793,0.6650310233979543,1.0,4/18,8.63%,LARP7;SIRT6;PARP1;NELFCD
prerank,Amino Acid Catabolic Process (GO:0009063),0.3616127961648299,1.0553147127126028,0.3608490566037736,0.6652285924703265,1.0,12/34,22.10%,MCCC2;DDO;ALDH5A1;KYNU;BCKDHA;ALDH4A1;HOGA1;ALDH6A1;IVD;ETFB;BLMH;MCCC1
prerank,Cartilage Development (GO:0051216),-0.3547078473858851,-1.0552099182614838,0.35628227194492257,0.7768093044169522,1.0,14/46,13.98%,OGN;SLC26A2;CCN3;BMP4;SCX;NFIB;HES5;WNT2B;SULF2;COL2A1;OSR2;TRIP11;GDF5;HOXD3
prerank,RNA Phosphodiester Bond Hydrolysis (GO:0090501),0.37766479066154945,1.0550970234525008,0.37472283813747226,0.6652992843895922,1.0,7/27,13.12%,RNASE6;TRIR;NHP2;NUDT16;CPSF3;PCF11;CSTF3
prerank,Purine Nucleoside Bisphosphate Biosynthetic Process (GO:0034033),-0.4811911091360119,-1.0550228114570295,0.4068100358422939,0.7752898940734279,1.0,5/10,26.45%,ACOT7;PANK1;COASY;PANK3;PPCDC
prerank,Coenzyme A Biosynthetic Process (GO:0015937),-0.4811911091360119,-1.0550228114570295,0.4068100358422939,0.7752898940734279,1.0,5/10,26.45%,ACOT7;PANK1;COASY;PANK3;PPCDC
prerank,Ribonucleoside Bisphosphate Biosynthetic Process (GO:0034030),-0.4811911091360119,-1.0550228114570295,0.4068100358422939,0.7752898940734279,1.0,5/10,26.45%,ACOT7;PANK1;COASY;PANK3;PPCDC
prerank,Neuromuscular Synaptic Transmission (GO:0007274),-0.45168430482354727,-1.0550208788536886,0.3825136612021858,0.7746422761078092,1.0,5/15,9.46%,ERC2;ERC1;CHRNB2;CHRNA3;SLC5A7
prerank,Negative Regulation Of T Cell Differentiation (GO:0045581),0.46918533564932074,1.0545837141957002,0.4,0.665957923738779,1.0,1/11,0.10%,LILRB4
prerank,Regulation Of Early Endosome To Late Endosome Transport (GO:2000641),0.4149864331406308,1.05456608284739,0.39461883408071746,0.6655744443860243,1.0,5/18,13.42%,EZR;SNX12;MAP2K2;DAB2;DNAJC13
prerank,Phospholipase C-activating Dopamine Receptor Signaling Pathway (GO:0060158),0.5383634488743263,1.0544278552650774,0.41596638655462187,0.6654881228078874,1.0,1/6,2.43%,GNA15
prerank,cAMP Biosynthetic Process (GO:0006171),-0.5075539150374317,-1.0543309261350622,0.4132841328413284,0.7757655835686493,1.0,3/9,20.60%,ADCY4;ADCY5;ADCY3
prerank,Peptidyl-Tyrosine Autophosphorylation (GO:0038083),0.47509849046284175,1.0542724936968149,0.3766519823788546,0.6654064476531604,1.0,1/12,0.06%,DDR1
prerank,Skeletal Muscle Fiber Development (GO:0048741),-0.5126841904724223,-1.0542422405477498,0.4090909090909091,0.7753280194237637,1.0,1/8,3.51%,SIX1
prerank,Negative Regulation Of Cellular Process (GO:0048523),-0.25769570132937314,-1.0541548676588823,0.27804107424960506,0.7748940010227209,1.0,96/478,14.03%,FBLN1;RERG;PTPRU;ADAMTS1;CAPRIN2;CCN2;WNT16;PODN;CHMP1B;NR4A1;IGFBP6;SHH;CCN3;BMP4;DUSP1;TXNIP;NRG1;KANK2;SUSD2;ITGA1;PDS5B;BMP5;PODXL;SPINT2;MYO16;SFRP1;SLIT2;FRZB;ST7L;NGF;TNS2;CCN4;COL18A1;ADARB1;ADGRB1;DCUN1D3;PLXNA2;CXCL8;BICRAL;HSPA1A;ADRA1D;CDH13;PHF14;APLP2;TSPYL2;SMAD4;ADAMTS8;SFRP4;COPS8;MYO1C;ACTL6B;MAGI2;CXCL1;DIS3L2;NDRG3;APOBEC3A;TGFB1I1;NPR1;MDM4;P3H3;BTG2;IL6;APOA1;CYP1B1;ING5;ULK1;WNT11;SFRP2;JAM2;CTNNB1;ALDH1A2;ATP8A2;ANGPT1;ARHGDIG;PPM1D;BMPR2;RNF139;CDA;SS18;HPGD;THAP5;GLMN;MMRN2;PLPP1;MYH9;HOXC9;APP;ANXA6;SMYD2;IGFBP3;PIM2;PLXNA4;TP53TG5;SMARCA4;RIPOR2;THAP12
prerank,Purine-Containing Compound Metabolic Process (GO:0072521),0.5297967553370917,1.0537435027069284,0.4095022624434389,0.6660898237972905,1.0,5/7,28.49%,PRPS1;MACROD1;GUK1;OARD1;MACROD2
prerank,Hemopoiesis (GO:0030097),-0.31158502918797737,-1.0537394351135727,0.3471971066907776,0.7753255080904125,1.0,22/90,15.07%,OGT;CD34;KDR;BMP4;PRRC2C;JAG1;MFAP5;SFRP1;SNRK;TGFBR3;KIT;WNT2B;FUT10;SFRP2;CDK13;TGFBR2;MECOM;TOX;FST;KAT8;TET2;MEIS1
prerank,Monocarboxylic Acid Metabolic Process (GO:0032787),0.3091441801336454,1.0530759305354522,0.3542713567839196,0.6671643986387097,1.0,27/75,24.49%,TSPO;ACBD5;ACBD4;NPC1;ACAA1;PNPLA8;GRHPR;GAMT;SLC6A8;ALKBH7;LCP1;KYNU;HOGA1;CYP4F11;GPAT2;NAAA;HYI;GNPAT;SCP2;MGAT4A;FASN;MCCC1;CYP4F12;PCCB;AOAH;DSEL;ACOT4
prerank,Positive Regulation Of Synapse Assembly (GO:0051965),-0.3878323318301505,-1.0529716883608662,0.3685185185185185,0.7766518902207414,1.0,6/29,14.26%,SRPX2;CLSTN2;SLITRK4;CLSTN3;SLITRK1;VSTM5
prerank,Positive Regulation Of Attachment Of Spindle Microtubules To Kinetochore (GO:0051987),0.48196062455943744,1.0528658613260466,0.42045454545454547,0.6671890275766138,1.0,2/10,8.32%,SIRT2;BECN1
prerank,NIK/NF-kappaB Signaling (GO:0038061),0.36939820423799,1.0526561807609256,0.37272727272727274,0.6672068355561235,1.0,8/32,11.94%,CHI3L1;ZFP91;CHUK;RELA;TLR3;MAP3K7;TNFRSF10B;RELB
prerank,Neuron Maturation (GO:0042551),0.4219704885865075,1.0526422497803853,0.38620689655172413,0.6668167140420512,1.0,4/17,8.35%,C3;C1QA;MTCH1;B4GALT5
prerank,Oligosaccharide Metabolic Process (GO:0009311),0.34769455658453813,1.0526333197641566,0.3616557734204793,0.6664180379851727,1.0,6/40,5.89%,ST8SIA1;NAGA;FUT4;ST3GAL6;NEU4;GLA
prerank,Regulation Of miRNA Metabolic Process (GO:2000628),0.5135243424932796,1.0523981723022424,0.4375,0.6664754525328055,1.0,2/8,8.10%,TGFB1;RELA
prerank,Phosphate Ion Transmembrane Transport (GO:0035435),0.49935127150779646,1.0521265245420288,0.4178794178794179,0.6666298776420645,1.0,3/9,12.94%,SLC37A2;SLC25A10;XPR1
prerank,Filopodium Assembly (GO:0046847),0.4212620017556097,1.0520713585795016,0.36989247311827955,0.6663418717378427,1.0,4/17,5.48%,FGD3;EZR;PPP1R9B;FMNL3
prerank,Enteric Nervous System Development (GO:0048484),0.5619370672222919,1.0517015676641854,0.4072494669509595,0.6666953714168875,1.0,2/5,8.24%,SOX10;SOX8
prerank,Regulation Of Cardiac Muscle Cell Membrane Repolarization (GO:0099623),-0.4268325213136187,-1.0511112295274097,0.399624765478424,0.780812528215986,1.0,7/18,15.19%,SCN4B;CACNA1D;CACNA2D1;FLNA;KCNH2;GJA5;SCN1B
prerank,Establishment Of Melanosome Localization (GO:0032401),0.42679462185988315,1.050776805477658,0.3881278538812785,0.6683156524011707,1.0,5/16,18.15%,RAB27A;BLOC1S6;MREG;BLOC1S3;RAB11B
prerank,Protein Kinase B Signaling (GO:0043491),0.3930097939913184,1.0504471156222654,0.3833718244803695,0.668600670454781,1.0,4/23,5.03%,CCL2;TGFB1;TYRO3;AKT1
prerank,Protein Localization To Membrane (GO:0072657),-0.2832586938922447,-1.0503462085473028,0.33389544688026984,0.7820795997516445,1.0,27/179,10.70%,CACNB2;THY1;MRAP2;PKP2;RAB3D;PTN;PTCH1;KCNB1;RAMP2;GAS6;ARL5B;RAB3A;ROCK2;RAB3C;NKD2;C2CD5;MAGI2;NUP155;ANO1;FCHO2;WDR19;FLNA;ATP1B3;SLMAP;BSG;EMP2;MYO5A
prerank,Regulation Of Glycolytic Process (GO:0006110),-0.36483853660514115,-1.050165168600988,0.3779385171790235,0.7818940802543449,1.0,11/39,15.33%,OGT;SLC2A6;IFNG;INSR;PRKAA1;RPTOR;ZBTB20;MLST8;APP;PRKAA2;HDAC4
prerank,Negative Regulation Of Ruffle Assembly (GO:1900028),0.550482176641068,1.0499779665503346,0.4393305439330544,0.6691419137990953,1.0,2/6,12.00%,TACSTD2;PFN2
prerank,Mitochondrial Fragmentation Involved In Apoptotic Process (GO:0043653),0.5511131384535602,1.0499166949953134,0.43640350877192985,0.6688457435502002,1.0,4/6,18.02%,BAX;FIS1;ERBB4;CCAR2
prerank,L-glutamate Import (GO:0051938),-0.46067583927325806,-1.0497821297655847,0.41563055062166965,0.7815825934131804,1.0,3/13,4.47%,SLC25A12;SLC7A11;SLC1A2
prerank,L-glutamate Transmembrane Transport (GO:0015813),-0.46067583927325806,-1.0497821297655847,0.41563055062166965,0.7815825934131804,1.0,3/13,4.47%,SLC25A12;SLC7A11;SLC1A2
prerank,Cyclic Nucleotide Transport (GO:0070729),-0.5666516245022661,-1.0496589521019637,0.43345323741007197,0.7812605956599095,1.0,2/6,6.58%,SLC19A1;ABCC5
prerank,Auditory Receptor Cell Morphogenesis (GO:0002093),0.5513094155484105,1.0496021250966228,0.4095860566448802,0.6686895805084138,1.0,2/6,8.98%,TPRN;WHRN
prerank,Auditory Receptor Cell Stereocilium Organization (GO:0060088),0.5513094155484105,1.0496021250966228,0.4095860566448802,0.6686895805084138,1.0,2/6,8.98%,TPRN;WHRN
prerank,Regulation Of Mitochondrial Outer Membrane Permeabilization Involved In Apoptotic Signaling Pathway (GO:1901028),0.4270670346106652,1.0493762563058378,0.4074074074074074,0.668778905347911,1.0,5/16,16.38%,SLC25A6;SLC35F6;BOK;BAK1;CHCHD10
prerank,Neural Crest Cell Differentiation (GO:0014033),-0.4339193074446082,-1.049197621096132,0.4095940959409594,0.7817709711133254,1.0,3/16,8.29%,NRG1;FAM172A;TAPT1
prerank,Regulation Of Response To Cytokine Stimulus (GO:0060759),-0.44338349657409215,-1.0488230340056868,0.4010600706713781,0.7821210870812653,1.0,6/14,31.62%,KLF4;TLE5;MAP2K5;IRAK2;SH2B3;WNT5A
prerank,Sphingosine Metabolic Process (GO:0006670),0.4153839186282665,1.0486414944194429,0.35714285714285715,0.6699346346347196,1.0,5/16,10.83%,SPTSSA;SGPP1;ASAH1;SPTLC2;PLPP2
prerank,Negative Regulation Of Fibrinolysis (GO:0051918),-0.47601237772655214,-1.0486411995946396,0.42990654205607476,0.7819267256424257,1.0,5/10,31.24%,NRG1;PLAT;F2;THBD;THBS1
prerank,Extracellular Transport (GO:0006858),-0.4747611554121018,-1.0486161611129183,0.425,0.7813324066744974,1.0,5/11,30.70%,SPEF2;CCDC40;TSG101;SPAG17;CABYR
prerank,Response To ATP (GO:0033198),0.40725757271799307,1.0485185090111397,0.3882863340563991,0.6697711884560678,1.0,3/18,4.45%,CIB2;P2RY11;KCNJ11
prerank,Leukocyte Adhesion To Vascular Endothelial Cell (GO:0061756),0.4109107597813611,1.0481084576036017,0.3940774487471526,0.6702256973958499,1.0,7/19,18.07%,MADCAM1;GOLPH3;SPN;SELPLG;SLC39A8;GCNT1;CX3CR1
prerank,Positive Regulation Of Potassium Ion Transmembrane Transport (GO:1901381),-0.4404849165296393,-1.0480479313491802,0.41509433962264153,0.7820812662023072,1.0,5/16,10.56%,AKAP9;AMIGO1;FLNA;ATP1B3;KCNH2
prerank,Regulation Of Defense Response To Virus By Host (GO:0050691),0.37290353805989274,1.0479786439529348,0.37327188940092165,0.6700951201780833,1.0,12/31,22.38%,LILRB1;TRAF3IP2;IL12RB1;MAVS;IFNLR1;TARBP2;RNF216;PQBP1;DTX3L;APOBEC3G;TRIM44;TRIM22
prerank,Regulation Of Gap Junction Assembly (GO:1903596),0.5495299955018061,1.047726221989604,0.43010752688172044,0.6702071726579567,1.0,3/6,15.68%,AGT;APLNR;IRX3
prerank,Protein Localization To Chromatin (GO:0071168),-0.398111188570231,-1.0473887475465142,0.39575289575289574,0.7831681340040132,1.0,3/24,8.75%,LEF1;ZMYND8;MSH2
prerank,Positive Regulation Of Actin Filament Bundle Assembly (GO:0032233),-0.3441978528186348,-1.047330826545396,0.3719165085388994,0.7826844844564663,1.0,11/48,12.12%,CCN2;TPM1;NELL1;SFRP1;ROCK2;MYOC;APOA1;WNT11;LIMK1;EVL;FHOD1
prerank,SCF-dependent Proteasomal Ubiquitin-Dependent Protein Catabolic Process (GO:0031146),-0.3674139761477213,-1.0472646771191463,0.38488576449912126,0.7822099511076036,1.0,8/38,18.39%,CUL1;FBXL4;CUL2;FBXL2;FBXL16;FBXO9;FBXL20;FBXO39
prerank,Positive Regulation Of Mitochondrial Calcium Ion Concentration (GO:0051561),-0.5181360785610925,-1.047107755690878,0.43830570902394106,0.781983959035921,1.0,2/8,6.43%,MICU1;MCU
prerank,Negative Regulation Of Epidermal Growth Factor Receptor Signaling Pathway (GO:0042059),0.3951812840983041,1.0470035564906286,0.3987473903966597,0.6713405507160823,1.0,8/22,13.66%,RAB7A;PTPRJ;PTPN2;SOCS6;RNF126;DUSP3;DAB2IP;ZFYVE28
prerank,Cytoplasmic Microtubule Organization (GO:0031122),0.3387788023245298,1.046988528588125,0.34,0.670958416594647,1.0,7/48,4.72%,EZR;KPNB1;TPPP;RHOA;CLIP2;LIMK2;KATNAL1
prerank,Negative Regulation Of Locomotion (GO:0040013),0.45831470575326116,1.0468181420442,0.4442013129102845,0.6708902619650825,1.0,7/12,10.90%,TACSTD2;WAS;PTPN2;CRK;GATA3;DUSP3;FRMD5
prerank,Regulation Of Cell Cycle G1/S Phase Transition (GO:1902806),0.3137845343968703,1.0459481827891886,0.3623853211009174,0.6724237390483915,1.0,12/70,9.75%,CDKN2A;CDKN1A;PTPN6;PSME2;INO80;CDC73;DPF3;PHB2;CDKN2B;SMARCB1;PSME1;DPF2
prerank,Regulation Of Establishment Of Protein Localization To Telomere (GO:0070203),0.497790065734832,1.0456127533634918,0.4132420091324201,0.672713997944683,1.0,3/8,15.79%,DKC1;CCT3;CCT8
prerank,Negative Regulation Of Gene Expression (GO:0010629),0.25908030784326064,1.0456001573479863,0.29838709677419356,0.6723252697761566,1.0,41/298,11.29%,APOE;SPI1;HAVCR2;LGALS9;MSR1;CAPRIN1;PARP10;TGFB1;GPNMB;PPP2CB;YY1;PPARG;TGFB2;SLC11A1;NDFIP1;SHMT1;TTBK1;PRKAR1A;EMILIN1;FGF2;ERP29;ANXA7;APLN;CCR1;STC2;SORD;SIRT6;PHF19;LGMN;FCGR2B;NUDT16;SNX12;TRIM27;GIGYF2;AGO4;NTS;FLOT2;APLNR;CHD4;PTBP3;CLEC4A
prerank,Modulation By Host Of Viral Process (GO:0044788),0.402633553851423,1.0455166156146976,0.3870246085011186,0.6721041591660424,1.0,8/20,19.25%,LTF;NUCKS1;RAB29;CFL1;EEA1;ZDHHC8;ZDHHC9;ZNF502
prerank,tRNA Aminoacylation For Mitochondrial Protein Translation (GO:0070127),-0.5607516892226465,-1.0450606069169497,0.4489051094890511,0.7866076278658413,1.0,3/6,30.84%,YARS2;WARS2;SARS2
prerank,Cellular Response To Fibroblast Growth Factor Stimulus (GO:0044344),-0.3409609896610982,-1.044700808454809,0.3628472222222222,0.7869103521092131,1.0,10/49,7.86%,NR4A1;FLRT2;SFRP1;FGF17;FGF18;FLRT3;EGR3;CXCL8;FGFR1;FGF9
prerank,Regulation Of Fibroblast Growth Factor Receptor Signaling Pathway (GO:0040036),-0.41869898272005335,-1.0445886200088526,0.41551724137931034,0.7865574566630185,1.0,9/19,24.30%,SPRY4;SPRY3;SULF2;SMOC2;OTX2;NOG;PRKD2;NPTN;SPRY1
prerank,Synaptic Vesicle Membrane Organization (GO:0048499),-0.4501271191751084,-1.0445179013098849,0.4264432029795158,0.7861099601530894,1.0,4/14,7.78%,SYP;SNAP25;PRRT2;SYNGR1
prerank,Positive Regulation Of Amyloid-Beta Formation (GO:1902004),0.4232111491722971,1.0445149881278708,0.4012875536480687,0.6738484020885276,1.0,3/16,8.10%,ABCG1;CLU;RELA
prerank,Nucleotide-Binding Oligomerization Domain Containing 2 Signaling Pathway (GO:0070431),0.5706480430212134,1.044453775624109,0.44086021505376344,0.6735568854776023,1.0,3/5,23.53%,RELA;LACC1;RIPK2
prerank,Negative Regulation Of Nuclear Division (GO:0051784),-0.5100545429865433,-1.0444248540230314,0.4389380530973451,0.7856969744137653,1.0,1/8,1.79%,BMP4
prerank,Purine Ribonucleoside Monophosphate Catabolic Process (GO:0009169),-0.5378418394002569,-1.0443501934621402,0.44789762340036565,0.7852357804627909,1.0,2/7,7.22%,NT5E;HPRT1
prerank,Positive Regulation Of Microtubule Nucleation (GO:0090063),-0.5483019719972574,-1.044214097716134,0.4454713493530499,0.7849322224214427,1.0,1/6,5.60%,HSPA1A
prerank,rRNA Methylation (GO:0031167),-0.4167895891935783,-1.0440970000727816,0.387719298245614,0.7845741677970444,1.0,1/19,0.76%,FBLL1
prerank,Mast Cell Activation Involved In Immune Response (GO:0002279),-0.5105598664337162,-1.0438842042664203,0.4186046511627907,0.7838049223978685,1.0,3/8,9.53%,NR4A3;KIT;GRP
prerank,Mast Cell Degranulation (GO:0043303),-0.5105598664337162,-1.0438842042664203,0.4186046511627907,0.7838049223978685,1.0,3/8,9.53%,NR4A3;KIT;GRP
prerank,Cellular Response To Monoamine Stimulus (GO:0071868),-0.5433079317843499,-1.0436207166508509,0.4373795761078998,0.7838388872049233,1.0,2/6,9.88%,NR4A3;DRD5
prerank,Negative Regulation Of Plasma Membrane Bounded Cell Projection Assembly (GO:0120033),-0.39711904659779285,-1.043594924107452,0.4003623188405797,0.7832725515466065,1.0,7/25,12.01%,NRG1;ARHGAP44;CCP110;SLIT2;MPHOSPH9;TBC1D30;EVL
prerank,snRNA Metabolic Process (GO:0016073),-0.40759495129084616,-1.0434753064307305,0.3832752613240418,0.7829467738761604,1.0,6/21,20.57%,INTS6;SNAPC3;INTS8;INTS4;INTS9;RPAP2
prerank,NLS-bearing Protein Import Into Nucleus (GO:0006607),0.4737006584633247,1.0434445456512094,0.4260204081632653,0.6752795528397229,1.0,1/10,1.94%,KPNB1
prerank,miRNA Metabolic Process (GO:0010586),-0.44452995559716635,-1.043352278354514,0.44153577661431065,0.7826338451070504,1.0,7/14,32.53%,TENT4B;DIS3L2;PARN;TUT4;TUT7;DICER1;TRIM71
prerank,Endothelial Cell Proliferation (GO:0001935),-0.4218461083942817,-1.0432505469046103,0.39090909090909093,0.7822482932205381,1.0,9/18,21.90%,CD34;BMP4;PROK2;BMPER;BMPR2;NRARP;ITGB1BP1;TEK;ANGPT4
prerank,Negative Regulation Of Striated Muscle Cell Differentiation (GO:0051154),0.4317169995493809,1.0432379317355855,0.408675799086758,0.6752824375898858,1.0,3/15,5.26%,XBP1;TMEM119;BHLHE41
prerank,Positive Regulation Of Telomere Capping (GO:1904355),-0.44856442277074593,-1.0430328453198652,0.4214417744916821,0.7821515839722933,1.0,1/14,0.51%,MAP3K4
prerank,Mitochondrial Protein Processing (GO:0034982),0.4838364373003768,1.042982751068813,0.41098901098901097,0.6754252839720584,1.0,2/10,5.86%,YME1L1;IMMP1L
prerank,Adenine Nucleotide Transport (GO:0051503),-0.4394919195780992,-1.042743250893331,0.4265232974910394,0.7816034002149487,1.0,9/15,29.82%,SLC19A1;ABCC5;SLC25A25;LRRC8C;SLC35B3;SLC25A17;SLC25A4;SLC25A42;LRRC8D
prerank,Purine Ribonucleotide Transport (GO:0015868),-0.4394919195780992,-1.042743250893331,0.4265232974910394,0.7816034002149487,1.0,9/15,29.82%,SLC19A1;ABCC5;SLC25A25;LRRC8C;SLC35B3;SLC25A17;SLC25A4;SLC25A42;LRRC8D
prerank,Regulation Of Nucleotide-Binding Oligomerization Domain Containing 2 Signaling Pathway (GO:0070432),0.5584246260990438,1.042408634162339,0.4369747899159664,0.6762658710462954,1.0,2/5,6.52%,SLC15A4;SLC15A3
prerank,Positive Regulation Of Cysteine-Type Endopeptidase Activity (GO:2001056),0.32598718079337474,1.0423272243200945,0.3470319634703196,0.6760159254745164,1.0,14/59,13.79%,SYK;PYCARD;CTSD;TTBK1;NLRC4;FADD;MAP3K5;FIS1;LGMN;NDUFA13;BCL10;NLRP3;BAK1;IFI16
prerank,Response To Hepatocyte Growth Factor (GO:0035728),-0.5809691582252272,-1.042123793222844,0.451171875,0.7819147273046955,1.0,1/5,1.84%,NELL1
prerank,Cellular Response To Hepatocyte Growth Factor Stimulus (GO:0035729),-0.5809691582252272,-1.042123793222844,0.451171875,0.7819147273046955,1.0,1/5,1.84%,NELL1
prerank,Positive Regulation Of Isotype Switching (GO:0045830),0.4428783120495082,1.0420696382698675,0.4391891891891892,0.6761381011467273,1.0,4/14,16.05%,TGFB1;CLCF1;TNFSF13;KMT5C
prerank,Renal Filtration (GO:0097205),-0.47044363470507194,-1.0418969239891989,0.4207547169811321,0.7818608563184838,1.0,5/12,18.74%,MCAM;SULF2;TBC1D8B;TMEM63C;ITGA3
prerank,Lung Development (GO:0030324),-0.37348665928007213,-1.0416743492928118,0.40625,0.7817839663026849,1.0,9/31,10.04%,FGF10;SHH;BMP4;PHF14;ERRFI1;CCDC39;FGF9;WNT11;STRA6
prerank,Vascular Endothelial Growth Factor Receptor Signaling Pathway (GO:0048010),0.36930504309287226,1.0414086418324946,0.4087912087912088,0.6771458780288125,1.0,12/28,19.19%,MAPKAPK3;VAV1;VEGFB;PTK2;PTK2B;SLC31A1;MAPKAPK2;DAB2IP;FYN;PDCD6;PGF;BCAR1
prerank,Telomere Maintenance Via Telomerase (GO:0007004),0.41642300118513387,1.0413291203492685,0.39101123595505616,0.6765022552380321,1.0,4/17,13.17%,DKC1;NHP2;RFC1;TERF2IP
prerank,RNA-templated DNA Biosynthetic Process (GO:0006278),0.41642300118513387,1.0413291203492685,0.39101123595505616,0.6765022552380321,1.0,4/17,13.17%,DKC1;NHP2;RFC1;TERF2IP
prerank,Pexophagy (GO:0000425),0.573226517081748,1.0412506815688423,0.45454545454545453,0.6762403938878736,1.0,4/5,23.62%,PEX5;PEX2;SQSTM1;USP30
prerank,Regulation Of Oxidative Stress-Induced Cell Death (GO:1903201),0.5701759797629058,1.0409736047507308,0.45598194130925507,0.6764114336142016,1.0,1/5,3.34%,P4HB
prerank,Cellular Component Assembly (GO:0022607),-0.2741386875191951,-1.0406589564303146,0.3520408163265306,0.7837749479058583,1.0,39/234,10.79%,THSD4;PKP2;USH1C;DMD;CALD1;BAIAP2L1;PARD3;ADD2;RIMS1;PAWR;NEFH;GAS6;FANCC;KIFAP3;CFAP206;REPS2;CYFIP2;CREBBP;OCLN;HES5;RAC3;PPARGC1A;LAMC1;RHOD;WASF3;SYCE1;MYO9A;VCPIP1;TSPAN4;MDM4;AP2M1;BSN;EPS8;WDR19;NCKAP1;TTC26;TTLL3;KNTC1;GSN
prerank,Cell Junction Organization (GO:0034330),-0.34104319140304085,-1.0406304178646388,0.3893805309734513,0.7832182741489762,1.0,13/54,12.81%,SLC6A1;PAK3;TJP1;SNCG;OCLN;PTK7;MARVELD3;MYO9A;SLC8A2;MARVELD2;SNCB;MYOT;APP
prerank,RNA Catabolic Process (GO:0006401),0.33324907157413824,1.0405819090299047,0.3704545454545455,0.6768547638265966,1.0,16/54,19.20%,RNASE6;RNASET2;PPP1R8;EXOSC4;NUDT16;XRN2;AGO4;EXOSC7;EXOSC6;RNH1;NUDT16L1;PABPC4;ZFP36L2;EXOSC3;LSM2;ERN1
prerank,Mitral Valve Development (GO:0003174),-0.5383125534000677,-1.040473718739641,0.4519056261343013,0.7829743671648247,1.0,3/7,15.63%,BMPR2;GJA5;SMAD6
prerank,Negative Regulation Of Nucleocytoplasmic Transport (GO:0046823),0.4599040586936355,1.0404690910124461,0.416289592760181,0.6766881154338755,1.0,4/11,16.74%,SIRT6;RAB23;RANGAP1;CHP1
prerank,Regulation Of Oxidative Phosphorylation (GO:0002082),0.43063386612837085,1.0402465991978458,0.39823008849557523,0.6767276345613151,1.0,3/14,6.59%,NUPR1;SHMT2;COX7A2
prerank,Cellular Response To Potassium Ion (GO:0035865),-0.5713202753586645,-1.0402003414396432,0.4521072796934866,0.7823652323307299,1.0,2/5,28.87%,DLG4;NEK7
prerank,Response To Potassium Ion (GO:0035864),-0.5713202753586645,-1.0402003414396432,0.4521072796934866,0.7823652323307299,1.0,2/5,28.87%,DLG4;NEK7
prerank,Peptidyl-Tyrosine Dephosphorylation Involved In Inactivation Of Protein Kinase Activity (GO:1990264),-0.5365352389646216,-1.0399300450576585,0.45119705340699817,0.7823958397880573,1.0,1/7,0.22%,PTPRB
prerank,Negative Regulation Of Developmental Growth (GO:0048640),-0.3769945735820822,-1.0398817181165592,0.4169611307420495,0.7818736294255276,1.0,13/30,26.16%,PTCH1;MAP2;NKD1;CDKL3;ULK1;SEMA3G;MSTN;FGF13;OSTN;DCC;WWC2;ULK2;SLC6A4
prerank,Thyroid Hormone Transport (GO:0070327),0.5494070293647728,1.0396020656708889,0.4551569506726457,0.677708816991384,1.0,5/6,26.06%,SLCO1C1;SLC16A10;SLC16A2;SLC7A5;SLC3A2
prerank,Positive Regulation Of Myoblast Differentiation (GO:0045663),-0.36957937233629784,-1.0387949394546006,0.39335664335664333,0.7839943534778807,1.0,15/33,26.51%,ARID1B;ACTL6B;BOC;RBM24;SMARCC2;IGFBP3;SMARCA4;RIPOR2;PHF10;KAT5;SMARCD2;MAPK14;ARID2;SMARCA2;SMARCC1
prerank,Regulation Of Stress-Activated MAPK Cascade (GO:0032872),0.33118547128002185,1.0387934015004738,0.3404761904761905,0.679009128338963,1.0,15/49,17.00%,LGALS9;SCIMP;TGFB2;MAPK8IP1;SEMA4C;FAS;GSTP1;EPHB1;MAP2K2;MAP4K4;DAB2IP;RAP2A;PPIA;GREM1;RASGRP1
prerank,Regulation Of Cellular Response To Stress (GO:0080135),0.2872487951743031,1.038769958812921,0.36384976525821594,0.6786477338900045,1.0,23/104,18.89%,NUPR1;TAF10;RADX;YY1;TFPT;ALOX5;INO80;USP1;WDR76;CLN3;ACTR8;MAPKAPK2;MANF;DNAJB6;TMEM98;ACTL6A;RUVBL1;SUPT7L;TAF12;ENY2;VHL;SIRT7;SOX4
prerank,protein-DNA Complex Disassembly (GO:0032986),0.43056490380809187,1.0387246157959504,0.4107142857142857,0.6783359436578495,1.0,3/16,10.23%,SSRP1;SMARCB1;HMGA1
prerank,Regulation Of Histone H3-K4 Methylation (GO:0051569),-0.44448305868588844,-1.0386229071716446,0.4192982456140351,0.783786760516707,1.0,4/14,13.68%,OGT;SMAD4;CTNNB1;KAT8
prerank,Endoderm Formation (GO:0001706),-0.37329880594855164,-1.0382806901051556,0.4,0.7839806016585379,1.0,10/31,15.28%,DUSP1;COL6A1;LAMA3;DUSP5;COL12A1;COL7A1;DUSP2;LAMB1;LAMB3;COL8A1
prerank,Positive Regulation Of Epidermal Cell Differentiation (GO:0045606),-0.4531657970958738,-1.0378517226131292,0.4262295081967213,0.784422676010897,1.0,3/13,10.11%,FOXC1;SFRP4;NCOA3
prerank,Establishment Or Maintenance Of Apical/Basal Cell Polarity (GO:0035088),0.38410473723950334,1.037808047530284,0.40707964601769914,0.679848372003924,1.0,5/24,9.11%,CRB2;DLG5;LLGL1;ERBIN;FSCN1
prerank,Macrophage Differentiation (GO:0030225),0.41507130641973095,1.0376364791789032,0.37389380530973454,0.6798118026248108,1.0,6/17,16.04%,CD4;UCP2;GATA3;PARP1;CSF1R;SOCS1
prerank,Biogenic Amine Biosynthetic Process (GO:0042401),0.515540428703405,1.0374694689346744,0.43907563025210083,0.6797811373443834,1.0,1/7,0.75%,SMOX
prerank,Protein Targeting (GO:0006605),0.2851971821912943,1.0374322974521395,0.36585365853658536,0.6794445277284028,1.0,20/114,15.08%,TOMM7;TSPO;HOMER3;SORL1;GABARAP;AP1S3;FIS1;MAN1A1;VPS37D;TIMM10;TIMM17B;ZDHHC24;APEX1;TIMM13;RTP5;ZDHHC4;VPS13D;VPS37C;GIPC1;TOMM20
prerank,Regulation Of Mitotic Metaphase/Anaphase Transition (GO:0030071),0.33344371171770143,1.03742151170474,0.3826291079812207,0.6790541905021085,1.0,6/48,9.75%,ANAPC11;NEK6;DPF3;CDC23;SMARCB1;DPF2
prerank,Negative Regulation Of Apoptotic Signaling Pathway (GO:2001234),0.3103874123773571,1.036904400824888,0.38317757009345793,0.6797405434440075,1.0,18/73,14.69%,LGALS3;SLC25A6;BCL2L1;CLU;NOL3;AKT1;AKR1B1;GSTP1;TMBIM1;RELA;PSMD10;TGFBR1;SLC35F6;NDUFA13;GRINA;BAK1;TMBIM6;BCL2L2
prerank,L-aspartate Transmembrane Transport (GO:0070778),0.5558668059950298,1.036818368946476,0.44468546637744033,0.6790879906806621,1.0,2/5,7.24%,SLC1A3;SLC1A5
prerank,L-aspartate Import Across Plasma Membrane (GO:0140009),0.5558668059950298,1.036818368946476,0.44468546637744033,0.6790879906806621,1.0,2/5,7.24%,SLC1A3;SLC1A5
prerank,Amine Transport (GO:0015837),-0.5882779983241151,-1.0368134139469953,0.47186932849364793,0.7863177679554293,1.0,2/5,13.28%,SLC22A2;RHCG
prerank,Positive Regulation Of RIG-I Signaling Pathway (GO:1900246),0.48797398180495816,1.0368014674753012,0.43201754385964913,0.6787177891449908,1.0,5/8,30.01%,OASL;ZCCHC3;PUM2;PUM1;DHX58
prerank,Positive Regulation Of Ubiquitin-Dependent Protein Catabolic Process (GO:2000060),0.3069380612455736,1.0367927830376693,0.3591549295774648,0.6783261548351366,1.0,14/78,11.32%,LAPTM5;DNAJB2;CEBPA;SIRT2;CLU;GABARAP;TRIB3;RAD23A;PTK2;SUMO2;RNF19A;PSMD10;DVL1;KEAP1
prerank,Regulation Of Thymocyte Apoptotic Process (GO:0070243),-0.5765745700879286,-1.036789094496537,0.45018450184501846,0.7857391046550325,1.0,2/5,13.64%,BMP4;ZC3H8
prerank,Glycoprotein Catabolic Process (GO:0006516),0.43559066365159776,1.036472116082845,0.40563991323210413,0.6785786263240531,1.0,5/14,14.34%,CTSL;NEU4;EDEM2;MANBA;FBXO2
prerank,Glomerular Filtration (GO:0003094),-0.4882897664671901,-1.036357270071304,0.43843283582089554,0.7861585311822404,1.0,3/10,8.21%,MCAM;SULF2;TBC1D8B
prerank,Phosphatidylcholine Biosynthetic Process (GO:0006656),0.39672653488304954,1.0360057217664924,0.410752688172043,0.6791957586364781,1.0,6/19,15.95%,SLC44A5;GPAT4;MUC1;SLC44A3;SLC44A1;SLC27A1
prerank,Sensory Perception Of Sour Taste (GO:0050915),0.5547347469248367,1.0359534495628702,0.4543524416135881,0.6788970056251379,1.0,1/5,4.52%,PKD2L1
prerank,Regulation Of Neuronal Synaptic Plasticity (GO:0048168),0.35563987935142827,1.035723482210209,0.4054669703872437,0.6790126151226551,1.0,3/34,4.87%,APOE;SHISA9;NOL3
prerank,Serine Family Amino Acid Metabolic Process (GO:0009069),0.46986479058658626,1.0354799054077282,0.39443155452436196,0.6791440826130081,1.0,2/11,3.06%,SHMT2;SHMT1
prerank,Adipose Tissue Development (GO:0060612),0.44802406915624854,1.0353348565600813,0.45073375262054505,0.6790457485733471,1.0,4/12,13.14%,XBP1;SOX8;SPTLC2;SH3PXD2B
prerank,Regulation Of Lipid Catabolic Process (GO:0050994),0.4098022608828429,1.0351474193786203,0.42105263157894735,0.6790041829029317,1.0,3/17,7.62%,APOC1;ABCD1;SIRT6
prerank,Negative Regulation Of Cell Cycle (GO:0045786),0.30395099119526786,1.0350553815886638,0.36017897091722595,0.6787899165419062,1.0,10/77,6.27%,SLC9A3R1;NUPR1;CDKN2A;CEBPA;TGFB1;LILRB1;CDKN1A;TP53I13;GATA3;RRP8
prerank,Regulation Of Mitotic Spindle Assembly (GO:1901673),-0.41123179756908435,-1.0350433791768916,0.40925925925925927,0.788891583051795,1.0,3/18,5.60%,CHMP1B;PDCD6IP;HSPA1A
prerank,Androgen Receptor Signaling Pathway (GO:0030521),-0.4391805324080158,-1.0350422057453168,0.42248722316865417,0.7882579053804647,1.0,3/14,12.37%,TMF1;PMEPA1;PLPP1
prerank,Cell-Cell Adhesion Via Plasma-Membrane Adhesion Molecules (GO:0098742),-0.2852861942576373,-1.034955658928113,0.3733108108108108,0.7878417598032561,1.0,16/147,6.49%,CDH5;HMCN1;TRO;CDH23;CDH18;ESAM;CDH11;LRFN5;SCARF2;FLRT3;CDH12;CLDN5;CDH13;CDH6;PTK7;AMIGO1
prerank,Protein N-linked Glycosylation Via Asparagine (GO:0018279),0.38147260642213643,1.034886819191371,0.40397350993377484,0.6787130098915507,1.0,7/23,16.85%,MGAT1;MGAT2;RPN2;ST6GAL1;DAD1;UGGT1;STT3A
prerank,"Substrate-Dependent Cell Migration, Cell Extension (GO:0006930)",-0.5528018998720043,-1.03485370835343,0.455078125,0.7874477166254176,1.0,1/6,1.84%,NELL1
prerank,Negative Regulation Of Small GTPase Mediated Signal Transduction (GO:0051058),-0.4168086075698799,-1.0348532024121082,0.4072790294627383,0.786816727780004,1.0,5/19,6.29%,SPRY4;CGNL1;SPRY3;SLIT2;SYNGAP1
prerank,Negative Regulation Of Smooth Muscle Cell Migration (GO:0014912),-0.44147356970557183,-1.0348297116107041,0.41408934707903783,0.7862476042330592,1.0,5/14,14.09%,TPM1;BMP4;SLIT2;IGFBP3;NDRG4
prerank,Regulation Of Epithelial Cell Migration (GO:0010632),-0.3414054111629997,-1.0347062425777032,0.39431616341030196,0.7859446548794893,1.0,13/49,13.00%,FGF10;PTN;PTPRG;RHOJ;PLCG1;IFNG;DOCK1;MARVELD3;BMPER;EMP2;BMPR2;EVL;SASH1
prerank,Negative Regulation Of Pathway-Restricted SMAD Protein Phosphorylation (GO:0060394),0.4708139582654086,1.034538834769654,0.43628509719222464,0.679044354130369,1.0,4/10,16.40%,PPARG;EMILIN1;SMAD7;GREM1
prerank,Organic Hydroxy Compound Biosynthetic Process (GO:1901617),0.3504409274317544,1.0344627242400428,0.43155452436194897,0.6788000194625778,1.0,9/35,16.78%,PMVK;CYP27A1;PNPO;ALOX15B;HSD3B7;CH25H;SLC27A5;OSBP;PSAT1
prerank,Primary Alcohol Catabolic Process (GO:0034310),-0.5528396510159364,-1.0343750293980718,0.4490161001788909,0.7861081951174365,1.0,3/6,27.07%,SULT1E1;SULT1B1;SULT1A1
prerank,Renal Absorption (GO:0070293),0.4391527916425813,1.0341080205623625,0.4009216589861751,0.6791634979176991,1.0,2/13,6.30%,SLC9A3R1;KCNQ1
prerank,Pathway-Restricted SMAD Protein Phosphorylation (GO:0060389),0.4600399106810841,1.0334369530377656,0.39092872570194387,0.6802690203571512,1.0,4/11,14.38%,TGFB1;TGFB2;TGFBR1;SMAD7
prerank,Positive Regulation Of Carbohydrate Metabolic Process (GO:0045913),-0.36875688271684914,-1.033243067338116,0.4288224956063269,0.7883648083723783,1.0,9/32,12.87%,IFNG;INSR;PTH1R;PRKAA1;RPTOR;ZBTB20;MLST8;APP;PRKAA2
prerank,Chondroitin Sulfate Proteoglycan Metabolic Process (GO:0050654),0.4687474840455974,1.0328002384389572,0.4177777777777778,0.6812574994861925,1.0,3/9,16.01%,B3GAT2;CSGALNACT2;PXYLP1
prerank,Regulation Of Cellular Catabolic Process (GO:0031329),0.3186112058574311,1.0326941876865678,0.3939393939393939,0.6810962684183162,1.0,19/61,19.33%,NUPR1;PSAP;GPR137B;TRIB3;ABCD1;DCAF12;DRAM2;BECN1;BOK;KEAP1;SOGA1;IFI16;DEPP1;RAB8A;MTMR3;PIP4K2B;SMCR8;WDR24;GPR137
prerank,Formation Of Translation Preinitiation Complex (GO:0001731),-0.5753251587307537,-1.03260434896017,0.45202952029520294,0.7893846758035596,1.0,1/5,10.97%,EIF2D
prerank,RNA Processing (GO:0006396),0.273233511590082,1.0323839405598854,0.3613861386138614,0.6813520347386776,1.0,54/171,21.67%,HNRNPF;NUDT21;SNRPF;NCBP2;PPP1R9B;SRSF4;SNRPA1;RBM8A;DKC1;NOL3;DDX54;EXOSC4;SNRPB;HNRNPUL1;DHX15;SLU7;HNRNPH3;SNRPD1;HNRNPR;XRN2;SCAF11;ALKBH5;ADAR;SF3A1;WBP4;EXOSC7;USB1;EXOSC6;CSTF3;RBM3;TBRG4;SF3B4;SRSF9;DDX20;PABPC4;ADARB2;YJU2;BICD1;LUC7L3;PRPF4;ARVCF;CCAR2;RBM5;EXOSC3;DDX23;HNRNPC;MPHOSPH10;PRPF6;HNRNPA2B1;KHSRP;CELF1;ZNF830;RRAGC;LSM6
prerank,Negative Regulation Of Response To Stimulus (GO:0048585),-0.34043735584453383,-1.032221283607501,0.3970856102003643,0.7898121474656037,1.0,17/46,22.49%,THY1;ADRA2A;KLF4;SLIT2;APLP2;APOA1;TLE5;KIF26A;IGFBP3;COL3A1;MCTP1;PDCD1;AQP11;GGT7;VPS13C;MPIG6B;MAP2K5
prerank,Negative Regulation Of Axon Regeneration (GO:0048681),-0.583635716775998,-1.032127625531834,0.4602587800369686,0.7894143906514116,1.0,1/5,6.27%,RTN4RL1
prerank,Positive Regulation Of Mitochondrial Translation (GO:0070131),0.431032939921478,1.0320979802417451,0.40948275862068967,0.6815692323713068,1.0,2/13,10.63%,MPV17L2;NGRN
prerank,Regulation Of Cellular Response To Transforming Growth Factor Beta Stimulus (GO:1903844),0.39737985184331925,1.0320389846970217,0.40380549682875266,0.6812825632683046,1.0,3/19,2.53%,DKK3;TGFB1;PPARG
prerank,Regulation Of Sodium Ion Transport (GO:0002028),-0.36519110069175564,-1.0319278497270166,0.42363636363636364,0.7892692893914481,1.0,7/32,11.95%,PKP2;SCN4B;WNK4;PER1;SLMAP;FGF12;GPD1L
prerank,Positive Regulation Of Granulocyte Differentiation (GO:0030854),0.5719810335937705,1.031775345528297,0.4698275862068966,0.6814411361242936,1.0,2/5,0.54%,HCLS1;HAX1
prerank,Response To Iron Ion (GO:0010039),-0.4599119793875249,-1.0315685522412013,0.4157303370786517,0.7895935074229854,1.0,1/12,0.14%,BMP6
prerank,Plasminogen Activation (GO:0031639),-0.5227895551540029,-1.0314689233637946,0.4377358490566038,0.7892021877366249,1.0,3/7,30.80%,PLAT;KLKB1;PGK1
prerank,Phospholipid Biosynthetic Process (GO:0008654),-0.3843230861564583,-1.0311387550820996,0.40707964601769914,0.7894244467451482,1.0,3/25,4.29%,AGPAT4;FAR1;SGMS2
prerank,Platelet Dense Granule Organization (GO:0060155),0.3927363271198233,1.0310986595991252,0.4174107142857143,0.6825024777680763,1.0,6/20,14.43%,BLOC1S1;AP1S3;DTNBP1;HPS6;HPS3;BLOC1S3
prerank,Regulation Of Apoptotic Signaling Pathway (GO:2001233),0.3442293274026936,1.0310220864380786,0.4060475161987041,0.6822460135947193,1.0,14/39,18.07%,PYCARD;CTSL;CTSS;CTSH;FAS;TMBIM1;TGFBR1;GRINA;DAB2IP;TMBIM6;PPIA;CSNK2A1;BCL2;CX3CR1
prerank,Regulation Of Transforming Growth Factor Beta Production (GO:0071634),-0.43318485435527876,-1.0309605563845048,0.43289224952741023,0.7892274349770373,1.0,5/16,6.95%,PTGS2;CD46;SMAD4;LTBP1;LRRC32
prerank,Negative Regulation Of Proteasomal Protein Catabolic Process (GO:1901799),0.35413952478441346,1.0308599044933973,0.4107142857142857,0.6821762778105847,1.0,8/34,15.17%,GABARAPL2;BAG6;USP7;UBXN1;EIF3H;F8A1;GIPC1;DDRGK1
prerank,Blood Vessel Diameter Maintenance (GO:0097746),-0.3668162465816052,-1.0305459923735265,0.41035120147874304,0.7896692091161029,1.0,8/31,16.69%,EDN3;KLF2;ROCK2;ADORA2B;NPR1;EDNRA;AGTR1;ITGB1BP1
prerank,Regulation Of Neuroinflammatory Response (GO:0150077),0.4031623903272974,1.0303025061974231,0.39869281045751637,0.6829568936709072,1.0,2/19,0.55%,TREM2;NUPR1
prerank,Regulation Of Cardiac Conduction (GO:1903779),-0.4070416090851438,-1.0299933747715038,0.43399638336347196,0.7904788975682733,1.0,8/20,17.97%,RYR2;SLC8A2;GJA5;ATP2A3;ATP2B3;ATP2A1;CORIN;ATP2B1
prerank,Nuclear Body Organization (GO:0030575),-0.466645961968717,-1.0296966963589431,0.4249084249084249,0.7905956179673863,1.0,7/11,42.75%,PML;ETS1;DYRK3;USP50;SRPK2;HABP4;WRAP53
prerank,Integrin-Mediated Signaling Pathway (GO:0007229),-0.3109610443476174,-1.0296908442868984,0.404553415061296,0.7899826973828828,1.0,8/80,2.21%,ITGA10;FBLN1;THY1;ADAMTS1;ITGA8;PTN;NELL1;ITGA1
prerank,Regulation Of Prostaglandin Biosynthetic Process (GO:0031392),-0.5485819098879742,-1.0296401444269734,0.4672897196261682,0.7894849660927348,1.0,2/6,4.15%,PTGS2;PIBF1
prerank,Regulation Of Hydrolase Activity (GO:0051336),-0.31828805470277777,-1.0291509485566759,0.3978102189781022,0.790093007266121,1.0,23/69,20.36%,FGD6;STMN3;PPP1R17;ARHGAP44;EFNA5;FGD5;PLXNA2;NF1;WRN;APOA1;EPHA3;MRAP;PLXNA4;ARHGAP12;RAPGEF6;VAV3;ITGB1BP1;CAV1;RABGAP1;ALS2CL;FGD1;SCARB2;BVES
prerank,Positive Regulation Of Establishment Of Protein Localization To Mitochondrion (GO:1903749),0.36145979315724297,1.0290884834574279,0.42410714285714285,0.6851010854644876,1.0,1/32,0.07%,TOMM7
prerank,Establishment Of Protein Localization To Extracellular Region (GO:0035592),-0.36103728137414876,-1.0290814663519605,0.4123134328358209,0.7896506878712892,1.0,7/35,10.10%,RAB3D;LTBP2;RAB3A;NECAB3;RAB3C;ARL4D;CANX
prerank,Positive Regulation Of Plasma Membrane Bounded Cell Projection Assembly (GO:0120034),0.2989751854941514,1.029073948511719,0.37844036697247707,0.6847229777200592,1.0,14/82,9.11%,CDC42EP1;PFN1;CYFIP1;DPYSL3;MIEN1;CDC42EP4;ACTR3;PALM;PLEKHM1;TWF2;GPM6A;DOCK11;WASF2;FSCN1
prerank,Monoatomic Cation Homeostasis (GO:0055080),-0.319783885713916,-1.0278545614476626,0.3815126050420168,0.7921196335286365,1.0,14/67,13.67%,BMP6;KCNA1;SLC39A12;TRPV5;CYBRD1;GRIN1;SLC9B2;ITPR3;CNNM2;UNC80;KCNH2;ALPL;SLC39A10;NEO1
prerank,Signal Transduction By P53 Class Mediator (GO:0072331),0.35755283835702545,1.027649535427294,0.41404358353510895,0.6873439469403834,1.0,7/30,16.40%,PYCARD;BATF;RRP8;BOK;IFI16;TP53;GREM1
prerank,Regulation Of Biomineral Tissue Development (GO:0070167),-0.38924104904520274,-1.0274715283210716,0.4095940959409594,0.7924786685001566,1.0,6/24,7.72%,GAS6;NOTUM;SGMS2;ROCK2;TWIST1;AMTN
prerank,Tight Junction Organization (GO:0120193),0.5567203996714171,1.0274328669661223,0.48068669527896996,0.6874091700430739,1.0,1/5,0.85%,CLDN11
prerank,Negative Regulation Of Transmembrane Receptor Protein Serine/Threonine Kinase Signaling Pathway (GO:0090101),-0.2962978556079981,-1.0272763595309977,0.38078902229845624,0.792314338387457,1.0,23/103,17.86%,NBL1;OGT;CCN3;ASPN;CHRDL1;WFIKKN1;HSPA1A;MAGI2;SKIL;TGFB1I1;SMURF2;CRIM1;BMPER;PMEPA1;WFIKKN2;ADAMTSL2;FST;ARID4B;SMAD6;TET1;BMP2;CAV1;PIN1
prerank,Negative Regulation Of Humoral Immune Response Mediated By Circulating Immunoglobulin (GO:0002924),-0.5493006695184169,-1.0272615880512714,0.4724264705882353,0.7917192176980746,1.0,1/6,1.12%,CD46
prerank,Positive Regulation Of DNA-binding Transcription Factor Activity (GO:0051091),0.26411657913307046,1.0271563010062383,0.36104513064133015,0.6875818966839987,1.0,47/222,16.23%,HCLS1;LGALS9;PYCARD;DDR2;TRADD;MTDH;PPARG;LTF;CLU;AGT;ADAM8;AKT1;PHB2;LAMTOR5;TRIM26;MYD88;AKR1B1;NLRC4;CHUK;SMARCB1;TLR2;BTK;RELA;CARD11;CIB1;LPAR5;TRIM27;MAP3K7;NTS;CRTC2;TRIM8;TNFRSF11A;FLOT2;BCL10;NLRP3;FOXA1;PRKCB;TERF2IP;MAVS;SLCO3A1;DDRGK1;RGCC;RNF31;RBCK1;TCF3;PPIA;TAF12
prerank,Cell Junction Maintenance (GO:0034331),0.40521210995986934,1.0271114979843763,0.4288747346072187,0.6872655731715948,1.0,8/17,26.94%,NLGN2;CBLN3;CSF1R;CHCHD10;F2R;PARD6A;CLDN1;DCTN1
prerank,Cellular Response To Estrogen Stimulus (GO:0071391),-0.4531124592801128,-1.0271009746954176,0.44150943396226416,0.7915202909278607,1.0,2/13,4.03%,BCAS3;SFRP1
prerank,tRNA Threonylcarbamoyladenosine Metabolic Process (GO:0070525),0.48013140445756086,1.0270145887776088,0.427061310782241,0.6870649587658816,1.0,7/9,30.86%,GON7;METTL8;YRDC;LAGE3;TPRKB;TP53RK;OSGEP
prerank,Regulation Of Protein Localization To Membrane (GO:1905475),0.3703229093654875,1.0268312506013801,0.38148984198645597,0.6870249509182549,1.0,6/27,8.99%,VTI1B;MMP14;AKR1B1;VAMP8;SIRT6;CLN3
prerank,Kidney Epithelium Development (GO:0072073),-0.5768862008620222,-1.0268305443122527,0.5,0.7915978758951083,1.0,1/5,2.08%,KANK2
prerank,Plasma Membrane To Endosome Transport (GO:0048227),0.5101915210785836,1.0265871264162372,0.4429530201342282,0.6870987558559761,1.0,1/7,0.81%,RAB5C
prerank,Regulation Of Protein Phosphorylation (GO:0001932),-0.2695116927151562,-1.0265835074867822,0.3865546218487395,0.7915730750337422,1.0,37/242,11.43%,EPHA7;FBLN1;CDH5;NTRK3;LEPR;FGF10;KDR;BMP4;NRG1;PLCE1;GAS6;EFNA5;MOB2;RIPK1;NSD1;HRC;FGF17;FGF18;SLIT2;EGFR;ROCK2;OCLN;PLPP3;FLT4;INSR;TSPYL2;FGF9;PTPN13;PIP5KL1;KNDC1;CCDC88C;MARCO;BMPER;FMR1;ANGPT1;ECT2;ENG
prerank,Regulation Of Endothelial Cell Development (GO:1901550),-0.5075452924412318,-1.0263534481478083,0.45740740740740743,0.791514252135335,1.0,2/8,5.71%,ROCK2;PPP1R12A
prerank,Positive Regulation Of Cellular Respiration (GO:1901857),0.5004631604602665,1.0263517239982862,0.4514038876889849,0.6872118026785825,1.0,1/8,0.55%,NUPR1
prerank,Positive Regulation Of Cardiac Muscle Cell Proliferation (GO:0060045),-0.4599907586479044,-1.0263428705793125,0.46257197696737046,0.7909194817335243,1.0,3/12,5.72%,ZFPM2;TBX2;TGFBR3
prerank,Epigenetic Regulation Of Gene Expression (GO:0040029),0.3038645163049162,1.0261340731578283,0.3910891089108911,0.6872854093580727,1.0,15/73,16.36%,SPI1;SIRT2;PADI2;VPS72;SIRT6;SMARCB1;PHF19;TRIM27;TRMT112;WBP2;MTF2;IFI16;TP53;GLYR1;WDR5
prerank,Negative Regulation Of BMP Signaling Pathway (GO:0030514),-0.3570490327733237,-1.0260796141795017,0.42286751361161523,0.7910084127305704,1.0,7/38,10.05%,NBL1;GREM2;CHRDL1;SKIL;SMURF2;CRIM1;BMPER
prerank,Positive Regulation Of Cell-Cell Adhesion (GO:0022409),-0.34374732285118226,-1.0259354184308875,0.41651705565529623,0.7907528212104664,1.0,5/40,5.64%,THY1;PTPRU;PODXL;TJP1;PLPP3
prerank,Positive Regulation Of Receptor Internalization (GO:0002092),0.394182997399443,1.0257560598588245,0.39732142857142855,0.6877053320192975,1.0,3/20,5.69%,CD63;ARRB2;APLN
prerank,Regulation Of Cell Division (GO:0051302),-0.31836564947170704,-1.0255410434092138,0.4126126126126126,0.7911251304369459,1.0,19/77,20.63%,CSPP1;SHH;TP63;TXNIP;SUSD2;CCP110;PIK3R4;BIRC6;FSD1;SFRP2;NCOA3;MLLT3;KAT2A;DLL1;PIN1;ENTR1;AURKC;MYO19;HTR2B
prerank,Chromatin Remodeling At Centromere (GO:0031055),-0.5620444849416324,-1.0253569861362373,0.4618181818181818,0.7903391936852701,1.0,4/6,41.18%,CENPW;HJURP;OIP5;MIS18A
prerank,CENP-A Containing Chromatin Assembly (GO:0034080),-0.5620444849416324,-1.0253569861362373,0.4618181818181818,0.7903391936852701,1.0,4/6,41.18%,CENPW;HJURP;OIP5;MIS18A
prerank,Vesicle-Mediated Transport (GO:0016192),0.24759453963043282,1.0252027969913977,0.3531073446327684,0.6884495412207289,1.0,59/371,12.69%,RAB7A;SEPTIN9;M6PR;RAB13;DNER;RAB5C;STXBP2;HEATR5A;CORO1C;SYTL3;PLIN3;SNF8;BIN1;DPYSL2;CHMP2A;SPIRE1;STX12;EHD4;STX6;VPS18;MAPK8IP1;BLOC1S1;ARL11;VPS51;VTI1B;EPN1;AP1S3;SNAP23;RAB27A;SYTL2;CCR1;ARF6;ARF3;VAMP8;ARF5;CACFD1;TNFAIP2;PLEKHF1;BECN1;STX4;TMED2;STX10;RINL;KXD1;CLINT1;RAB25;GDI1;SNX17;SLC10A7;EEA1;TMED10;HMGXB4;CYTH1;NECAP2;RBSN;CSNK1G2;CYTH2;VPS33A;RAB14
prerank,Response To Alcohol (GO:0097305),-0.3915216209213234,-1.0249752211100978,0.4250936329588015,0.7906894553198921,1.0,6/22,11.22%,GLRA1;SLIT2;CHRNB2;TGFBR3;GRIN1;TGFBR2
prerank,Aortic Valve Development (GO:0003176),-0.3570777730938315,-1.024219095885849,0.40933572710951527,0.7919804044208221,1.0,11/38,16.74%,BMP4;HEYL;JAG1;SLIT2;ROCK2;TWIST1;BMPR2;TGFBR2;SMAD6;BMP2;ROBO1
prerank,Positive Regulation Of T Cell Cytokine Production (GO:0002726),-0.4092995082311366,-1.0236999809116651,0.42105263157894735,0.7926390844476339,1.0,9/20,28.23%,IL1R1;IL6;IL18R1;IL4;TRAF6;TBX21;CD55;TNFSF4;MALT1
prerank,Negative Regulation Of Cell Junction Assembly (GO:1901889),-0.39101326994041624,-1.0236369238815333,0.4113345521023766,0.7921808456239494,1.0,3/24,4.67%,PHLDB2;BCAS3;ROCK2
prerank,protein-DNA Complex Organization (GO:0071824),0.3238873229711751,1.0234929590078161,0.3826879271070615,0.6916711801062512,1.0,13/52,19.17%,PARP10;NUCKS1;CBX5;SAFB;SETD7;PHF19;MTF2;BANF1;MTA2;HIRIP3;FAM50B;HMGN1;LRWD1
prerank,Positive Regulation Of Cardiac Muscle Tissue Growth (GO:0055023),-0.43598001972016914,-1.0233687061031664,0.4400749063670412,0.7922025789832917,1.0,3/14,5.72%,ZFPM2;TBX2;TGFBR3
prerank,Positive Regulation Of Phosphorylation (GO:0042327),0.2607928842934284,1.023135331495896,0.37438423645320196,0.6920157545943969,1.0,24/211,6.30%,DDR1;TREM2;CD74;DDR2;C3;TGFB1;GPNMB;CDK2AP1;MERTK;TYRO3;CDKN1A;NCKAP1L;LYN;TMEM119;LIMK2;CD4;FGF2;ERP29;AKT1;FAS;CCND2;VEGFB;AKR1B1;PTK2
prerank,Positive Regulation Of Cell Adhesion (GO:0045785),-0.30865089120703504,-1.0231246609443867,0.4148148148148148,0.7921821003549328,1.0,16/80,10.00%,FOXC2;TPM1;LAMA2;ECM2;LAMB2;RET;RAC3;PLPP3;LAMC1;RHOD;AZU1;ATM;TNFSF18;RELL2;CXCL12;SFRP2
prerank,Protein Hydroxylation (GO:0018126),0.43555413670163223,1.022927474451428,0.4221218961625282,0.692022175504561,1.0,6/12,16.80%,PLOD2;EGLN3;P3H2;PLOD3;OGFOD1;JMJD4
prerank,Inflammatory Response To Wounding (GO:0090594),0.5440950401864606,1.0227333404724797,0.4449152542372881,0.6920485283019405,1.0,2/5,9.11%,HMOX1;TLR3
prerank,Long-Term Synaptic Potentiation (GO:0060291),0.3996163827376841,1.0226643522441008,0.42105263157894735,0.6918044026044335,1.0,4/19,8.36%,RGS14;NOL3;STX4;PTK2B
prerank,U4 snRNA 3'-End Processing (GO:0034475),0.510413628403707,1.0222849554439242,0.44493392070484583,0.6918281263387337,1.0,4/7,18.23%,EXOSC4;EXOSC7;EXOSC6;EXOSC3
prerank,"Nuclear-Transcribed mRNA Catabolic Process, Exonucleolytic, 3'-5' (GO:0034427)",0.510413628403707,1.0222849554439242,0.44493392070484583,0.6918281263387337,1.0,4/7,18.23%,EXOSC4;EXOSC7;EXOSC6;EXOSC3
prerank,Muscle Cell Differentiation (GO:0042692),-0.36615432107483775,-1.0222131985649563,0.43119266055045874,0.7938403317394971,1.0,7/30,14.06%,TBX18;DMD;SYNE1;TMEM204;POPDC3;GLMN;GATA6
prerank,Hemostasis (GO:0007599),-0.5437598100744105,-1.0221385073783873,0.45740740740740743,0.7934000773861478,1.0,1/6,4.76%,VWF
prerank,Protein Localization (GO:0008104),-0.2624544136933843,-1.0220954715675872,0.3886255924170616,0.7929113068232014,1.0,70/319,17.17%,RIC3;REEP1;CCDC68;USH1C;FBLN5;PTPRU;FGF10;DMD;PARD3;FAM91A1;NBEAL1;ESAM;ARL5B;SYNRG;ODR4;EGFR;LRBA;ATP8B1;OCLN;DNAJC27;AKAP11;CNTLN;HEG1;VIPAS39;MARVELD3;SNX31;PHYHIP;PRRT1;STX16;ANO1;COG7;ARL4D;CD177;HOOK3;KIF3A;GRIN3B;ATG4B;HOOK1;ULK1;PEX5L;WNT11;FLNA;WDR45;PARD3B;ID1;EMP2;CTNNB1;ANGPT1;EIF2D;ITSN1;ARL1;ARF1;ARL6;VPS13A;RNF26;TSNARE1;FGF7;TRIM23;NIPBL;MAPRE3;STXBP1;SCG5;USO1;STXBP3;AHI1;NSF;TBC1D13;NBEA;STX17;TIMM23
prerank,ERK1 And ERK2 Cascade (GO:0070371),-0.393112590471969,-1.0220235828369246,0.41760299625468167,0.7924808678826909,1.0,3/22,3.64%,FGF10;KDR;DUSP5
prerank,Organic Substance Transport (GO:0071702),0.2690458031465151,1.0218593848910282,0.3894230769230769,0.6923177418136606,1.0,16/165,6.91%,AQP1;RAB7A;AQP4;PDPN;GM2A;SCAMP2;SCAMP4;CHMP2A;CLU;LMAN2L;PLTP;CCR1;MFSD12;ABCD1;SLCO2B1;SELENOK
prerank,Regulation Of Potassium Ion Transmembrane Transport (GO:1901379),0.3618048016213417,1.0218402698441347,0.4139433551198257,0.6919448077325175,1.0,4/30,6.30%,CD63;GNB2;BIN1;KCNQ1
prerank,Negative Regulation Of Cellular Biosynthetic Process (GO:0031327),0.2808068283839879,1.0217852295334366,0.4034653465346535,0.6916624330186865,1.0,13/120,7.88%,APOC1;CAPRIN1;PGPEP1;SIRPA;CDKN1A;SHMT1;USP7;TRIB3;GLA;PDGFA;PLEK;SIRT6;PROX1
prerank,Synaptic Vesicle Transport (GO:0048489),-0.4839769009953591,-1.021512140900532,0.48014440433212996,0.7931706187946395,1.0,3/10,8.13%,SYNJ1;KIF5A;SPG11
prerank,Regulation Of Coagulation (GO:0050818),-0.5212943046988107,-1.0206595039227664,0.4452690166975881,0.7946556615551231,1.0,1/7,2.07%,NRG1
prerank,Response To Interleukin-1 (GO:0070555),0.3000888925340535,1.0206338592000017,0.4091954022988506,0.6936817177102309,1.0,9/73,8.63%,LGALS9;PYCARD;CHI3L1;CCL2;SIRPA;CCL20;MYD88;RELA;SNCA
prerank,Peptidyl-Serine Dephosphorylation (GO:0070262),0.47528022022651223,1.0205472554748867,0.43817787418655096,0.6934631524036874,1.0,1/9,2.25%,PPP2CB
prerank,Nucleic Acid Metabolic Process (GO:0090304),-0.38295227764808176,-1.0203516556542194,0.444636678200692,0.7948476562230244,1.0,5/26,10.21%,RBFOX2;NT5E;ATXN2;WRN;DNASE1L3
prerank,Phosphatidylinositol Dephosphorylation (GO:0046856),-0.42678288063399417,-1.0202542530594028,0.449438202247191,0.7944557434366422,1.0,3/16,14.32%,SYNJ1;SYNJ2;MTMR6
prerank,Cellular Response To Virus (GO:0098586),0.3353501190175871,1.020031088423475,0.4223744292237443,0.6941260417532342,1.0,10/42,15.20%,LGALS9;IRF5;BAX;CHUK;GBF1;GSDME;NLRP3;IRF3;POU2F2;IFNLR1
prerank,Regulation Of B Cell Receptor Signaling Pathway (GO:0050855),0.420692652612207,1.0199525098763733,0.4423529411764706,0.6938727830436006,1.0,5/15,12.44%,LYN;CD22;CD300A;FCGR2B;PRKCB
prerank,"Regulation Of DNA Damage Response, Signal Transduction By P53 Class Mediator (GO:0043516)",0.36985486424166447,1.019817171705765,0.4416475972540046,0.6937521291296894,1.0,2/27,0.52%,CD44;CD74
prerank,Response To Gamma Radiation (GO:0010332),-0.398529655736392,-1.0197980325589868,0.45366795366795365,0.7949955574979942,1.0,5/21,9.71%,DCUN1D3;ATR;PRKAA1;WRN;TSPYL5
prerank,Mast Cell Mediated Immunity (GO:0002448),-0.4878063347825211,-1.0197483492506716,0.44265232974910396,0.7944882389486156,1.0,3/9,9.53%,NR4A3;KIT;GRP
prerank,Regulation Of Protein K63-linked Ubiquitination (GO:1900044),0.4703426995467576,1.0197454917196216,0.44545454545454544,0.6935191859373101,1.0,1/10,1.81%,PARP10
prerank,Regulation Of DNA-templated Transcription Initiation (GO:2000142),-0.5082739309428014,-1.0193447774067457,0.45936395759717313,0.7948573418032052,1.0,3/8,14.25%,TWIST1;PPM1D;JUN
prerank,Proteoglycan Biosynthetic Process (GO:0030166),0.35547286449169807,1.0188390688481412,0.4189189189189189,0.6950808208213916,1.0,10/31,17.80%,B3GAT2;B3GAT1;CHST11;CSGALNACT2;BMPR1B;GAL3ST4;CHST9;PXYLP1;CANT1;CHST8
prerank,Histone Methylation (GO:0016571),-0.5127835157560139,-1.0187380396325296,0.47731397459165154,0.7957106069364935,1.0,2/8,12.91%,FBLL1;SMYD2
prerank,Regulation Of Insulin Secretion Involved In Cellular Response To Glucose Stimulus (GO:0061178),-0.39410115265645007,-1.0186623098347432,0.40831758034026466,0.7952771428914225,1.0,5/23,10.67%,ADRA2A;EFNA5;ANO1;STXBP4;NR1D1
prerank,Cell Projection Assembly (GO:0030031),0.44542222363280903,1.0186584440202124,0.44731182795698926,0.6950585509486888,1.0,4/12,6.39%,PARVG;NCKAP1L;PDGFA;MTSS2
prerank,Neuroepithelial Cell Differentiation (GO:0060563),-0.5728520379526983,-1.0183775745006802,0.5019157088122606,0.7953456631340091,1.0,4/5,29.43%,WNT11;TUBB2A;FGF8;MAP1B
prerank,Astrocyte Development (GO:0014002),0.4260059630904204,1.018180166011407,0.42920353982300885,0.6956744136330407,1.0,3/14,8.45%,TREM2;C1QA;C5AR1
prerank,Positive Regulation Of Exocytosis (GO:0045921),0.3455956425596328,1.0181522344931118,0.4421768707482993,0.6953442432503553,1.0,6/37,8.63%,RAB7A;SNF8;CHMP2A;SDC4;RAB27A;SNCA
prerank,Branched-Chain Amino Acid Catabolic Process (GO:0009083),0.40927203076378255,1.0180758145660698,0.4295774647887324,0.6950990643623758,1.0,6/17,25.90%,MCCC2;BCKDHA;ALDH6A1;IVD;MCCC1;ECHS1
prerank,Positive Regulation Of Protein Depolymerization (GO:1901881),-0.5080753550316802,-1.0179620717909095,0.47731397459165154,0.7957578656286473,1.0,1/8,0.16%,STMN2
prerank,Positive Regulation Of Viral Process (GO:0048524),0.3478395682238903,1.017155920336095,0.4292237442922374,0.6966629633216839,1.0,15/38,25.14%,RAB7A;TYRO3;RAD23A;DDB1;STAU1;RSF1;PPIA;TARBP2;PPIE;KPNA2;CNOT7;MDFIC;CCL5;PDE12;IFIT1
prerank,Glutamine Transport (GO:0006868),-0.48966530522238877,-1.0170650990818553,0.4506517690875233,0.797337796811507,1.0,1/8,2.06%,SLC38A5
prerank,Regulation Of Calcidiol 1-Monooxygenase Activity (GO:0060558),-0.568577285697126,-1.0169993788413192,0.49619771863117873,0.7968858429725695,1.0,3/5,29.61%,IFNG;TNF;GFI1
prerank,Negative Regulation Of T-helper 17 Type Immune Response (GO:2000317),-0.5481961475238377,-1.0169822137014601,0.46617915904936014,0.7963149195832762,1.0,3/6,19.40%,RC3H2;IL4;TBX21
prerank,Positive Regulation Of Small GTPase Mediated Signal Transduction (GO:0051057),-0.4262143316573386,-1.0169232008185471,0.4638447971781305,0.7958561330885827,1.0,2/17,4.52%,FGF10;NGF
prerank,piRNA Processing (GO:0034587),-0.4145912101334495,-1.0168355332129082,0.4504347826086956,0.7954715282019775,1.0,11/16,36.32%,TDRKH;TDRD1;PLD6;HENMT1;MOV10L1;MAEL;TDRD9;PIWIL4;TDRD12;DDX4;ANKRD34B
prerank,Non-Membrane-Bounded Organelle Assembly (GO:0140694),0.2833645925663255,1.0167214351020966,0.40350877192982454,0.6971919434252576,1.0,21/101,15.40%,NEK6;CAPRIN1;DAZAP2;INO80;BIN2;SAC3D1;DBNL;NPC1;MAPRE1;YTHDF1;RCC1;CSDE1;PATL1;ATXN2L;HAUS2;E2F4;SH3PXD2B;ZFYVE1;FLII;EIF2S1;OGFOD1
prerank,Regulation Of Cytoskeleton Organization (GO:0051493),-0.2931051482720629,-1.016615620002823,0.42132867132867136,0.7954067352005341,1.0,25/107,15.97%,PHLDB2;PDGFRB;BAIAP2L1;ESAM;NRG1;STMN3;ARHGAP44;PAK3;EFNA5;TJP1;ROCK2;RAC3;MID1;PRKAA1;EPHA3;MLST8;PRKAA2;TAOK2;RICTOR;FRMPD2;SYDE1;DMTN;GSK3B;SPATA4;TRIM36
prerank,Regulation Of Plasma Membrane Bounded Cell Projection Assembly (GO:0120032),-0.3135745202308047,-1.0165676179082799,0.44939965694682676,0.7949197154399018,1.0,16/68,18.22%,PODXL;PLD1;INTU;TBC1D19;USP6NL;ATP8B1;WDPCP;EVI5;IFT88;FMR1;ATG5;TBC1D8;DMTN;TBC1D13;CAV1;RABGAP1
prerank,Establishment Of Endothelial Barrier (GO:0061028),0.37162142974741813,1.0162899551559303,0.4391891891891892,0.6977357897348496,1.0,3/24,2.83%,RAP2B;EZR;RAB1B
prerank,Telomere Organization (GO:0032200),0.3170346455267921,1.0162196009707067,0.41818181818181815,0.6974700925517661,1.0,20/57,21.83%,YY1;TFPT;SIRT2;INO80;LTO1;SIRT6;PARP1;APEX1;ACTR8;TINF2;TERF2IP;RAD51D;ACTL6A;RUVBL1;STON1;XRCC6;RECQL4;BLM;TERF2;PARP3
prerank,MyD88-dependent Toll-Like Receptor Signaling Pathway (GO:0002755),0.4490051827307485,1.0160234204819538,0.4247787610619469,0.6974908217010586,1.0,3/11,9.78%,TNIP1;HSPD1;MAP3K7
prerank,Copper Ion Homeostasis (GO:0055070),-0.440036768834957,-1.0159077200228612,0.4377224199288256,0.7959659104634359,1.0,4/14,15.94%,SLC30A10;ARF1;APP;PRND
prerank,Regulation Of Phosphorylation (GO:0042325),0.29843677579178607,1.0158593248329695,0.39185750636132316,0.6974496997182034,1.0,18/77,13.69%,CDKN2A;CORO1C;SLAMF8;CDKN1A;NCKAP1L;LYN;SIRT2;INHBA;CADM4;CDKN2B;PTK2;STAT2;BCL10;FN1;FNIP2;DYNLL1;NDUFS4;FNIP1
prerank,Glycogen Metabolic Process (GO:0005977),0.40551744339859247,1.015821546923059,0.43665158371040724,0.6971277576188812,1.0,6/18,18.96%,PYGL;STBD1;PHKG2;GAA;GYG1;PYGM
prerank,C-terminal Protein Amino Acid Modification (GO:0018410),-0.4689397529885855,-1.015603911838351,0.46309963099630996,0.796141665821619,1.0,6/11,34.25%,AGBL4;ATG5;AGBL5;AGTPBP1;GPLD1;ATG7
prerank,Regulation Of Mitotic Cell Cycle (GO:0007346),0.2792669445341078,1.0154572346161432,0.42142857142857143,0.6974925128844782,1.0,20/117,14.34%,SLC9A3R1;ANAPC11;NEK6;EIF4EBP1;PIM3;DDB1;CDC23;GBF1;LGMN;RCC1;CCDC8;DUSP3;YWHAE;ANAPC16;FOXA1;CUL9;ANAPC13;TMEM8B;NEK11;CDK11A
prerank,Neuron Fate Commitment (GO:0048663),-0.44775778615280276,-1.0152785261741812,0.44778761061946903,0.7963311552553194,1.0,5/12,27.33%,SHH;ISL1;DLL1;BHLHE22;DLL4
prerank,Regulation Of Cell Motility (GO:2000145),0.28491579673778,1.0151144309554423,0.43373493975903615,0.6977944233443988,1.0,19/111,10.90%,TNC;TACSTD2;TGFB1;WAS;TMSB4X;TNR;RHOA;CADM4;FGF2;CRK;AKT1;GATA3;PLXND1;PLEKHG3;LMNA;FGF1;PLXNB1;PLXNC1;FRMD5
prerank,Positive Regulation Of Peptidyl-Lysine Acetylation (GO:2000758),-0.42163108535536115,-1.0150350045726744,0.43646408839779005,0.796325737540192,1.0,5/16,18.81%,PPARGC1A;PRKAA1;PRKAA2;DIP2A;SF3B1
prerank,Positive Regulation Of Cell Cycle G1/S Phase Transition (GO:1902808),-0.3522348700826061,-1.01493748784319,0.4221014492753623,0.7959657080313922,1.0,7/38,9.74%,ADAMTS1;FGF10;EGFR;CENPJ;RPTOR;STXBP4;UBE2E2
prerank,Positive Regulation Of Stress-Activated MAPK Cascade (GO:0032874),0.2887667112692778,1.0147293588652844,0.4146341463414634,0.6982361718107437,1.0,14/97,9.11%,SPI1;LTBR;PYCARD;SCIMP;TGFB2;MAPK8IP1;SEMA4C;SORD;MAP3K5;MAP3K11;GADD45A;PTK2B;FCGR2B;TLR3
prerank,Mitochondrial RNA Metabolic Process (GO:0000959),-0.4090075806988072,-1.0147283728271166,0.48312611012433393,0.7958691322857327,1.0,6/18,25.56%,FASTKD1;FASTKD5;MTERF3;SLC25A33;FASTKD2;MTERF4
prerank,Hindlimb Morphogenesis (GO:0035137),-0.5659564666432313,-1.0145565616635102,0.4709193245778612,0.7956819629591181,1.0,3/5,37.66%,OSR2;OXSR1;RARG
prerank,Acylglycerol Biosynthetic Process (GO:0046463),-0.4109757246806324,-1.014391279688719,0.42214532871972316,0.7954855677178034,1.0,6/18,17.08%,PLCE1;GPAT3;PLA2G4A;LPIN3;PNPLA3;DGAT2
prerank,Regulation Of Keratinocyte Migration (GO:0051547),-0.4564840373810106,-1.0143728175385756,0.46774193548387094,0.7949175568806061,1.0,4/11,18.44%,FGF10;FGF7;IQSEC1;EPPK1
prerank,Positive Regulation Of Defense Response To Virus By Host (GO:0002230),0.3859220598819959,1.0139979508278436,0.44419134396355353,0.699445897139972,1.0,9/22,22.38%,LILRB1;TRAF3IP2;IL12RB1;MAVS;PQBP1;DTX3L;APOBEC3G;TRIM44;TRIM22
prerank,Regulation Of Defense Response To Bacterium (GO:1900424),0.5308695137143473,1.0137422819988378,0.4901098901098901,0.6996033204852325,1.0,3/6,4.56%,GRN;EMILIN1;EMILIN2
prerank,Positive Regulation Of Cell Projection Organization (GO:0031346),0.2850227882749309,1.0135989284551405,0.38207547169811323,0.699488368122384,1.0,15/111,10.75%,APOE;DDR1;CAPRIN1;DDR2;DPYSL3;LYN;ATP1B2;METRN;TWF2;PLXND1;PTK2B;RAP1A;PLXNB1;DVL1;PLXNC1
prerank,Purine Nucleotide Catabolic Process (GO:0006195),-0.5332378727041722,-1.0134596566229632,0.49272727272727274,0.7965985601276991,1.0,1/6,11.99%,SARM1
prerank,Protein Deglutamylation (GO:0035608),-0.5731928714593786,-1.0131469808011326,0.5054945054945055,0.7968086922471272,1.0,4/5,33.07%,AGBL4;AGBL2;AGBL5;AGTPBP1
prerank,Regulation Of Macrophage Chemotaxis (GO:0010758),0.3998946931017903,1.0129707864284896,0.44988864142538976,0.7004176323852784,1.0,5/19,13.61%,SLAMF8;PTK2;PTK2B;IL34;CSF1R
prerank,RNA Splicing (GO:0008380),0.29681529954538305,1.0129021556175937,0.43287037037037035,0.7001471824164816,1.0,31/92,21.67%,SNRPF;NCBP2;PPP1R9B;SRSF4;SNRPA1;RBM8A;NOL3;SNRPB;DHX15;SLU7;HNRNPH3;SNRPD1;TXNL4A;SCAF11;WBP4;USB1;RNF113A;SF3B4;YJU2;LUC7L3;PRPF4;ARVCF;CCAR2;DDX23;HNRNPC;MPHOSPH10;PRPF6;KHSRP;WDR83;RRAGC;LSM6
prerank,Positive Regulation Of Opsonization (GO:1903028),0.5532009948590272,1.0127659553498292,0.47534516765285995,0.7000460849286936,1.0,1/5,3.18%,MYO18A
prerank,Barbed-End Actin Filament Capping (GO:0051016),0.4142838245840074,1.0127342718200922,0.44883720930232557,0.6993070118257116,1.0,3/16,7.40%,CAPG;TWF2;CAPZA2
prerank,Actin Filament Capping (GO:0051693),0.4142838245840074,1.0127342718200922,0.44883720930232557,0.6993070118257116,1.0,3/16,7.40%,CAPG;TWF2;CAPZA2
prerank,Negative Regulation Of Cytokine-Mediated Signaling Pathway (GO:0001960),0.3247999782379914,1.0125768367653618,0.42857142857142855,0.699224705395188,1.0,15/52,19.98%,TREM2;PPP2CB;PPARG;PADI2;PTPN2;GSTP1;STAT2;BIRC7;RNF113A;SAMHD1;SIGIRR;OAS1;RFFL;CYLD;PTPRC
prerank,Mitochondrial Fusion (GO:0008053),0.399427891069476,1.012519225224816,0.420824295010846,0.6989606048822022,1.0,5/18,13.28%,BCL2A1;FIS1;MIEF2;MIEF1;MIGA2
prerank,Negative Regulation Of Dendritic Spine Development (GO:0061000),0.5514429212224905,1.0121955083725973,0.48582995951417,0.6992658426766819,1.0,1/5,5.86%,NGEF
prerank,Protein-Containing Complex Assembly (GO:0065003),0.2492997250561292,1.0119755348696724,0.3917525773195876,0.6993222242683583,1.0,36/297,8.63%,CAPG;CYBA;SLC9A3R1;HIGD2A;CD74;ADRM1;TRAPPC3;TGFB1;WAS;CHMP2A;NCKAP1L;HOPX;CLU;BIN2;FCHO1;RAB5IF;GPX4;TAPBP;NOL3;FAS;LLGL1;DBNL;FERMT3;FADD;NPC1;COX7A2;VAMP8;PREB;CAPZA2;WIPF1;CD2AP;BECN1;PTK2B;HSPD1;TMED2;SNCA
prerank,Energy Reserve Metabolic Process (GO:0006112),-0.42074368009923124,-1.0119241563019417,0.4543795620437956,0.7992897913642478,1.0,3/16,2.96%,MRAP2;LEPR;ADGRF5
prerank,Ectoderm Development (GO:0007398),0.49034001365459545,1.0117321081820618,0.44243792325056436,0.6994244561486481,1.0,3/8,23.46%,ZBTB7B;ITGAM;VAX2
prerank,IMP Metabolic Process (GO:0046040),0.5125689025432785,1.011720800079779,0.4672686230248307,0.6990454321881211,1.0,2/7,6.63%,AMPD3;SORD
prerank,Regulation Of GTPase Activity (GO:0043087),-0.27219173846839034,-1.0116290486303636,0.41765704584040747,0.7993983917243003,1.0,46/195,20.47%,THY1;DOCK9;RGS6;FGD6;STMN3;ADCYAP1;SOS1;ARHGAP44;EFNA5;BCAS3;FGD5;SFRP1;DOCK6;RAPGEF4;USP6NL;PLXNA2;CCL4;RALGPS2;NF1;EVI5;RASGRP2;RGL3;CCL14;WNT11;EPHA3;MRAP;ECT2;TBC1D30;RGS7;PLXNA4;ARHGAP12;RAPGEF6;GSK3B;VAV3;ITGB1BP1;RGS11;ARHGEF7;PIN1;RABGAP1;ALS2CL;LRCH1;FGD1;CD40;CCL26;BVES;TBC1D7
prerank,Positive Regulation Of Calcium Ion Transport (GO:0051928),-0.3679348058871356,-1.0113375801877114,0.4645390070921986,0.7995036714963276,1.0,5/27,5.36%,CACNB2;PDGFRB;CACNA1D;STIM2;CCL4
prerank,Regulation Of Metaphase/Anaphase Transition Of Cell Cycle (GO:1902099),0.35143746476026294,1.011330887031361,0.4430992736077482,0.6995055716751208,1.0,5/32,9.75%,NEK6;DPF3;CDC23;SMARCB1;DPF2
prerank,Regulation Of Meiotic Cell Cycle (GO:0051445),0.38580857456097206,1.0107330757961062,0.4153498871331828,0.700384649987452,1.0,5/20,12.36%,ANAPC11;CDC23;ANAPC16;ANAPC13;NPPC
prerank,Sensory Perception Of Smell (GO:0007608),-0.3825106897394875,-1.0106881249496498,0.44760213143872113,0.8005718787246174,1.0,21/27,49.06%,NXNL2;OR2L5;OR5B21;OR2L13;OR2T8;OR2T12;OR10J5;GFY;OR13C2;SLC24A4;OR13C9;OR10H2;OR2M5;OR2C1;UBR3;BBS4;OR6N1;DRD2;OR2L3;OR7A5;OR51B5
prerank,Hexose Transmembrane Transport (GO:0008645),-0.415890420322544,-1.0103361135953899,0.42418772563176893,0.8008273654519248,1.0,2/16,3.32%,SLC2A12;SLC2A6
prerank,Macroautophagy (GO:0016236),0.28856967184124793,1.010247871476181,0.40189125295508277,0.7010413029469812,1.0,34/100,23.74%,SNF8;TGFB1;CHMP2A;GABARAPL2;LIX1L;GABARAP;VTI1B;MVB12A;PLEKHM1;VAMP8;BECN1;VPS37D;CLN3;RUBCNL;VPS33A;TECPR1;HGS;ZFYVE1;VPS37C;CHMP7;UBA5;VHL;PGAM5;MTMR3;PIP4K2B;CHMP1A;MTMR14;SQSTM1;MAP1LC3B;SNX18;CHMP3;HDAC10;TMEM74;LIX1
prerank,Positive Regulation Of Endothelial Cell Chemotaxis (GO:2001028),-0.43320892099614305,-1.010184976832323,0.4296028880866426,0.8006032250635609,1.0,5/14,10.99%,KDR;MET;FGF18;FGFR1;SMOC2
prerank,Lymphoid Progenitor Cell Differentiation (GO:0002320),0.5267431243390339,1.0100948529844183,0.49141630901287553,0.7009334521736492,1.0,1/6,0.08%,SPI1
prerank,DNA Unwinding Involved In DNA Replication (GO:0006268),0.3887294526286592,1.0099853005533468,0.43478260869565216,0.7007480773025848,1.0,9/20,31.08%,SSBP1;HMGA1;PURA;RECQL4;GINS4;MCM4;MCM2;MCM7;MCM3
prerank,Negative Regulation Of Centrosome Duplication (GO:0010826),-0.501606156964541,-1.0099727052844265,0.4708029197080292,0.8005304495393284,1.0,4/8,33.88%,MDM1;KAT2A;TMEM67;CDK5RAP2
prerank,Cellular Response To Amino Acid Starvation (GO:0034198),0.3318748512829762,1.009744496648053,0.43237250554323725,0.7008601646651511,1.0,5/39,6.91%,CDKN1A;TFEB;FAS;ATF4;MAP3K5
prerank,Pharyngeal System Development (GO:0060037),-0.42969978628702976,-1.009700507846498,0.4559386973180077,0.8006313327014163,1.0,4/15,11.14%,PTCH1;BMP5;ISL1;BMPR2
prerank,Transmembrane Receptor Protein Tyrosine Phosphatase Signaling Pathway (GO:0007185),-0.5675792450261987,-1.0094938093383603,0.5056179775280899,0.8005140347198607,1.0,2/5,1.16%,PTPRU;PTN
prerank,Positive Regulation Of Mitochondrion Organization (GO:0010822),0.3148893473235809,1.009407602981349,0.4331065759637188,0.7011680980770639,1.0,14/54,14.74%,TREM2;PYCARD;SPIRE1;BAX;FIS1;BID;MIEF2;BBC3;BOK;MIEF1;BMF;BAK1;TP53;RALA
prerank,Receptor Catabolic Process (GO:0032801),0.4237588293785207,1.009378610088928,0.4334862385321101,0.700816113345142,1.0,3/14,8.27%,TGFB1;MVB12A;LGMN
prerank,Heterotypic Cell-Cell Adhesion (GO:0034113),0.3716467271665966,1.00931577411811,0.42350332594235035,0.700532318695566,1.0,5/28,7.33%,ITGB2;NINJ1;ITGAX;MADCAM1;DSC2
prerank,Dosage Compensation (GO:0007549),-0.5146618860465706,-1.0091598194398816,0.47584973166368516,0.8006656340641722,1.0,4/7,35.91%,SMCHD1;METTL3;YTHDC1;LRIF1
prerank,Response To UV-A (GO:0070141),-0.4626702595869896,-1.0089439694760043,0.4533333333333333,0.800577346421381,1.0,2/11,19.91%,EGFR;MMP3
prerank,Positive Regulation Of Neural Precursor Cell Proliferation (GO:2000179),0.36319318479878787,1.0081322078530506,0.45657015590200445,0.7026766926012021,1.0,6/27,12.98%,VCAN;BCAN;PROX1;HAPLN2;NES;DISC1
prerank,Protein Hexamerization (GO:0034214),0.4907024946819901,1.007867658602805,0.4797297297297297,0.70283778950128,1.0,1/8,3.66%,YME1L1
prerank,Regulation Of Telomere Maintenance Via Telomere Lengthening (GO:1904356),0.4135263802970632,1.0078671732566216,0.4451754385964912,0.7024352478119894,1.0,5/16,21.80%,TNIP1;PARP1;TINF2;HNRNPA2B1;TERF2
prerank,snRNA Transcription (GO:0009301),-0.4539497194331629,-1.0075206395706882,0.4782608695652174,0.8035140124977871,1.0,5/11,20.57%,SNAPC3;ICE2;ZC3H8;SNAPC1;RPAP2
prerank,Neuron Projection Morphogenesis (GO:0048812),0.2733593783329179,1.0073545464980844,0.42962962962962964,0.7031131925053793,1.0,22/140,10.26%,S100A6;CNTNAP1;NRCAM;BAIAP2;CELSR2;NCKAP1L;CTNND2;NOL3;GAS7;LLGL1;DBNL;MAP1S;DTNBP1;GPM6A;APLP1;EPHB1;PLXNB1;SSNA1;S100B;DVL1;NYAP1;MAP4K4
prerank,Glucose Homeostasis (GO:0042593),0.2990774205442393,1.0071044351916258,0.43661971830985913,0.7032192755373607,1.0,8/71,4.44%,PYGL;ADIPOR1;CEBPA;PPARG;NUCKS1;ALOX5;PTPN2;HK2
prerank,Ammonium Transmembrane Transport (GO:0072488),-0.5228468314005965,-1.0070573445531752,0.49250936329588013,0.8040432578369827,1.0,2/7,13.85%,RHCG;AQP8
prerank,Proteasome-Mediated Ubiquitin-Dependent Protein Catabolic Process (GO:0043161),0.25027214695875805,1.0069083545228,0.43169398907103823,0.7032376932388877,1.0,58/301,17.75%,ANAPC11;ARRB2;SEL1L;DNAJB2;TNFSF13B;SIRT2;TRIM9;BAG6;DERL1;KCTD5;KCTD13;APC2;PEX10;UBXN1;RAD23A;RNF185;RNF126;PSMD7;DDB1;CDC23;RNF34;DCAF12;DERL2;PSMD4;NSFL1C;MAN1A1;RHOBTB3;PSMC3;PSMA7;ZNRF1;ASCC3;RMND5A;FBXL13;ANAPC16;TMEM129;ANAPC13;ANKRD9;UBE2G2;PSMC5;RNF10;PSMD14;PSMB1;PSMB4;FBXO2;HECTD3;KBTBD7;AKIRIN2;RBCK1;PSMB5;TMUB1;SHARPIN;PSMC4;SPSB1;RNF187;FBXL12;FBXL7;UBE2J2;PSMA5
prerank,Axonal Fasciculation (GO:0007413),0.43594450345920066,1.0064599361227964,0.43427230046948356,0.7037962103216255,1.0,2/12,4.69%,NRCAM;SEMA5A
prerank,Fatty Acid Biosynthetic Process (GO:0006633),0.32917785884867407,1.0062198554246968,0.4469525959367946,0.7038927705641208,1.0,12/47,16.28%,XBP1;ALOX5;GPX4;HACD2;ABHD2;LTC4S;SCD;LCP1;ACSBG1;HSD17B8;OXSM;ACSM5
prerank,Regulation Of Vascular Associated Smooth Muscle Cell Proliferation (GO:1904705),0.3436844022603786,1.0060721619510113,0.43537414965986393,0.7037896592033961,1.0,5/36,5.69%,SOD2;PPARG;CDKN1A;FGF2;APLN
prerank,Positive Regulation Of Tumor Necrosis Factor-Mediated Signaling Pathway (GO:1903265),0.4927480937420551,1.0058449001119594,0.4343220338983051,0.7038510377611686,1.0,1/7,1.48%,LAPTM5
prerank,Negative Regulation Of G Protein-Coupled Receptor Signaling Pathway (GO:0045744),-0.387137919771395,-1.0054424872738548,0.4573502722323049,0.8074436262074502,1.0,4/20,5.98%,MRAP2;MET;CXCL8;RPGRIP1L
prerank,Negative Regulation Of Metabolic Process (GO:0009892),0.3224108625608624,1.0051825000371668,0.40632054176072235,0.7048334060732642,1.0,4/49,6.32%,APOC1;APOC2;ATF4;GSTP1
prerank,Regulation Of Centrosome Cycle (GO:0046605),-0.4013917755724669,-1.0047509124748482,0.46616541353383456,0.8085264380350599,1.0,3/20,5.44%,CHMP1B;CCNL2;PDCD6IP
prerank,DNA-templated Transcription (GO:0006351),0.2643828243664873,1.0043921771630056,0.4067796610169492,0.7061093634452748,1.0,38/177,18.45%,TAF10;ARRB2;XBP1;CCDC124;NFKBIB;CBFB;SNAPC2;POLR2L;FUBP3;SPOCD1;GTF2E1;ATF4;POLR2G;GTF2F1;DRAP1;ZNF141;PARP1;ZBTB7B;POLR3GL;CRCP;POLR2I;PWP1;TP53;CREBL2;GTF2F2;RSF1;NFIX;POLR2A;TAF12;THRA;NAT14;POLRMT;POLR2K;ZFP36L2;TRIP13;GLIS3;GTF2B;DDX21
prerank,Response To Prostaglandin E (GO:0034695),-0.4579466973929298,-1.004227135415554,0.4944237918215613,0.8092013589027024,1.0,3/10,12.61%,SFRP1;TGFBR3;PTGER2
prerank,Regulation Of Cysteine-Type Endopeptidase Activity (GO:2000116),0.3985271514000931,1.0041582529414592,0.47058823529411764,0.7062263018633845,1.0,4/19,3.57%,PYCARD;LTF;TTBK1;PSMB9
prerank,Neuron Development (GO:0048666),0.2725584421026693,1.0036229901669707,0.434052757793765,0.7069510665328264,1.0,16/138,8.97%,APOE;HS6ST1;RAB13;XBP1;PPP1R9B;TGFB2;LYN;BLOC1S1;UGCG;DTNBP1;GPM6A;TENM4;B4GALT5;TDP2;RUNX3;PPT1
prerank,Regulation Of Regulatory T Cell Differentiation (GO:0045589),0.3933517201674027,1.0035825166867072,0.44110854503464203,0.7066456297830004,1.0,1/19,0.10%,LILRB4
prerank,Cell-Substrate Junction Assembly (GO:0007044),-0.37465360707905443,-1.0035821522901351,0.4486486486486487,0.8101388290805774,1.0,4/26,6.39%,THY1;CDH11;LAMC1;RHOD
prerank,Selective Autophagy (GO:0061912),0.3118891706724051,1.0035072845179032,0.4396355353075171,0.7064118223528583,1.0,16/54,18.30%,RAB7A;TGFB1;PEX5;PHB2;UFC1;BECN1;STBD1;TEX264;DDRGK1;WDFY3;UBA5;ARFIP2;UFL1;PEX2;VHL;ATG4D
prerank,Positive Regulation Of Extracellular Matrix Assembly (GO:1901203),-0.49759181385694323,-1.003311047228455,0.4727272727272727,0.8101843227633468,1.0,1/8,0.08%,PHLDB2
prerank,Actin Filament Reorganization (GO:0090527),-0.5370624616620345,-1.0031632404240194,0.4971209213051823,0.8099597213896466,1.0,2/6,14.94%,MCU;DMTN
prerank,snRNA Transcription By RNA Polymerase II (GO:0042795),-0.4789292835219473,-1.0031501484697845,0.48398576512455516,0.8093821291018848,1.0,4/9,15.09%,SNAPC3;ICE2;ZC3H8;SNAPC1
prerank,mRNA Metabolic Process (GO:0016071),0.30490639796569063,1.00294823600608,0.44549763033175355,0.7071722370151035,1.0,20/73,15.53%,NUDT21;NCBP2;SRSF4;DHX15;HNRNPR;NUDT16;CPSF3;AGO4;SCAF11;ALKBH5;SF3A1;ATXN2L;PCF11;CSTF3;TP53;TBRG4;SF3B4;SRSF9;RNH1;NUDT16L1
prerank,Potassium Ion Transport (GO:0006813),-0.2873082874781248,-1.0028900359684125,0.45549738219895286,0.8094392950183982,1.0,26/108,14.34%,KCNA1;KCNK2;SLC9A2;KCNB1;KCNN1;KCNJ16;KCNH5;KCNJ13;KCNK3;KCNAB1;KCNK4;KCNC3;KCNC4;SLC9A7;SLC24A3;LRRC38;KCNH7;ATP1A2;ATP1B3;KCNH2;KCNG4;KCNJ15;SLC9A5;HCN4;KCNG1;KCNN2
prerank,Positive Regulation Of Cardiac Muscle Cell Differentiation (GO:2000727),0.5367219536810609,1.002502758917984,0.4861407249466951,0.7077133924436653,1.0,2/5,11.70%,TGFB1;MEF2C
prerank,Single Strand Break Repair (GO:0000012),-0.5250152863399572,-1.0023081173806043,0.48175182481751827,0.810255484447656,1.0,5/6,46.61%,TDP1;APTX;ERCC8;LIG4;ERCC6
prerank,Response To Catecholamine (GO:0071869),-0.5442822943068558,-1.0022725726402135,0.49122807017543857,0.8097392756689084,1.0,2/5,9.88%,NR4A3;DRD5
prerank,Relaxation Of Muscle (GO:0090075),-0.4436017223911302,-1.0020890823183082,0.4778761061946903,0.8095835652880821,1.0,6/12,24.11%,PLN;ATP1A2;GSN;ATP2A1;RGS2;ATP1B1
prerank,Regulation Of Proteasomal Ubiquitin-Dependent Protein Catabolic Process (GO:0032434),0.2820864576586906,1.0016974713321005,0.434878587196468,0.7089655403168277,1.0,17/103,11.32%,GNA12;DNAJB2;CEBPA;SIRT2;BAG6;CLU;GABARAP;USP7;TRIB3;UBXN1;RAD23A;SUMO2;EIF3H;RNF19A;PSMD10;DVL1;KEAP1
prerank,Cardiac Right Ventricle Morphogenesis (GO:0003215),-0.4965599596051884,-1.0012519872339882,0.5,0.8110751450658117,1.0,3/9,7.42%,ZFPM2;JAG1;ISL1
prerank,Heterochromatin Formation (GO:0031507),0.3665838763960556,1.0012398892168013,0.43776824034334766,0.7095481471471545,1.0,5/26,8.96%,LMNB2;SIRT2;LMNB1;POLE3;LMNA
prerank,Regulation Of Cardiac Muscle Cell Differentiation (GO:2000725),0.46743343009214144,1.0011623105918839,0.4966442953020134,0.709324975862763,1.0,3/9,15.12%,TGFB1;MEF2C;SOX6
prerank,Negative Regulation Of Amyloid-Beta Clearance (GO:1900222),-0.5107220657686857,-1.0009163336515539,0.49230769230769234,0.8113020574086239,1.0,5/7,31.41%,IFNG;HMGCR;TNF;MYOCD;IFNGR1
prerank,Antimicrobial Humoral Immune Response Mediated By Antimicrobial Peptide (GO:0061844),-0.3624233454601865,-1.000891921368804,0.45251396648044695,0.8107506524016489,1.0,13/30,24.31%,NRG1;CXCL14;CXCL2;CXCL8;S100A12;CXCL1;PF4;DEFB1;CXCL3;PLA2G1B;TSLP;CXCL10;DEFA4
prerank,Regulation Of Adiponectin Secretion (GO:0070163),0.5489405150048269,1.0007338497170086,0.49230769230769234,0.709809039258832,1.0,1/5,2.53%,PPARG
prerank,Regulation Of Long-Term Synaptic Depression (GO:1900452),-0.4759554378126055,-1.0006286735676686,0.4866920152091255,0.8108009273482903,1.0,3/9,19.79%,KCNB1;FMR1;AGER
prerank,Negative Regulation Of Exocytosis (GO:0045920),0.44935425835783704,1.0005503750689915,0.45598194130925507,0.7097900965205628,1.0,3/10,8.63%,RAB7A;RAB33B;SNCA
prerank,Regulation Of Receptor Signaling Pathway Via JAK-STAT (GO:0046425),-0.3362023142229599,-1.0004921170425083,0.4490909090909091,0.8105453503599807,1.0,7/44,9.26%,OCIAD1;CENPJ;HES5;KIT;OCIAD2;IL6;CYP1B1
prerank,Negative Regulation Of Catabolic Process (GO:0009895),0.30973405676164123,1.0004796809258403,0.4444444444444444,0.7095153123281527,1.0,7/61,9.06%,APOC1;NUPR1;SIRT2;FBP1;RGP1;SIRT6;SNX12
prerank,Negative Regulation Of Cold-Induced Thermogenesis (GO:0120163),-0.33904062420327163,-1.0004308965569166,0.4562043795620438,0.8100965556585876,1.0,21/42,37.51%,FOXC2;LAMA4;ID1;NR1D1;ACOT11;IL18R1;ADIPOQ;RBPJ;HOXC10;DDIT3;ARRDC3;PLCL1;DOCK7;NOVA1;IL15;NRDC;MAP2K6;LNPEP;FLCN;NPR3;PLCL2
prerank,Regulation Of Biosynthetic Process (GO:0009889),0.481492528927221,1.0004255934767303,0.4888392857142857,0.7092217453537908,1.0,3/8,13.67%,GSTP1;SNCA;MID1IP1
prerank,Positive Regulation Of Cell Cycle Process (GO:0090068),-0.2877588365921724,-1.0002418940160824,0.45898778359511344,0.809952514357391,1.0,11/100,12.76%,PDGFRB;EDN3;CSPP1;CDC14A;CENPJ;SVIL;INSR;NPM2;E2F8;ECT2;DYNC1LI1
prerank,Mitotic Cytokinesis (GO:0000281),-0.32433632705009924,-1.0000794547464549,0.4573913043478261,0.8097456910999281,1.0,20/57,29.00%,EXOC6B;MYH10;ROCK2;PDCD6IP;EXOC4;ECT2;EXOC7;TRIM36;EXOC6;SEPTIN6;STAMBP;KIF23;EFHC1;RASA1;KIF4B;CKAP2;UNC119;SPTBN1;EXOC2;CDCA8
prerank,Cellular Response To Acid Chemical (GO:0071229),0.36564783077992863,0.9998419407929814,0.4779735682819383,0.7100571233898636,1.0,5/26,8.73%,XBP1;CPEB4;LAMTOR4;LAMTOR5;LAMTOR2
prerank,Gene Expression (GO:0010467),0.26713820988385933,0.9996233185475858,0.4351145038167939,0.710131400111098,1.0,41/158,21.15%,HNRNPF;RRBP1;SORL1;NCBP2;RBM8A;GALNT2;DKC1;TNIP1;DDX54;EXOSC4;HNRNPUL1;GLE1;HNRNPH3;HSPD1;XRN2;ALKBH5;ADAR;EXOSC7;NLRP3;GOLPH3;EXOSC6;CHTOP;RBM3;DDX20;PABPC4;TSPAN15;ADARB2;BICD1;PRPF4;GSPT2;RBM5;EXOSC3;HBS1L;EIF4A3;LMF2;MPHOSPH10;HNRNPA2B1;TSPAN33;SMG7;ABCF1;ZNF830
prerank,Phosphate-Containing Compound Metabolic Process (GO:0006796),0.2639798144436717,0.9996063299606284,0.4583333333333333,0.7097692257912789,1.0,27/164,11.82%,PLAAT4;PFKFB2;GFPT2;TGFB1;DUSP4;PLCD1;PLB1;FBP1;LIMK2;HK2;GPX4;AKT1;DUSP15;PPA1;ALOX15B;INPP1;PLA2G15;G6PC3;G6PD;SHPK;DUSP3;DUSP22;PPM1A;PLPP2;LCP1;GCK;PFKFB3
prerank,Protein Transport To Vacuole Involved In Ubiquitin-Dependent Protein Catabolic Process Via The Multivesicular Body Sorting Pathway (GO:0043328),0.4157516677232261,0.999278514813454,0.46352941176470586,0.7101068865929974,1.0,3/14,8.38%,SNF8;MVB12A;VPS37D
prerank,Regulation Of Generation Of Precursor Metabolites And Energy (GO:0043467),0.5038132085808783,0.9983918599199412,0.4794520547945205,0.7116076329534856,1.0,4/7,26.44%,NOA1;RUBCNL;KHK;PGAM1
prerank,Myeloid Cell Development (GO:0061515),0.3671045879153596,0.9983648168982396,0.4444444444444444,0.7112731029146534,1.0,5/23,7.70%,ZNF385A;EVI2B;NCKAP1L;CEBPB;TLR2
prerank,Heterochromatin Organization (GO:0070828),0.34878781174381923,0.9977586226348356,0.45161290322580644,0.7121153690575321,1.0,10/34,17.35%,LMNB2;SIRT2;LMNB1;POLE3;SETD7;LMNA;SNAI1;HDAC2;LOXL2;UHRF1
prerank,Mitotic Recombination (GO:0006312),-0.4262535520401086,-0.9977386887746563,0.4709193245778612,0.8148157792579442,1.0,8/14,30.77%,NSMCE2;MSH2;RAD50;RAD52;SMC5;RAD54B;SMC6;PTEN
prerank,DNA Duplex Unwinding (GO:0032508),0.3379251987078383,0.9976722581517293,0.4393203883495146,0.711901085144188,1.0,9/38,21.52%,SSBP1;DTD1;ASCC3;HMGA1;PURA;RECQL4;GINS4;BLM;DDX11
prerank,Regulation Of Lymphocyte Activation (GO:0051249),0.4195990634432079,0.9974673887103328,0.4533029612756264,0.7119373946731689,1.0,3/14,12.25%,CD4;PAG1;THEMIS2
prerank,Regulation Of Cytoplasmic Transport (GO:1903649),0.45910083448118405,0.9973925462618282,0.46808510638297873,0.7116888698252122,1.0,3/10,13.42%,USP7;MAP2K2;DNAJC13
prerank,Protein Localization To Microtubule Cytoskeleton (GO:0072698),-0.4753856803437684,-0.9973387391735602,0.46938775510204084,0.8151261460198624,1.0,5/9,22.99%,MID1;MID2;MAPRE3;DIAPH1;FAM83D
prerank,Cholesterol Import (GO:0070508),-0.5586941088830092,-0.9969272913647287,0.4893203883495146,0.8155284882910473,1.0,2/5,21.26%,STARD5;SCARB1
prerank,Positive Regulation Of Unsaturated Fatty Acid Biosynthetic Process (GO:2001280),-0.5365311858610626,-0.9966530522115223,0.4944649446494465,0.8155718529637632,1.0,2/6,4.49%,PTGS2;ABCD2
prerank,"Protein Localization To Chromosome, Centromeric Region (GO:0071459)",-0.43143802317871094,-0.9963629580717561,0.4713740458015267,0.8156705325356517,1.0,5/14,35.70%,MTBP;CTCF;SPDL1;ZWILCH;CENPA
prerank,Response To Amino Acid (GO:0043200),0.3560844137392385,0.9962596870476643,0.474468085106383,0.7137014271873472,1.0,5/28,8.73%,XBP1;CPEB4;LAMTOR4;LAMTOR5;LAMTOR2
prerank,Methionine Metabolic Process (GO:0006555),-0.5075937719821237,-0.9962489618298954,0.4943181818181818,0.8153343548255231,1.0,3/7,23.06%,MTHFR;MAT1A;MSRA
prerank,Positive Regulation Of Protein Import Into Nucleus (GO:0042307),0.353479191334108,0.9961130491446968,0.4298850574712644,0.7135856221884198,1.0,3/27,2.43%,HCLS1;TGFB1;CHP2
prerank,Negative Regulation Of Nucleic Acid-Templated Transcription (GO:1903507),-0.247487699187369,-0.9952684774833886,0.4750778816199377,0.8171208592923859,1.0,85/412,19.67%,LEF1;RBFOX2;FOXP1;CALCA;TLE1;GLI3;TP63;ZFPM2;BMP4;HEYL;ZIC2;NRG1;GAS6;LBH;KLF4;FOXD1;CDK5R1;SFRP1;ZNF540;SFPQ;IFNG;ZMYM2;TBX2;ATP8B1;NAB1;BEND5;WNT4;NR2F2;PER1;TWIST1;SMAD4;CHD3;DACH1;LDB1;SCMH1;MDM4;SMURF2;FOXP2;WNT11;SFRP2;ID1;CTNNB1;NR1D1;TLE5;WWP1;TWIST2;RUNX1T1;CBFA2T2;MECOM;GCFC2;PRICKLE1;RCOR3;SMARCC2;NCOR2;ZBTB38;ZC3H8;KAT8;TAF7;SMARCA4;GATA6;JUN;NIPBL;MTERF3;GLIS2;HDAC4;BMP2;ADIPOQ;KHDRBS1;PSPC1;NR3C1;EID2B;KDM8;IL4;BASP1;RIOX1;ZBTB4;TRAF6;ZNF281;HINFP;CTCF;TBX21;KAT5;ZNF256;CDK5;ZNF148
prerank,Negative Regulation Of Transcription From RNA Polymerase II Promoter In Response To Stress (GO:0097201),0.5338997749691526,0.9951316482098074,0.4968152866242038,0.7152678936405634,1.0,1/5,3.06%,SIRT2
prerank,Regulation Of Stem Cell Population Maintenance (GO:2000036),-0.3233204920554802,-0.9950978580120664,0.4665523156089194,0.8169394399641402,1.0,13/55,17.35%,OGT;PTN;BICRAL;ACTL6B;NCOA3;SS18;SMARCA4;TAF5L;PHF10;ARID4B;TET1;KAT2A;WDR43
prerank,Peptidyl-Serine Autophosphorylation (GO:0036289),-0.5090333101404708,-0.9949323091024581,0.5009487666034156,0.816777306781025,1.0,2/7,5.55%,RIPK1;MARK3
prerank,Protein Localization To Site Of Double-Strand Break (GO:1990166),0.5395902894547037,0.9945276825630918,0.4868421052631579,0.7161546747482584,1.0,2/5,21.83%,SIRT6;PARP3
prerank,Activation Of Cysteine-Type Endopeptidase Activity (GO:0097202),-0.4128145413602181,-0.9945038263517756,0.4810126582278481,0.8172407301979543,1.0,3/16,4.78%,CASP9;PERP;CYFIP2
prerank,Negative Regulation Of Complement Activation (GO:0045916),-0.519559941338609,-0.9942676709443196,0.4925925925925926,0.8171778560246986,1.0,1/7,1.12%,CD46
prerank,Positive Regulation Of Cardiac Epithelial To Mesenchymal Transition (GO:0062043),-0.506696074090462,-0.994016264348358,0.5037037037037037,0.8171634345687416,1.0,4/7,11.43%,JAG1;EMP2;TGFBR2;ENG
prerank,Regulation Of Metallopeptidase Activity (GO:1905048),0.5268189126387728,0.9937528180467669,0.5053763440860215,0.7173413605053744,1.0,2/6,17.84%,DDRGK1;SVBP
prerank,Activation Of Phospholipase C Activity (GO:0007202),0.3747202824610099,0.9937321238034159,0.432967032967033,0.716989272478762,1.0,6/24,12.17%,GNA15;LPAR1;PHB2;C5AR1;RASGRP4;P2RY12
prerank,Iron Ion Transmembrane Transport (GO:0034755),-0.480037496565853,-0.9936150462497887,0.5056603773584906,0.8175552066554811,1.0,3/9,7.97%,SCARA5;ABCC5;SLC25A37
prerank,Ribose Phosphate Biosynthetic Process (GO:0046390),0.5312360135944588,0.9933335447140241,0.4968421052631579,0.7173636562072708,1.0,3/5,17.04%,PRPS1;G6PD;PRPS2
prerank,Organic Cyclic Compound Catabolic Process (GO:1901361),-0.5012627774213997,-0.9932877470281944,0.4971857410881801,0.8177526352298357,1.0,2/7,4.19%,HSD11B1;STS
prerank,Anterograde Dendritic Transport (GO:0098937),-0.5377371930416417,-0.9928564141473638,0.4990990990990991,0.8181879891335107,1.0,2/6,9.41%,KIF5A;STAU2
prerank,Positive Regulation Of Protein Localization To Nucleus (GO:1900182),0.29686190748159735,0.9927291016946006,0.43132530120481927,0.7182034000392727,1.0,7/66,5.40%,HCLS1;TGFB1;CHP2;LIMK2;DKC1;LARP7;LAMTOR5
prerank,Dendrite Extension (GO:0097484),-0.5488643919590198,-0.9923431009057878,0.4911591355599214,0.8187655289175377,1.0,3/5,20.30%,CDKL3;SLC9A6;SH3GL2
prerank,Regulation Of Mitochondrial Translation (GO:0070129),0.3723108942319114,0.9919664474499832,0.4721030042918455,0.7194409309191802,1.0,3/21,10.63%,SHMT2;MPV17L2;NGRN
prerank,Regulation Of Monocyte Chemotaxis (GO:0090025),0.3820175563269703,0.9919034505966253,0.4709976798143852,0.7191558850501055,1.0,5/21,8.27%,PLA2G7;SLAMF8;LYN;CCR1;LGMN
prerank,Negative Regulation Of Hydrogen Peroxide-Induced Cell Death (GO:1903206),-0.48900029378054477,-0.9918418509722413,0.5009242144177449,0.8193355134485872,1.0,1/8,3.73%,MET
prerank,Receptor Clustering (GO:0043113),-0.397663540302454,-0.9918203308195952,0.4608208955223881,0.8187716655819632,1.0,4/19,9.90%,THY1;PTN;MAGI2;FLNA
prerank,Positive Regulation Of Organelle Assembly (GO:1902117),0.30922236481807447,0.9917535157413022,0.48598130841121495,0.7190888309511648,1.0,3/56,2.93%,CAPG;CAPRIN1;SDC4
prerank,Regulation Of Filopodium Assembly (GO:0051489),0.33149320922562964,0.991299220708613,0.4595744680851064,0.7195977233906984,1.0,9/41,10.58%,DPYSL3;CLU;MIEN1;PALM;ARF6;GPM6A;DOCK11;FSCN1;PRKCD
prerank,Negative Regulation Of Calcium Ion Transport (GO:0051926),0.4291057447193679,0.9912575371310896,0.45861297539149887,0.7192895069110938,1.0,4/12,13.04%,PACSIN3;LILRB1;TRIM27;CD33
prerank,Regulation Of Transcription From RNA Polymerase II Promoter In Response To Stress (GO:0043618),0.4337763158958209,0.9910597405736361,0.4883177570093458,0.7192904415188388,1.0,3/12,7.33%,HMOX1;ATF4;MUC1
prerank,Hematopoietic Progenitor Cell Differentiation (GO:0002244),-0.3685272280192643,-0.9906681786709515,0.46598639455782315,0.8208980770349935,1.0,9/26,12.85%,SHH;BMP4;PRRC2C;SFRP1;HOXB4;KIT;LMBR1L;FST;MLLT3
prerank,Visual Perception (GO:0007601),-0.3043242327068024,-0.9906200038816826,0.42934782608695654,0.8204057231650271,1.0,16/70,14.97%,ZIC2;COL11A1;COL18A1;CHRNB2;SLC4A10;CRYGN;MYO9A;COL2A1;TULP1;NXNL2;GRM8;EYA4;CRYBA2;TRPM1;COL1A1;RABGGTA
prerank,Golgi Lumen Acidification (GO:0061795),0.45981508839227214,0.9902851587019765,0.46420323325635104,0.7205138112218377,1.0,1/9,5.46%,ATP6V1F
prerank,Negative Regulation Of Mitochondrial Membrane Permeability (GO:0035795),0.46779533658056355,0.9901396744908335,0.47789473684210526,0.7204468591130211,1.0,3/9,13.72%,SLC25A6;SLC35F6;BAK1
prerank,Negative Regulation Of Protein Phosphorylation (GO:0001933),-0.27717134618533734,-0.9900032220721338,0.47160068846815834,0.821359007212508,1.0,21/140,11.95%,PDE4D;FBLN1;THY1;NTRK3;TRIB2;DMD;PARD3;SFRP1;SLIT2;CAMK2N2;OCLN;PLPP3;ERRFI1;NF1;PTPN13;YWHAG;PIP5KL1;SFRP2;PMEPA1;ENG;GPD1L
prerank,Regulation Of Actin Cytoskeleton Reorganization (GO:2000249),0.36514743588912746,0.9899695169310362,0.45727482678983833,0.7203920714451488,1.0,6/25,10.03%,ARHGDIB;HCK;BAIAP2;CLU;PTK2B;ARHGDIA
prerank,Positive Regulation Of Fat Cell Differentiation (GO:0045600),-0.33260965330299097,-0.9899330587848335,0.4734042553191489,0.8209174736700233,1.0,8/48,10.00%,PTGS2;CDS1;VSTM2A;SIX1;SFRP1;FRZB;MEDAG;SFRP2
prerank,Positive Regulation Of Ion Transmembrane Transporter Activity (GO:0032414),0.34684295159739165,0.9899219607714568,0.46638655462184875,0.7201023954083392,1.0,6/33,7.03%,CTSS;CCL2;GLRX;ATP1B2;NOL3;PIRT
prerank,Positive Regulation Of ATP-dependent Activity (GO:0032781),-0.3385083169116969,-0.989800292831526,0.4523809523809524,0.8206168575037323,1.0,4/37,1.06%,FGF10;RYR2;TPM1;TNNT2
prerank,Cell Morphogenesis Involved In Neuron Differentiation (GO:0048667),0.292247436134466,0.9896101540921209,0.46153846153846156,0.7203195791109618,1.0,10/74,10.18%,S100A6;NRCAM;BAIAP2;CELSR2;LLGL1;MAP1S;APLP1;SSNA1;S100B;DVL1
prerank,Regulation Of Nitric-Oxide Synthase Biosynthetic Process (GO:0051769),-0.4420177354574071,-0.9895459591673991,0.4643510054844607,0.8206370704833339,1.0,2/11,4.32%,KDR;IFNG
prerank,Regulation Of Catabolic Process (GO:0009894),0.37262982460048943,0.989453853063149,0.4331896551724138,0.7202528839768649,1.0,5/21,13.81%,SNF8;SIRT6;PTK2B;HGS;WDR91
prerank,Negative Regulation Of Cell Adhesion Mediated By Integrin (GO:0033629),-0.4681483297879666,-0.9890879706543904,0.489247311827957,0.821135671310611,1.0,2/9,9.26%,NRG1;CYP1B1
prerank,Nuclear Export (GO:0051168),0.32110708671392973,0.9888275930137196,0.4794816414686825,0.7211767661406701,1.0,8/44,17.44%,TGFB1;UBE2I;NUTF2;NUP188;RANGAP1;CDKN1B;CHP1;DESI1
prerank,Negative Regulation Of Receptor Binding (GO:1900121),0.4545735956746883,0.9886303148532696,0.5021097046413502,0.7211940627144507,1.0,1/9,0.85%,PTPRF
prerank,Glutamine Metabolic Process (GO:0006541),0.431972342783587,0.9878843489174131,0.4671201814058957,0.722396883431344,1.0,2/11,10.07%,UCP2;GLUL
prerank,Positive Regulation Of Glycogen Metabolic Process (GO:0070875),0.4350775897403376,0.9876161751903155,0.47586206896551725,0.722555991114453,1.0,4/11,16.50%,IRS2;PHKG2;GCK;SORBS1
prerank,Granulocyte Differentiation (GO:0030851),-0.4501756190919547,-0.9874641601461834,0.4936247723132969,0.8244977195370239,1.0,1/10,0.19%,LEF1
prerank,Immunoglobulin V(D)J Recombination (GO:0033152),0.5354345895030842,0.9874484545035709,0.49333333333333335,0.7225203370839279,1.0,3/5,33.61%,TCF3;NHEJ1;XRCC4
prerank,Organophosphate Catabolic Process (GO:0046434),-0.4634688372789678,-0.9873516868213944,0.4981549815498155,0.8241723659464956,1.0,1/10,3.31%,PLD1
prerank,B Cell Activation Involved In Immune Response (GO:0002312),0.4288301015362362,0.9872236404054298,0.4834123222748815,0.7225796221855312,1.0,6/12,18.23%,CD180;FCGR2B;GAPT;EXOSC6;MSH6;EXOSC3
prerank,Cardiac Muscle Cell Differentiation (GO:0055007),-0.38921153304959266,-0.9866067271256557,0.49552772808586765,0.8253600778716423,1.0,3/22,6.22%,MYH11;NRG1;SHOX2
prerank,Positive Regulation Of Binding (GO:0051099),-0.294370327236814,-0.9865979856988578,0.46826758147512865,0.8247770119736803,1.0,22/83,20.15%,FOXC1;CAPRIN2;ADD2;BMP4;MET;NGF;CLDN5;MARK3;CLIC2;NCBP1;APP;USP33;DPH3;GSK3B;EDF1;BMP2;PYHIN1;CAV1;PIN1;PSEN1;DACT1;ZNF618
prerank,Negative Regulation Of Stress-Activated MAPK Cascade (GO:0032873),0.336240116870583,0.9864531219859187,0.4769585253456221,0.7237716624437558,1.0,5/36,9.85%,TREM2;EZR;SIRPA;GSTP1;DUSP3
prerank,Skeletal Muscle Cell Differentiation (GO:0035914),0.5386968727355093,0.9862474708543109,0.5159235668789809,0.7238001485067344,1.0,2/5,10.51%,LEMD2;MEGF10
prerank,Regulation Of Phosphatidylinositol 3-Kinase Activity (GO:0043551),-0.3487001465309617,-0.9861703365236567,0.46345811051693403,0.8252242791065798,1.0,4/32,7.24%,PDGFRA;PDGFRB;PIK3R4;KIT
prerank,Hyaluronan Metabolic Process (GO:0030212),-0.44292633784386415,-0.9861236287415336,0.4538878842676311,0.8247417712519524,1.0,1/12,0.01%,CEMIP
prerank,Membrane Lipid Biosynthetic Process (GO:0046467),0.3105989919147991,0.9857025669496128,0.48577680525164113,0.7245318292512598,1.0,11/53,13.32%,SPTSSA;SGPP1;GBGT1;ST3GAL6;HACD2;B3GNT5;CERS4;SPTLC2;PLPP2;CSNK1G2;ORMDL2
prerank,Negative Regulation Of Mitochondrial Outer Membrane Permeabilization Involved In Apoptotic Signaling Pathway (GO:1901029),0.47606672249157267,0.9853875906366043,0.4726890756302521,0.7248085903939344,1.0,3/8,13.72%,SLC25A6;SLC35F6;BAK1
prerank,Dehydroascorbic Acid Transport (GO:0070837),-0.5077844159171392,-0.9853828715727725,0.49809885931558934,0.8259389001542637,1.0,1/7,3.32%,SLC2A6
prerank,Apoptotic Nuclear Changes (GO:0030262),0.40534758979446595,0.985277999277259,0.4931506849315068,0.7246291869822572,1.0,5/15,13.48%,DNASE2B;DNASE2;TOP2A;ENDOG;EXOG
prerank,Neuromuscular Junction Development (GO:0007528),-0.37599324669532713,-0.9852158124553863,0.47794117647058826,0.8257429256875546,1.0,4/24,9.00%,CACNB2;PDZRN3;PPFIBP1;ZC4H2
prerank,Attachment Of Mitotic Spindle Microtubules To Kinetochore (GO:0051315),0.4159044089576721,0.9849184413289999,0.47257383966244726,0.7250101649181251,1.0,3/12,23.37%,MAPRE1;CDT1;KIF2C
prerank,ncRNA Processing (GO:0034470),0.28936125227357656,0.9848701991944459,0.484304932735426,0.7247130151991072,1.0,24/78,22.41%,DKC1;UTP20;DDX54;EXOSC4;WDR18;RRP7A;EBNA1BP2;XRN2;DCAF13;MRTO4;INTS7;PELP1;EXOSC7;INTS14;PES1;NOC4L;FBL;EXOSC3;BYSL;NOB1;NOP53;WDR74;POP7;ESF1
prerank,Regulation Of Neurogenesis (GO:0050767),-0.31353638804402606,-0.9847804690443666,0.47739602169981915,0.8261797656019862,1.0,12/59,16.76%,LEF1;HEYL;IFNG;HES5;APLP2;HOOK3;IL6;CTNNB1;TRIM32;HLTF;YAP1;DLL1
prerank,Branched-Chain Amino Acid Metabolic Process (GO:0009081),0.4028113316513798,0.9847483388671695,0.48322147651006714,0.7245639026006878,1.0,6/15,25.90%,MCCC2;BCKDHA;IVD;MCCC1;PCCB;ECHS1
prerank,Regulation Of Melanin Biosynthetic Process (GO:0048021),-0.45154652575695814,-0.9847132648471921,0.4900900900900901,0.8257425085334887,1.0,1/10,1.27%,TYRP1
prerank,Negative Regulation Of Astrocyte Differentiation (GO:0048712),0.5428324452954145,0.9845134427519495,0.5289079229122056,0.7246769603571374,1.0,1/5,0.50%,TREM2
prerank,Regulation Of Dendritic Spine Morphogenesis (GO:0061001),0.3607212448212259,0.9840211751207778,0.45727482678983833,0.725308963956547,1.0,5/28,6.71%,CAPRIN1;ABI3;NOL3;NGEF;CFL1
prerank,Diterpenoid Metabolic Process (GO:0016101),0.3734397311464338,0.9838222448924259,0.4752252252252252,0.7253198553500623,1.0,4/22,9.61%,PLB1;DHRS3;AKR1B1;ALDH1A1
prerank,Respiratory Tube Development (GO:0030323),0.3574673059818447,0.9837642114465172,0.46136363636363636,0.725047253314259,1.0,4/26,3.53%,PDPN;CHI3L1;CEBPA;BAG6
prerank,Positive Regulation Of Autophagy (GO:0010508),-0.2849266714793473,-0.9835167545130433,0.4811643835616438,0.8280236398089367,1.0,23/94,19.41%,DCN;KDR;TRIM58;IFNG;TRIM38;NPRL3;PRKAA1;ULK1;TRIM32;SESN1;ORMDL3;PRKAA2;PIM2;MID2;RNF152;TRIM23;WAC;PIK3CB;GSK3B;TBK1;IL4;NPRL2;KAT5
prerank,Negative Regulation Of Smooth Muscle Cell Differentiation (GO:0051151),-0.49112303484484465,-0.9832073767882955,0.5149253731343284,0.8281789738698145,1.0,2/8,11.89%,SHH;NFATC3
prerank,Internal Protein Amino Acid Acetylation (GO:0006475),-0.49248054138820196,-0.9831551466723432,0.5050335570469798,0.8276991737959425,1.0,4/8,26.89%,KAT2A;KAT5;KAT7;EP300
prerank,Neuron Projection Development (GO:0031175),-0.26712470498501395,-0.9827800647032944,0.485,0.8280405917794933,1.0,49/176,22.31%,STMN2;NBL1;MNX1;USH1C;TNXB;STMN3;NEFH;BICDL1;PAK3;CDK5R1;MYO16;MAP2;FLRT3;NGF;NMNAT2;VPS13B;NYAP2;MYOC;IFT88;BTG2;IL6;FRYL;ULK1;NCKAP1;TRIO;APP;NEUROD2;LAMB1;CNTN4;DIP2A;GSK3B;MARK2;PTPRM;UHMK1;ATCAY;SLC9A6;RAB6B;EHD1;CDK5;AGER;SLC25A46;SH3GL2;LRP12;RAB6A;PACSIN1;CNTNAP2;RAPGEF2;EPB41L3;ALS2
prerank,Cellular Response To Hexose Stimulus (GO:0071331),0.3784730111060196,0.9827554748473746,0.46,0.7267436317005496,1.0,5/23,5.43%,XBP1;SLC39A14;PCK2;UCP2;SLC2A5
prerank,Adaptive Immune Response Based On Somatic Recombination Of Immune Receptors Built From Immunoglobulin Superfamily Domains (GO:0002460),-0.409351535190026,-0.9825998700318865,0.4672897196261682,0.8278752813909135,1.0,5/16,18.11%,CD46;JAG1;MSH2;SCART1;GNL1
prerank,Transepithelial Transport (GO:0070633),-0.43229253847487487,-0.982083416351322,0.49640287769784175,0.8285067775459986,1.0,2/13,4.47%,ABCG2;SLC1A2
prerank,Negative Regulation Of Dephosphorylation (GO:0035305),0.45636307777715934,0.9820661659492403,0.4966887417218543,0.7278532362401074,1.0,4/10,16.95%,PPP1R8;YWHAB;CHP1;PPP1R16B
prerank,Cholesterol Biosynthetic Process (GO:0006695),-0.37679088925211157,-0.981977924005027,0.4776386404293381,0.8281808528647473,1.0,6/23,13.14%,FDFT1;INSIG1;SC5D;HMGCR;DHCR7;CYP51A1
prerank,Regulation Of Glucocorticoid Receptor Signaling Pathway (GO:2000322),-0.5395932010310949,-0.9818647179846172,0.5017985611510791,0.8278541997776072,1.0,2/5,24.71%,PER1;CRY2
prerank,T-helper 17 Cell Differentiation (GO:0072539),-0.47656879334201835,-0.9808941030078063,0.4912959381044487,0.8296135300401918,1.0,2/8,14.77%,IL6;SLAMF6
prerank,Non-Motile Cilium Assembly (GO:1905515),-0.35523308356538946,-0.9807861399114006,0.5098389982110912,0.8292630089852826,1.0,8/30,22.91%,PIBF1;RPGRIP1L;IFT88;IFT57;CC2D2A;CCDC13;TMEM216;GORAB
prerank,Positive Regulation Of Cholesterol Biosynthetic Process (GO:0045542),0.5417566471217085,0.9807572032612191,0.5118790496760259,0.7298601212507675,1.0,2/5,9.63%,SREBF1;FGF1
prerank,Positive Regulation Of Sterol Biosynthetic Process (GO:0106120),0.5417566471217085,0.9807572032612191,0.5118790496760259,0.7298601212507675,1.0,2/5,9.63%,SREBF1;FGF1
prerank,Negative Regulation Of Growth (GO:0045926),-0.282445438806004,-0.9806071750660353,0.49466192170818507,0.8291029082264864,1.0,20/109,11.25%,RERG;CAPRIN2;CCN3;NRG1;SFRP1;SLIT2;FRZB;ST7L;DCUN1D3;HSPA1A;TSPYL2;SMAD4;NDRG3;NPR1;MT1G;ING5;WNT11;SFRP2;BMPR2;CDA
prerank,Positive Regulation Of GTPase Activity (GO:0043547),-0.26262383775626996,-0.9804366635415902,0.5,0.828919165146858,1.0,39/205,18.21%,ARHGAP29;THY1;NTRK3;DOCK9;TBC1D4;RGS6;ADCYAP1;SOS1;BCAS3;SFRP1;DOCK6;RAPGEF4;USP6NL;CCL4;TBC1D3E;RALGPS2;NF1;EVI5;TBC1D8B;RASGRP2;RGL3;CCL14;WNT11;ECT2;TBC1D30;TBCK;TBC1D8;TBC1D12;RGS7;SYDE1;RAPGEF6;GSK3B;ARHGAP42;TBC1D13;RGS11;RALGAPB;ARHGEF7;PIN1;RAP1GAP2
prerank,Positive Regulation Of MHC Class II Biosynthetic Process (GO:0045348),0.4583516576209366,0.9803324201536364,0.4906832298136646,0.7303339113505535,1.0,2/10,3.22%,XBP1;RFXANK
prerank,Antimicrobial Humoral Response (GO:0019730),-0.33002041891727485,-0.9802790821776779,0.48134328358208955,0.8286897649045749,1.0,10/46,7.55%,PRSS3;SLPI;NRG1;CXCL14;CXCL2;CXCL8;S100A12;AZU1;CTSG;CXCL1
prerank,Vascular Endothelial Growth Factor Receptor-2 Signaling Pathway (GO:0036324),-0.5500908052691219,-0.9801451301084722,0.5267857142857143,0.8284124217785059,1.0,1/5,1.21%,KDR
prerank,Galactosylceramide Metabolic Process (GO:0006681),0.5087711828215549,0.9801111771235665,0.5,0.7303909691183169,1.0,4/6,31.84%,GALC;B3GALT2;B4GALT3;FA2H
prerank,Polyol Biosynthetic Process (GO:0046173),0.4148086941768219,0.9800831639086315,0.497787610619469,0.7300597566973986,1.0,3/14,5.50%,ITPKB;FGF2;CYP27A1
prerank,Camera-Type Eye Development (GO:0043010),-0.38602435611246644,-0.9798225791872464,0.5035087719298246,0.8285749660252875,1.0,6/20,13.38%,HES5;NF1;CYP1B1;CACNA1C;STRA6;TENM3
prerank,Lymphatic Endothelial Cell Differentiation (GO:0060836),0.4892105612748885,0.9796381683279328,0.5032537960954447,0.7305756217322965,1.0,2/7,7.88%,PDPN;PROX1
prerank,Regulation Of Calcium-Mediated Signaling (GO:0050848),-0.3629453217122787,-0.9796116436271023,0.45935727788279773,0.8284712726486292,1.0,5/27,8.14%,P2RX5;ITPR1;CCL4;CDH13;SLC8A2
prerank,Regulation Of JNK Cascade (GO:0046328),-0.2830414316729065,-0.9796006551714757,0.49569707401032703,0.827909240703057,1.0,18/104,12.96%,CCN2;WNT16;TPD52L1;ULK4;RIPK1;EGFR;TGFBR3;FLT4;PER1;TRAF5;MARVELD3;MAPK8IP2;ANKS1B;SH3RF2;MECOM;TRAF1;APP;TAOK2
prerank,Positive Regulation Of Rho Protein Signal Transduction (GO:0035025),0.35476347895620086,0.9791536679968308,0.484375,0.731219741743688,1.0,5/28,10.59%,ADGRG1;LPAR1;GPR17;GPR65;P2RY8
prerank,Proteolysis (GO:0006508),-0.2543323239919252,-0.9787404615583447,0.5218093699515347,0.8293975466614174,1.0,33/259,9.93%,ADAM33;ECEL1;ADAMTS1;ADAMTS2;OGT;PTCH1;PRSS3;SHH;PAPPA;CPD;CFH;SENP6;CTSK;ADAMTS10;FBXL2;ADAM23;ENPEP;CPQ;RET;ADAM12;ELANE;TRABD2B;ADAMTS8;PHEX;AZU1;CTSG;PCOLCE;UBE3A;DPP4;SENP1;ATG4B;USP25;PCSK2
prerank,Nitric Oxide Biosynthetic Process (GO:0006809),0.41228354964514413,0.9787231788518346,0.481651376146789,0.7317317654757625,1.0,1/13,1.33%,DDAH2
prerank,Regulation Of Response To External Stimulus (GO:0032101),0.27653604484560695,0.9786072292303956,0.48120300751879697,0.731587294269931,1.0,18/101,12.79%,TNC;TREM2;GRN;HCK;PIK3AP1;TMSB4X;DAGLB;ALOX5;RNF135;MYD88;AKNA;RELA;FCGR2B;SHPK;FGR;P2RY12;LACC1;ZMPSTE24
prerank,Cranial Nerve Development (GO:0021545),-0.47439024287513665,-0.9785849712729783,0.5120593692022264,0.8291687869469083,1.0,2/9,7.42%,CHRNB2;ISL1
prerank,ERAD Pathway (GO:0036503),0.28492541104724817,0.9785798518477313,0.48166259168704156,0.7312464403542398,1.0,13/85,14.35%,XBP1;SEL1L;DNAJB2;BAG6;DERL1;RNF185;DERL2;MAN1A1;TMEM129;UBE2G2;CCDC47;FBXO2;UGGT1
prerank,Acidic Amino Acid Transport (GO:0015800),0.46863424724174296,0.9785550526758621,0.4819004524886878,0.7309020041269424,1.0,2/9,1.50%,SLC9A3R1;SLC1A3
prerank,Membrane Repolarization During Action Potential (GO:0086011),0.42437029767167933,0.9785260012599959,0.4898419864559819,0.7305671677006791,1.0,3/12,10.06%,KCNE3;KCNQ1;YWHAE
prerank,Positive Regulation Of Keratinocyte Migration (GO:0051549),-0.4670136395179778,-0.9785181589402981,0.49016100178890876,0.8287184241918061,1.0,3/9,17.26%,FGF10;FGF7;IQSEC1
prerank,Maintenance Of Protein Localization In Endoplasmic Reticulum (GO:0035437),-0.46665085383430194,-0.9784601148211621,0.4991243432574431,0.8282651451544021,1.0,2/10,15.57%,INSIG1;PDIA2
prerank,Regulation Of Cell Junction Assembly (GO:1901888),-0.3837510051461135,-0.9783760881273071,0.48484848484848486,0.8278930979824364,1.0,4/21,6.85%,TJP1;ROCK2;CHRNB2;MYO1C
prerank,Positive Regulation Of Histone Deacetylation (GO:0031065),0.4382026058868447,0.9783471975021669,0.4749455337690632,0.7305500709715759,1.0,3/11,15.87%,RRP8;SIRT6;ING2
prerank,Liver Development (GO:0001889),0.33673742648554533,0.9781858677910559,0.43555555555555553,0.7304665255369669,1.0,6/31,7.88%,XBP1;CEBPA;PCK2;CEBPB;COBL;PROX1
prerank,Phospholipid Metabolic Process (GO:0006644),0.30054192282127923,0.9781846755743969,0.4730392156862745,0.7300732786641583,1.0,10/61,11.35%,PLAAT4;PGPEP1;PLCD1;PLB1;GPX4;ALOX15B;PLA2G15;AGPAT3;PLPP2;LCP1
prerank,Maintenance Of DNA Repeat Elements (GO:0043570),-0.5413866834588007,-0.9781551149414761,0.5148148148148148,0.8277939585940718,1.0,3/5,23.18%,MSH2;RMI2;TCF7L2
prerank,Maturation Of SSU-rRNA (GO:0030490),0.3457083077443437,0.9779648270089629,0.4954545454545455,0.7301846673447575,1.0,10/30,24.63%,TSR3;DCAF13;NGDN;WDR46;UTP4;NOB1;MPHOSPH10;LSM6;NAT10;SNU13
prerank,Growth Hormone Receptor Signaling Pathway Via JAK-STAT (GO:0060397),0.4902251947245591,0.977924067078368,0.5021367521367521,0.7298859560927643,1.0,2/7,8.61%,LYN;PTPN1
prerank,Intracellular Glucose Homeostasis (GO:0001678),0.3255764658568215,0.9776929050852281,0.4598698481561822,0.7299723724197339,1.0,6/40,5.18%,XBP1;SLC39A14;NUCKS1;PCK2;HK2;UCP2
prerank,Positive Regulation Of Peptide Secretion (GO:0002793),-0.5258446279105295,-0.9775271685675941,0.5113636363636364,0.8287440556669141,1.0,1/6,9.53%,GRP
prerank,Attachment Of GPI Anchor To Protein (GO:0016255),-0.545791292711673,-0.9773858552644186,0.517175572519084,0.8285025440389352,1.0,4/5,42.89%,PGAP1;PIGK;PIGS;PIGT
prerank,Male Meiosis I (GO:0007141),-0.4418470942055343,-0.9773711332434283,0.4981751824817518,0.8279428981502588,1.0,7/11,33.77%,FOXJ2;ZSCAN21;FOXJ3;MOV10L1;TDRD9;CCNA1;DDX4
prerank,Regulation Of Intrinsic Apoptotic Signaling Pathway In Response To DNA Damage (GO:1902229),0.424268032810024,0.977167798514192,0.5076252723311547,0.7306743055227974,1.0,3/13,4.50%,BCL2L1;CLU;NACC2
prerank,Negative Regulation Of Bone Remodeling (GO:0046851),0.43750887990832454,0.9771297004898765,0.5023041474654378,0.730358760876148,1.0,6/11,20.69%,GPR137B;TMEM119;GREM1;GPR137;CARTPT;P2RX7
prerank,Negative Regulation Of Protein-Containing Complex Disassembly (GO:0043242),-0.507772097092955,-0.9770353801546084,0.5236294896030246,0.8281746552898945,1.0,3/7,26.23%,IRAK3;TNF;RUBCN
prerank,Regulation Of Meiotic Nuclear Division (GO:0040020),0.5272037226629374,0.9769621069654715,0.5043668122270742,0.730304483342774,1.0,1/5,3.06%,SIRT2
prerank,Regulation Of Vasculature Development (GO:1901342),0.3604741790844518,0.976857245187664,0.5198237885462555,0.7301414963777324,1.0,5/26,7.65%,HMOX1;GPNMB;FGF2;EGLN1;PLXND1
prerank,Positive Regulation Of Actin Cytoskeleton Reorganization (GO:2000251),-0.49474876719439376,-0.9766319689036191,0.5089928057553957,0.8285482809278768,1.0,2/8,3.30%,BAIAP2L1;BCAS3
prerank,Regulation Of Execution Phase Of Apoptosis (GO:1900117),0.4429279352627912,0.9766013921878195,0.4778761061946903,0.7303002303905376,1.0,4/10,14.04%,SIRT2;BOK;DYNLL1;TP53
prerank,Postsynaptic Density Assembly (GO:0097107),0.5371714212958745,0.9758403349765559,0.5104166666666666,0.7314968608769017,1.0,1/5,10.04%,NRXN2
prerank,Regulation Of calcineurin-NFAT Signaling Cascade (GO:0070884),-0.342145645403085,-0.9757811539915248,0.4926739926739927,0.8300227710231369,1.0,4/32,5.17%,FHL2;PTBP1;STIMATE;PPP3R1
prerank,Heparan Sulfate Proteoglycan Catabolic Process (GO:0030200),0.537474278323589,0.9755796140671644,0.5185185185185185,0.7316402955931028,1.0,3/5,15.61%,HPSE;NAGLU;GPC1
prerank,Peptidyl-Threonine Modification (GO:0018210),-0.30494761667901576,-0.9755187745753826,0.4936708860759494,0.830047524677796,1.0,18/64,19.69%,ATF2;LMTK2;CDK5R1;ROCK2;CDC42BPA;MAPK8;GALNT11;STK39;ULK1;MYLK2;TGFBR2;GSK3B;TBK1;MARK2;DYRK1A;CDC42BPG;CDK5;TNKS
prerank,Positive Regulation Of Fatty Acid Metabolic Process (GO:0045923),0.4025980725915238,0.9753873707480768,0.48060344827586204,0.7316711193903633,1.0,4/15,13.67%,APOC2;SIRT2;SLC45A3;MID1IP1
prerank,Negative Regulation By Host Of Viral Process (GO:0044793),0.42169732166891705,0.975270676121192,0.49417249417249415,0.731526783618608,1.0,4/11,19.58%,LTF;PSMC3;VAPA;ZBED1
prerank,Negative Regulation Of Circadian Rhythm (GO:0042754),-0.5202429952584764,-0.9751823048826959,0.5061946902654867,0.8302989225466122,1.0,3/6,25.93%,SFPQ;CRY2;SIN3A
prerank,Receptor Recycling (GO:0001881),0.38478501547055377,0.9751480468881683,0.48565573770491804,0.7314041565836991,1.0,7/17,19.22%,SORL1;PEX5;PEX10;PLEKHJ1;PEX2;RAB11B;PEX12
prerank,"Fructose 1,6-Bisphosphate Metabolic Process (GO:0030388)",0.4878934307791804,0.9751245603832038,0.5184381778741866,0.7310577696948874,1.0,3/7,22.43%,FBP1;KHSRP;ALDOB
prerank,Mesoderm Development (GO:0007498),0.38300925474269853,0.9750673435698601,0.4817987152034261,0.7307835211336521,1.0,4/19,8.77%,HCK;IKZF1;BTK;MESD
prerank,Acetylcholine Receptor Signaling Pathway (GO:0095500),-0.38277649626505816,-0.9748857006536215,0.48534798534798534,0.830429939415403,1.0,5/21,9.39%,CDK5R1;CHRM2;CHRNB2;CHRNA3;CHRM1
prerank,post-Golgi Vesicle-Mediated Transport (GO:0006892),0.3055398271979414,0.9748586538575557,0.45861297539149887,0.7308271137511994,1.0,8/56,7.97%,SYS1;SORL1;SCAMP2;VTI1B;SNAP23;LLGL1;GBF1;RP2
prerank,cAMP Metabolic Process (GO:0046058),-0.4471605137743182,-0.9747470900994806,0.49909255898366606,0.8301715512414802,1.0,3/11,20.60%,ADCY4;ADCY5;ADCY3
prerank,Regulation Of Carbohydrate Metabolic Process (GO:0006109),0.40914374315883634,0.9747057509852822,0.5123042505592841,0.7307448831279434,1.0,1/15,0.87%,ADIPOR1
prerank,Regulation Of Entry Of Bacterium Into Host Cell (GO:2000535),-0.542187498563931,-0.974580216872037,0.5315985130111525,0.8299857940389854,1.0,2/5,15.58%,CXCL8;EXOC7
prerank,Positive Regulation Of Membrane Potential (GO:0045838),0.4913463189777766,0.9745241297482305,0.49455337690631807,0.7307174537158565,1.0,1/7,2.07%,GLRX
prerank,Positive Regulation Of Long-Term Synaptic Potentiation (GO:1900273),-0.432656223462153,-0.9744358669991015,0.5112359550561798,0.8297503939460562,1.0,4/13,19.83%,SLC18A3;APP;EIF2AK4;AKAP5
prerank,Negative Regulation Of Endoplasmic Reticulum Calcium Ion Concentration (GO:0032471),0.5310847738314127,0.9743206321908686,0.5228758169934641,0.7307505956175332,1.0,1/5,7.23%,FIS1
prerank,Early Endosome To Late Endosome Transport (GO:0045022),0.36497337493642357,0.9742767255927139,0.5,0.7304479742817108,1.0,5/22,13.81%,RAB7A;SNF8;BECN1;EEA1;WDR91
prerank,Protein Autophosphorylation (GO:0046777),-0.2679262946587321,-0.9735805966646521,0.4854202401372213,0.8312144163404053,1.0,23/152,9.94%,PDGFRA;PDGFRB;KDR;GRK5;MAP3K12;LMTK2;EEF2K;RIPK1;EGFR;MAP3K3;MARK3;FLT4;ATR;INSR;FGFR1;KIT;BMX;ATM;CAMK4;STK39;ULK1;MYLK2;DAPK2
prerank,Negative Regulation Of Transcription Regulatory Region DNA Binding (GO:2000678),0.4358051421075802,0.973531728535446,0.49892008639308855,0.731643282734564,1.0,3/11,18.67%,TMSB4X;MSX2;HEY1
prerank,Positive Regulation Of Cell Killing (GO:0031343),0.5337517452960041,0.9733784265125683,0.5204301075268817,0.7315887808985891,1.0,1/5,0.46%,SYK
prerank,Positive Regulation Of Protein Polyubiquitination (GO:1902916),0.45680707658862457,0.9733399765276375,0.5172413793103449,0.7312848979392791,1.0,1/9,4.23%,GABARAP
prerank,Cellular Response To Xenobiotic Stimulus (GO:0071466),0.37035090991304254,0.9733236550822725,0.5,0.7309190158813008,1.0,6/24,14.04%,VAV1;FBP1;KCNQ1;MEF2C;RAP2A;TP53
prerank,Positive Regulation Of Mitotic Cell Cycle Phase Transition (GO:1901992),0.30290425783389496,0.97318920708404,0.4976190476190476,0.7307936146463904,1.0,8/59,9.28%,ANAPC11;TNFSF13B;AIF1;AKT1;PHB2;CCND2;CDC23;CPSF3
prerank,Regulation Of Ventricular Cardiac Muscle Cell Membrane Repolarization (GO:0060307),-0.4227077509363435,-0.9727066214929064,0.5131578947368421,0.832751421777192,1.0,5/14,15.19%,SCN4B;CACNA2D1;KCNH2;GJA5;SCN1B
prerank,Regulation Of Extracellular Exosome Assembly (GO:1903551),0.5307694850249588,0.9725162340544472,0.5186813186813187,0.7317896647762187,1.0,1/5,2.93%,SDC4
prerank,Positive Regulation Of Cytokinesis (GO:0032467),-0.356014016805929,-0.9722712190109166,0.4936247723132969,0.8331988765425484,1.0,11/27,29.52%,CSPP1;CDC14A;SVIL;ECT2;PRKCE;AURKC;KIF23;CDC14B;PKN2;CDCA8;PKP4
prerank,Positive Regulation Of Telomere Maintenance (GO:0032206),0.310967466058423,0.97221879417768,0.4955947136563877,0.7320534900764933,1.0,12/49,15.35%,YY1;TFPT;INO80;TNIP1;MAPKAPK5;SIRT6;ACTR8;TINF2;TERF2IP;PKIB;ACTL6A;RUVBL1
prerank,Positive Regulation By Host Of Viral Genome Replication (GO:0044829),0.4827098207720003,0.9721180344507765,0.484304932735426,0.7318894589640325,1.0,3/7,16.34%,NUCKS1;ZFYVE1;VAPA
prerank,Acylglycerol Catabolic Process (GO:0046464),0.37352014374331816,0.971994210222324,0.48484848484848486,0.7317676908749953,1.0,7/20,17.53%,DAGLB;LIPE;GPIHBP1;ABHD2;LCP1;DAGLA;FAAH
prerank,Leukocyte Tethering Or Rolling (GO:0050901),0.388955458937026,0.971858422214244,0.48043478260869565,0.7316596434952092,1.0,6/17,18.07%,MADCAM1;GOLPH3;SPN;SELPLG;GCNT1;CX3CR1
prerank,Negative Regulation Of Macrophage Derived Foam Cell Differentiation (GO:0010745),0.43594108100423745,0.9718316673314148,0.494279176201373,0.7313233933959666,1.0,2/11,2.53%,ABCG1;PPARG
prerank,Semaphorin-Plexin Signaling Pathway Involved In Neuron Projection Guidance (GO:1902285),-0.4410940638462262,-0.9717417119754337,0.5105973025048169,0.8338494437343816,1.0,4/11,13.65%,NELL2;PLXNA2;SEMA3F;PLXNA4
prerank,Positive Regulation Of Telomerase Activity (GO:0051973),-0.35098472422778065,-0.9714940043737607,0.5238907849829352,0.8338391563398555,1.0,8/30,19.69%,MAP3K4;PARM1;KLF4;CTNNB1;PARN;PRKCQ;HSP90AA1;TNKS
prerank,Regulation Of Transmembrane Transport (GO:0034762),-0.36139696175085617,-0.9712938363724068,0.5,0.833719555238938,1.0,4/26,5.12%,KCNJ14;KCNJ16;KCNJ13;OCLN
prerank,Regulation Of Fat Cell Differentiation (GO:0045598),0.2883713736220178,0.9709168640033553,0.4878640776699029,0.7328783649764868,1.0,9/70,5.03%,XBP1;ZNF385A;TGFB1;PPARG;SIRT2;ALOX5;CEBPB;TRIB3;AKT1
prerank,Negative Regulation Of Vascular Permeability (GO:0043116),-0.44353341706312643,-0.9707292366711623,0.48727272727272725,0.8344881550413001,1.0,4/11,6.57%,RAMP2;SLIT2;CLDN5;PDE3A
prerank,Positive Regulation Of Peptidyl-Serine Phosphorylation (GO:0033138),0.292981574696989,0.970588814383211,0.48284313725490197,0.733186631751117,1.0,4/66,1.93%,CD44;HCLS1;HAX1;TGFB1
prerank,Positive Regulation Of Protein Kinase Activity (GO:0045860),0.263565410366728,0.9700706815492582,0.5105882352941177,0.7338929995882421,1.0,24/135,11.66%,DDR2;CDKN1A;TGFB2;LTF;SLC11A1;TTBK1;LCP2;RHOA;JTB;CLU;AGT;CD4;PTK2;MAP3K5;CIB1;PTK2B;PTPN1;SNCA;MAP2K2;RAP1A;IL34;PRKCD;FCGR1A;ERBB3
prerank,Regulation Of Helicase Activity (GO:0051095),0.479495312819082,0.9700328585480594,0.5226781857451404,0.7335969347565446,1.0,3/8,15.00%,SSBP1;TP53;MSH6
prerank,Regulation Of Chromosome Separation (GO:1905818),0.418836636870061,0.969828882483331,0.48739495798319327,0.7336224289712187,1.0,12/12,58.15%,PLSCR1;NCAPG2;CSNK2A2;NCAPD3;SMC4;NCAPH;TPR;NCAPD2;NUMA1;SMC2;NCAPH2;NCAPG
prerank,Regulation Of Sister Chromatid Cohesion (GO:0007063),-0.492589255983016,-0.9696733442014449,0.5182481751824818,0.8363363324304359,1.0,2/7,19.07%,CTNNB1;CTCF
prerank,Cellular Response To Purine-Containing Compound (GO:0071415),-0.47908281213363646,-0.9696024142380605,0.5182608695652174,0.8359101075917922,1.0,3/8,9.54%,RYR2;RYR3;CASQ2
prerank,Negative Regulation Of Substrate Adhesion-Dependent Cell Spreading (GO:1900025),-0.4341469897841898,-0.9694974255560153,0.4907749077490775,0.8355987486643252,1.0,3/12,3.25%,FBLN1;SPRY4;EFNA5
prerank,Cytoskeleton-Dependent Intracellular Transport (GO:0030705),-0.3877168219994316,-0.9692580529173767,0.4981481481481482,0.8355843673331668,1.0,5/21,10.58%,DYNC1I1;HOOK3;CCDC88C;HOOK1;TUBB2A
prerank,Actin Cytoskeleton Reorganization (GO:0031532),-0.3146647394765212,-0.9692494290533337,0.5080789946140036,0.8350198370435747,1.0,23/50,23.70%,FGF10;AUTS2;CDC42BPA;PTK7;MCU;KIT;FLNA;FARP2;PHACTR1;THSD7A;MYH9;RICTOR;MKLN1;SYDE1;FGF7;DMTN;PARVB;CDC42BPG;S1PR1;FER;ATP2C1;THSD7B;CDC42BPB
prerank,Membrane Lipid Metabolic Process (GO:0006643),-0.4159037187440062,-0.9692457986925066,0.5222222222222223,0.8344421329714057,1.0,7/14,27.18%,AGMO;B4GALT4;CYP1B1;CERKL;SERINC1;TECR;ARV1
prerank,Regulation Of Myoblast Differentiation (GO:0045661),-0.32293804364753737,-0.9692318540602433,0.5034722222222222,0.8338919790620049,1.0,20/49,26.51%,BMP4;ARID1B;ACTL6B;BOC;RBM24;SMARCC2;IGFBP3;SMARCA4;RIPOR2;PHF10;DLL1;MSTN;EID2B;KAT5;SMARCD2;MAPK14;TBX3;ARID2;SMARCA2;SMARCC1
prerank,Regulation Of Cellular Response To Oxidative Stress (GO:1900407),-0.4701614556825954,-0.9691195925495956,0.510752688172043,0.8335883435832188,1.0,1/9,0.63%,FBLN5
prerank,Protein Neddylation (GO:0045116),-0.38163034838738064,-0.968695524810144,0.516728624535316,0.8340096773723529,1.0,3/21,8.82%,DCUN1D3;COPS8;DCUN1D2
prerank,Regulation Of Calcium Ion Import Across Plasma Membrane (GO:1905664),-0.4736005092029689,-0.9686474609333616,0.5317164179104478,0.8335340752541881,1.0,1/8,5.17%,PPP3R1
prerank,Interleukin-1-Mediated Signaling Pathway (GO:0070498),0.3768042074192887,0.9682269890537821,0.49547511312217196,0.7365723447716932,1.0,4/17,9.78%,MYD88;TNIP2;RELA;MAP3K7
prerank,Response To Cholesterol (GO:0070723),0.39466615174035236,0.9672779696529525,0.5136363636363637,0.7381833175222648,1.0,3/16,9.04%,PMVK;TGFB1;TGFBR1
prerank,Hematopoietic Stem Cell Differentiation (GO:0060218),-0.4647336068052412,-0.9667342787673728,0.5235602094240838,0.8374247053510012,1.0,4/9,12.85%,SFRP1;HOXB4;LMBR1L;MLLT3
prerank,Regulation Of Calcium Ion Transport (GO:0051924),0.3077856963010958,0.9667303235016043,0.47160493827160493,0.7389302116907106,1.0,9/52,6.67%,LILRA2;HOMER3;PACSIN3;LILRB1;CD4;PLPP4;MYLK;CCR1;CD84
prerank,Vesicle Coating (GO:0006901),0.347573280986337,0.96671588853353,0.5011337868480725,0.7385698101766591,1.0,9/25,24.34%,TRAPPC3;PREB;TMED2;TMED10;PDCD6;CSNK1D;TRAPPC2L;TRAPPC6B;PPP6C
prerank,Carboxylic Acid Catabolic Process (GO:0046395),0.3780507601110798,0.9660981733510312,0.4691075514874142,0.7394894037731562,1.0,6/17,18.74%,RENBP;NPL;MPST;GNPDA1;HOGA1;ETFB
prerank,Small GTPase Mediated Signal Transduction (GO:0007264),-0.27599081305228396,-0.965815403220763,0.5016891891891891,0.8390075697118274,1.0,16/107,11.35%,RERG;ADRA2A;PLCE1;SOS1;PLD1;RAPGEF4;RUNDC3A;DOK4;RALGPS2;NF1;RASGRP2;RGL3;CCDC88C;RRAS2;ORC3;NUCB2
prerank,Secretory Granule Organization (GO:0033363),0.36000543758067505,0.9656907787997124,0.48764044943820223,0.7399283380879249,1.0,6/23,14.43%,BLOC1S1;AP1S3;DTNBP1;HPS6;HPS3;BLOC1S3
prerank,Positive Regulation Of Cytoplasmic Translation (GO:2000767),0.43015457053588546,0.9654367962119945,0.5042194092827004,0.7400621846768952,1.0,3/11,17.86%,CSDE1;YBX1;YBX3
prerank,RNA-mediated Gene Silencing (GO:0031047),-0.36161492787996863,-0.9653230290744222,0.5266903914590747,0.839613279765342,1.0,11/25,32.93%,FAM172A;AGO3;MOV10;TDRD1;AGO2;MOV10L1;DICER1;MAEL;TNRC6B;PIWIL4;TDRD12
prerank,Positive Regulation Of T-helper 17 Type Immune Response (GO:2000318),-0.46866775859805965,-0.9650919649840327,0.5187265917602997,0.839575380829625,1.0,4/8,17.86%,NFKBIZ;PRKCQ;JAK2;NFKBID
prerank,Transcription Initiation At RNA Polymerase II Promoter (GO:0006367),0.29271925141869687,0.9643781814314496,0.5424836601307189,0.7419134399624339,1.0,17/64,22.98%,TAF10;GTF2E1;MED9;POLR2G;GTF2F1;E2F3;POLR2I;GTF2F2;ELOA;ELOC;TAF12;GTF2B;MED28;ESR1;MED26;MED11;MED29
prerank,Interleukin-12-Mediated Signaling Pathway (GO:0035722),0.48071894336036014,0.9641710656979975,0.5065217391304347,0.7419536428169681,1.0,2/7,11.06%,P4HB;IL12RB1
prerank,Actin Filament Bundle Organization (GO:0061572),0.3448609162511226,0.964147116274805,0.509090909090909,0.7416062573343775,1.0,11/30,12.06%,BAIAP2;CORO1B;EZR;FAM107A;DPYSL3;AIF1;MICAL1;RFLNB;FSCN1;LCP1;AIF1L
prerank,Positive Regulation Of Synaptic Transmission (GO:0050806),-0.29164113218699506,-0.964063046051631,0.5255731922398589,0.8413835563434146,1.0,22/74,20.85%,SLC18A3;RIMS1;CLSTN2;CACNG2;SYT1;ADRA1D;GRIN1;GRIK2;SLC8A2;CLSTN3;FMR1;RIMS2;APP;NMU;EIF2AK4;GRIN2B;GRIN2D;ZDHHC3;STX1B;AGER;AKAP5;TNF
prerank,Response To Hydroperoxide (GO:0033194),0.5105569161129382,0.9637619348642711,0.5281385281385281,0.7420435395751168,1.0,2/6,10.58%,XRCC1;PRKCD
prerank,Regulation Of Protein Processing (GO:0070613),0.38140111120555176,0.9635288566931597,0.5212527964205816,0.742153472637757,1.0,6/19,15.44%,ADAM8;NLRC4;CLN3;SNX12;RUNX1;SERPINE2
prerank,fatty-acyl-CoA Catabolic Process (GO:0036115),-0.5282114154717928,-0.9635144929918946,0.5401174168297456,0.8420886174490657,1.0,1/5,3.96%,ACOT7
prerank,tRNA Pseudouridine Synthesis (GO:0031119),-0.5330099896532537,-0.9632880496803836,0.5623836126629422,0.8420461940363991,1.0,2/5,30.12%,PUS10;PUS7
prerank,Natural Killer Cell Mediated Cytotoxicity (GO:0042267),0.3768966033444037,0.9630790685635224,0.4968553459119497,0.7426822470987056,1.0,3/18,11.19%,CORO1A;FCGR3A;MICA
prerank,Negative Regulation Of Cell-Substrate Junction Organization (GO:0150118),-0.408440960848004,-0.963048413616441,0.5183823529411765,0.8414645416974517,1.0,2/15,3.30%,PHLDB2;BCAS3
prerank,Negative Regulation Of Focal Adhesion Assembly (GO:0051895),-0.408440960848004,-0.963048413616441,0.5183823529411765,0.8414645416974517,1.0,2/15,3.30%,PHLDB2;BCAS3
prerank,Clathrin-Dependent Endocytosis (GO:0072583),-0.35504244219777054,-0.962988708810923,0.5090252707581228,0.8410106938539662,1.0,8/27,16.76%,SNAP91;MAGI2;AP2M1;FCHO2;CANX;ITSN1;PIP5K1C;DLL1
prerank,Regulation Of Branching Involved In Ureteric Bud Morphogenesis (GO:0090189),-0.41072635829313864,-0.9629830089510255,0.510556621880998,0.8404417484788894,1.0,2/13,3.51%,BMP4;SIX1
prerank,Vesicle-Mediated Transport Between Endosomal Compartments (GO:0098927),0.35883322675687623,0.9628005800430712,0.5065502183406113,0.7428781604751699,1.0,5/23,13.81%,RAB7A;SNF8;BECN1;EEA1;WDR91
prerank,Mitochondrial Ribosome Assembly (GO:0061668),0.4656418061743147,0.9627666895289004,0.485838779956427,0.7425484842869904,1.0,3/8,12.38%,MPV17L2;NGRN;NOA1
prerank,Intrinsic Apoptotic Signaling Pathway In Response To Oxidative Stress (GO:0008631),0.4485464933222487,0.9626700546683011,0.5206073752711496,0.7423515528871741,1.0,3/9,11.28%,MAP3K5;PRKCD;ZNF622
prerank,Fc Receptor Signaling Pathway (GO:0038093),0.35579002171287394,0.9625966948341899,0.5033259423503326,0.7420934622989456,1.0,5/26,5.33%,SYK;LYN;VAV1;FCER1G;FCGR3A
prerank,Positive Regulation Of Filopodium Assembly (GO:0051491),0.3563092938473689,0.9624623624823265,0.5178947368421053,0.7419685388441696,1.0,6/26,9.11%,DPYSL3;MIEN1;PALM;GPM6A;DOCK11;FSCN1
prerank,Positive Regulation Of Signaling Receptor Activity (GO:2000273),-0.3376561295660091,-0.9620054499225612,0.527927927927928,0.8421634811819272,1.0,3/33,4.32%,ADRA2A;NELL1;IFNG
prerank,Glycolipid Biosynthetic Process (GO:0009247),0.3230360770099857,0.9618465380238422,0.5136268343815513,0.7428769589539835,1.0,5/40,8.23%,ST8SIA1;GBGT1;PIGH;ST3GAL6;B3GNT5
prerank,Retrotransposon Silencing (GO:0010526),0.3762274039112869,0.9617603659034738,0.5094339622641509,0.7426802706727128,1.0,4/18,10.05%,APOBEC3C;SPOCD1;SIRT6;TEX15
prerank,Stem Cell Differentiation (GO:0048863),-0.33124750190544194,-0.9613406353740758,0.5234521575984991,0.8431411472926457,1.0,9/37,12.85%,SHH;JARID2;SFRP1;HOXB4;KIT;EPCAM;CTNNB1;LMBR1L;MLLT3
prerank,Protein O-linked Glycosylation (GO:0006493),-0.28562751364546046,-0.9613395301567634,0.5072727272727273,0.8425598438997433,1.0,17/85,18.57%,GALNT9;OGT;TMTC1;OGA;EOGT;POGLUT3;GALNT11;GXYLT1;ST8SIA6;TET2;TET1;TRAK1;FUT9;GALNT12;TMTC2;FUT3;CRPPA
prerank,Negative Regulation Of Hippo Signaling (GO:0035331),0.4271760778416145,0.9611821842465024,0.5266666666666666,0.7435293042563922,1.0,2/12,4.97%,WWC1;DLG5
prerank,Negative Regulation Of Stress-Activated Protein Kinase Signaling Cascade (GO:0070303),0.511359296028002,0.9611157402221876,0.5226244343891403,0.743255971827093,1.0,2/5,15.92%,GSTP1;PPIA
prerank,Positive Regulation Of Nucleocytoplasmic Transport (GO:0046824),0.31169592432778487,0.9607243723390549,0.5158371040723982,0.7436851481042487,1.0,7/43,10.58%,HCLS1;TGFB1;NCBP2;CHP2;SIRT6;YWHAE;PRKCD
prerank,Positive Regulation Of Neurotransmitter Secretion (GO:0001956),-0.5095125278002406,-0.9602280768348256,0.5398886827458256,0.8445630591296572,1.0,1/6,1.39%,SLC18A3
prerank,Translation (GO:0006412),0.30245450417978353,0.9599150428703132,0.5,0.7449622036344232,1.0,16/55,18.47%,RRBP1;EEF1B2;CHCHD1;DAP3;TNIP1;TUFM;APEH;GADD45GIP1;QRSL1;ETF1;PABPC4;UBA52;AURKAIP1;GSPT2;HBS1L;EEF2
prerank,Glucose Import (GO:0046323),0.43898411482029326,0.9598654686651544,0.5022421524663677,0.7446643586979623,1.0,4/10,28.32%,SLC27A1;SLC2A1;SORT1;ZDHHC7
prerank,NAD Biosynthesis Via Nicotinamide Riboside Salvage Pathway (GO:0034356),0.4733693002316971,0.9595587753628978,0.5188470066518847,0.7449266966293326,1.0,2/8,7.05%,PARP10;NAXD
prerank,Protein Ubiquitination (GO:0016567),-0.2387659725440134,-0.9595094939257124,0.5747663551401869,0.845649507800819,1.0,74/376,18.84%,HECW1;PDZRN3;UBE2QL1;CUL1;TRIM58;SHPRH;FANCC;CUL2;RNF115;TRPC4AP;RNF43;FBXL2;FBXO25;FBXO32;VPS11;MYCBP2;TRIM38;RNF125;DAW1;ENC1;MARVELD3;UHRF2;UBE2O;VCPIP1;UBE3A;UBE3B;RC3H2;MDM4;SMURF2;ASB9;BIRC6;ZC4H2;CAND2;UBE3C;BABAM2;CTNNB1;WWP1;TRIM32;SH3RF2;RNF139;TRIM63;UBA6;RNFT1;TOPORS;KLHL42;TRIM69;KCTD10;RNF11;SASH1;NEUROD2;RNF26;DET1;RUSC1;KLHL24;FANCE;HLTF;RNF152;TRIM23;FBXO24;DTX1;KLHL7;RNF111;CNOT4;FBXO9;RNF8;LMO7;CAND1;FBXO28;RNF157;TRIM50;NHLRC1;TRAF6;NAE1;RNF112
prerank,Antigen Processing And Presentation Of Endogenous Peptide Antigen Via MHC Class I (GO:0019885),0.5380147009437972,0.959463768663077,0.5429769392033543,0.7447112129511516,1.0,2/5,21.29%,TAP1;TAP2
prerank,"DNA Damage Response, Signal Transduction By P53 Class Mediator Resulting In Transcription Of P21 Class Mediator (GO:0006978)",0.4928692169625104,0.9592675793576972,0.5377574370709383,0.7447031436273549,1.0,2/6,14.04%,MUC1;TP53
prerank,Ganglioside Metabolic Process (GO:0001573),0.3884451997918176,0.959264966487893,0.506578947368421,0.7443171336779192,1.0,4/17,8.44%,GM2A;NEU4;HEXB;CLN6
prerank,Regulation Of Axon Regeneration (GO:0048679),-0.4610997873155537,-0.9592587019929922,0.5369003690036901,0.8456267121573668,1.0,2/9,6.27%,PTN;RTN4RL1
prerank,Negative Regulation Of ERBB Signaling Pathway (GO:1901185),0.38258271763504925,0.9591539229257195,0.5143487858719646,0.7441524664635686,1.0,9/17,13.66%,PTPRJ;PTPN2;RNF126;LGMN;DUSP3;CBL;DAB2IP;PTPN18;ZFYVE28
prerank,Plasma Membrane Raft Organization (GO:0044857),0.516029089765428,0.9584442289040486,0.5087719298245614,0.7452722815003567,1.0,2/5,8.99%,COLEC12;CLN3
prerank,Negative Regulation Of Biomineral Tissue Development (GO:0070168),-0.38673610830610167,-0.9582329803754298,0.5072202166064982,0.8475446102580535,1.0,3/19,4.67%,GAS6;ASPN;ROCK2
prerank,Telomere Maintenance Via Telomere Lengthening (GO:0010833),0.35906167510390785,0.9579477707693889,0.5044052863436124,0.7459304847134078,1.0,5/22,18.44%,DKC1;NHP2;RFC1;TERF2IP;STON1
prerank,Regulation Of Synapse Organization (GO:0050807),-0.3539585680987904,-0.9579246974294914,0.5082872928176796,0.8477031955434035,1.0,7/25,20.85%,SLITRK4;CHRNB2;MDGA1;CTNNA2;SETD5;TANC1;TNF
prerank,Regulation Of Dendritic Spine Development (GO:0060998),0.3649326008362818,0.9571947240122164,0.5011286681715575,0.7470703729680043,1.0,4/19,12.60%,DLG5;ARF6;MEF2C;LLPH
prerank,Cognition (GO:0050890),-0.33522604665944933,-0.9569585375511231,0.5263157894736842,0.8493938775886952,1.0,12/36,21.71%,CHRNB2;NF1;SLC8A2;STRA6;LHCGR;NIPBL;SOBP;CHRNA4;SETD5;CHMP2B;TNF;TUSC3
prerank,Positive Regulation Of Cell Adhesion Mediated By Integrin (GO:0033630),0.3938403288297041,0.9569515732888846,0.4912663755458515,0.7472080705798937,1.0,5/16,8.32%,SYK;NCKAP1L;TGFB2;PIEZO1;CIB1
prerank,Negative Regulation Of Macroautophagy (GO:0016242),0.35964932208122147,0.9568645632590812,0.4988235294117647,0.747008757474418,1.0,1/22,0.55%,NUPR1
prerank,Regulation Of Cell Development (GO:0060284),-0.32227890366824186,-0.9568229372584606,0.5114235500878734,0.8491564375910777,1.0,9/43,16.76%,LEF1;PTN;HEYL;HES5;ING5;CTNNB1;HLTF;YAP1;DLL1
prerank,Negative Regulation Of Steroid Biosynthetic Process (GO:0010894),-0.4578506949386727,-0.9566757739575654,0.5272045028142589,0.8489210377258737,1.0,2/9,5.73%,BMP5;WNT4
prerank,Negative Regulation Of Smooth Muscle Cell Apoptotic Process (GO:0034392),-0.5090799052929397,-0.9566559205287374,0.5563636363636364,0.8483856100869057,1.0,2/6,22.96%,DNMT1;DIPK2A
prerank,Actin Filament Bundle Assembly (GO:0051017),-0.34486880244054796,-0.9564607751686316,0.504424778761062,0.8482366538637699,1.0,5/30,1.88%,USH1C;CALD1;BAIAP2L1;ADD2;PAWR
prerank,Plasma Membrane Bounded Cell Projection Organization (GO:0120036),0.266169793768781,0.9563427222127975,0.5423728813559322,0.7476963108235143,1.0,12/125,7.59%,APOE;SLC9A3R1;RAB13;CORO1B;CYFIP1;PPP1R9B;LYN;BLOC1S1;ATP1B2;PLEK;DTNBP1;GPM6A
prerank,Neurotransmitter Receptor Transport To Postsynaptic Membrane (GO:0098969),-0.4631229773109473,-0.9562983703712875,0.544280442804428,0.8480337301540832,1.0,4/9,27.66%,GRIP2;STX1B;LRRC7;NCOA2
prerank,Purine Ribonucleotide Catabolic Process (GO:0009154),0.35485901606739984,0.9560811349840337,0.5134529147982063,0.747876476187019,1.0,6/24,13.99%,NUDT3;AMPD3;SORD;NUDT9;NUDT19;NUDT18
prerank,Homologous Recombination (GO:0035825),0.4631991236032151,0.9560006888545802,0.5250544662309368,0.747653102120471,1.0,3/8,23.09%,NUCKS1;RBBP8;HDAC10
prerank,Negative Regulation Of Secretion (GO:0051048),-0.4556330539762786,-0.9558724616169302,0.5471698113207547,0.8484385298317022,1.0,3/9,12.38%,NRG1;SPX;PTGER3
prerank,Positive Regulation Of Striated Muscle Cell Differentiation (GO:0051155),0.37917311251946295,0.9558161634364651,0.4989106753812636,0.7476290042203199,1.0,6/18,11.70%,TGFB1;PIEZO1;MMP14;PROX1;ATP11A;MEF2C
prerank,3'-Phosphoadenosine 5'-Phosphosulfate Metabolic Process (GO:0050427),0.4181256037751075,0.9557461976212528,0.5044843049327354,0.7473718901947713,1.0,2/12,5.44%,TPST1;TPST2
prerank,Regulation Of Signal Transduction By P53 Class Mediator (GO:1901796),0.3138042860575287,0.9555338414779708,0.5127020785219399,0.7474369664663818,1.0,11/40,22.02%,USP7;PAK1IP1;RNF34;MAPKAPK5;BOP1;AURKB;SOX4;RFFL;NOP53;CDK5RAP3;RRS1
prerank,Hormone Transport (GO:0009914),0.48760924286361107,0.9554130235385603,0.5372460496613995,0.7473007215272467,1.0,5/7,26.06%,SLCO1C1;SLC16A10;SLC16A2;SLC7A5;SLC3A2
prerank,Synaptic Vesicle Localization (GO:0097479),-0.4271589307918554,-0.9553654250305734,0.5485611510791367,0.8490170264173876,1.0,3/13,8.13%,SYNJ1;KIF5A;SPG11
prerank,Protein Localization To Condensed Chromosome (GO:1903083),-0.4430672795318028,-0.9552458500049879,0.5403949730700179,0.8487189528276079,1.0,3/10,30.97%,MTBP;SPDL1;ZWILCH
prerank,Mitochondrion Morphogenesis (GO:0070584),0.45634122335842037,0.95455433265043,0.527114967462039,0.7486962432964548,1.0,2/8,7.23%,NUBPL;FIS1
prerank,Regulation Of Delayed Rectifier Potassium Channel Activity (GO:1902259),-0.4205036323490607,-0.9545210402438922,0.5297504798464492,0.8498077007330441,1.0,3/13,13.79%,RNF207;KCNAB1;KCNG1
prerank,Protein Localization To Golgi Apparatus (GO:0034067),0.34396971107718605,0.954472001668296,0.517467248908297,0.7484617972016853,1.0,8/26,15.50%,SYS1;SORL1;RAB33B;GBF1;TMED10;GOLPH3;VPS13D;GAK
prerank,Protein K11-linked Ubiquitination (GO:0070979),0.3392680231467598,0.9542657397907239,0.5304347826086957,0.748485224622991,1.0,3/27,11.75%,ANAPC11;CDC23;ANAPC13
prerank,Positive Regulation Of Gluconeogenesis (GO:0045722),0.47641761541234884,0.9541306358452413,0.5249500998003992,0.7483600491297447,1.0,2/7,6.76%,PTPN2;DDB1
prerank,Organelle Organization (GO:0006996),-0.2385545305553635,-0.9538099551745709,0.6108374384236454,0.8509301956860985,1.0,46/378,9.53%,THY1;ATP8B2;SH3D19;MARK1;TPM1;FGD6;MNS1;CHMP1B;CHGA;FAM161A;MICAL2;MAST2;PLCE1;MSTO1;MAST4;GEM;ATL2;BCAS3;SYNE1;KIFAP3;TMEM135;MAST1;FGD5;KRT16;MICAL3;MTX2;BSCL2;ABCD2;USP6NL;SLC25A36;ATP8B1;VPS11;CNN2;PDCD6IP;PPARGC1A;VPS13B;WDPCP;WASF3;PEX11A;PTCD2;COG7;AJUBA;PEX3;ATL1;KIF3A;DYNC2H1
prerank,Negative Regulation Of Cell-Matrix Adhesion (GO:0001953),-0.34221191404309853,-0.95376815827011,0.5342706502636204,0.8504428866032435,1.0,4/30,7.15%,PHLDB2;JAG1;BCAS3;MYOC
prerank,Positive Regulation Of Receptor Recycling (GO:0001921),0.4459824982678537,0.953746966526728,0.5167785234899329,0.7487547574537334,1.0,3/9,13.95%,RAB29;SNCA;VAMP3
prerank,Taurine Metabolic Process (GO:0019530),-0.4848336371486962,-0.953481629926241,0.55,0.8505141000619786,1.0,3/7,19.37%,CDO1;FMO3;STAT5B
prerank,Neutrophil Extravasation (GO:0072672),-0.5349105566602838,-0.9534534064375376,0.5572232645403377,0.8499965467761652,1.0,3/5,30.07%,PECAM1;PRTN3;PIK3CD
prerank,Positive Regulation Of Transcription Of Nucleolar Large rRNA By RNA Polymerase I (GO:1901838),0.4561015213084656,0.9532819302568132,0.5034168564920274,0.7493364700131873,1.0,2/8,13.53%,SMARCB1;PWP1
prerank,Regulation Of Heterotypic Cell-Cell Adhesion (GO:0034114),0.36272839870560525,0.953220048269677,0.4956896551724138,0.7490645861948341,1.0,1/22,0.06%,CD44
prerank,Left/Right Pattern Formation (GO:0060972),-0.3671858492300284,-0.9528569448790597,0.5428571428571428,0.8508098207942902,1.0,6/24,21.39%,GALNT11;DNAH11;DNAI1;DLL1;PKD2;ZIC3
prerank,Regulation Of Nitric Oxide Metabolic Process (GO:0080164),0.4792977909004048,0.9526268004252514,0.5454545454545454,0.7499175664910024,1.0,1/7,2.14%,SIRPA
prerank,Fatty Acid Catabolic Process (GO:0009062),0.28927029633252827,0.952204282223882,0.5047846889952153,0.7503508288310186,1.0,11/59,13.57%,ECHDC1;ACAA1;PLA2G15;ABHD2;HADHB;ACOX1;ILVBL;NUDT19;HADHA;AIG1;HSD17B4
prerank,Protein Dephosphorylation (GO:0006470),-0.27101162872635937,-0.9521253932506317,0.5593803786574871,0.8519340458466098,1.0,15/116,8.05%,PTPRB;PTPRU;PTPRG;DUSP1;PPP2R1B;DUSP5;TNS2;PPEF1;PPP3R1;PPP1R12A;PTPN12;PPM1L;PPP1R15A;MTMR7;PTPN13
prerank,Glial Cell Development (GO:0021782),0.3491519329920714,0.9520679440473127,0.5146726862302483,0.7502539428968065,1.0,5/23,7.70%,MYRF;TPPP;SOX10;ZNF488;TLR2
prerank,Negative Regulation Of Cell Communication (GO:0010648),-0.3713239624208808,-0.9520237503203586,0.5387387387387388,0.8516010865870102,1.0,6/20,25.10%,GLRA1;KIF26A;IGFBP3;ADIPOQ;MPIG6B;LIF
prerank,Protein Export From Nucleus (GO:0006611),0.34734250803082667,0.9520019240467108,0.5118279569892473,0.7499852839443163,1.0,2/25,4.35%,TGFB1;NUTF2
prerank,Positive Regulation Of Response To Cytokine Stimulus (GO:0060760),0.4135388071869151,0.9519198468843011,0.5126050420168067,0.7497651796027537,1.0,1/12,0.52%,CD74
prerank,Glycerol Metabolic Process (GO:0006071),0.4484465607090033,0.9517637779747256,0.5104408352668214,0.7496919342441887,1.0,6/9,24.16%,PGPEP1;SHPK;GCK;COQ2;TKFC;GALK2
prerank,Sphingolipid Metabolic Process (GO:0006665),0.27587258574918017,0.9515056103780654,0.5870535714285714,0.7498216859254723,1.0,16/83,13.32%,GM2A;SPTSSA;SGPP1;UGCG;GALC;HACD2;PLA2G15;PPT1;CERS4;ABCA2;SPTLC2;GLTP;PLPP2;CSNK1G2;NSMAF;ORMDL2
prerank,Response To Muramyl Dipeptide (GO:0032495),0.4175933354840369,0.951257615531667,0.5148741418764302,0.7499631963761612,1.0,2/12,7.00%,IRF5;ERBIN
prerank,Eye Development (GO:0001654),-0.31591035322549554,-0.9509770983634889,0.5256637168141592,0.8534556702665441,1.0,10/46,16.72%,FOXC1;CHRDL1;HES5;CACNA1C;STRA6;PBX4;NIPBL;MEIS1;FREM2;COL5A1
prerank,Positive Regulation Of Collagen Biosynthetic Process (GO:0032967),-0.4075699515661456,-0.9509152422526016,0.5077452667814114,0.8530226559099691,1.0,3/15,5.73%,BMP4;SCX;WNT4
prerank,Positive Regulation Of Monoatomic Ion Transmembrane Transport (GO:0034767),-0.5354227586751406,-0.9507819850134326,0.5665399239543726,0.8527653204079183,1.0,2/5,14.73%,STK39;TRPC6
prerank,Cellular Response To Interleukin-6 (GO:0071354),0.3651723642596991,0.9505572400749666,0.5131578947368421,0.7510323976818345,1.0,3/20,8.10%,SPI1;ST3GAL6;RELA
prerank,Regulation Of Mitotic Sister Chromatid Separation (GO:0010965),-0.447152134547378,-0.9505219341394868,0.5215759849906192,0.8527775658868928,1.0,1/10,1.81%,DUSP1
prerank,Dendrite Morphogenesis (GO:0048813),-0.3295444659791463,-0.9504848579472891,0.5397111913357401,0.8522844101149798,1.0,8/34,14.21%,PTN;PAK3;MAP2;MAPK8IP2;CTNNA2;PHACTR1;TAOK2;DIP2A
prerank,Negative Regulation Of Microtubule Depolymerization (GO:0007026),-0.3770048242970106,-0.950484774940782,0.5269016697588126,0.8517073725996683,1.0,5/20,16.73%,STMN2;KATNB1;TTBK2;NAV3;CLASP2
prerank,Regulation Of Presynapse Assembly (GO:1905606),-0.40222555106932484,-0.9503224646263763,0.5244122965641953,0.8508916905496635,1.0,3/15,13.73%,LRFN5;MDGA1;SLITRK1
prerank,Regulation Of Presynapse Organization (GO:0099174),-0.40222555106932484,-0.9503224646263763,0.5244122965641953,0.8508916905496635,1.0,3/15,13.73%,LRFN5;MDGA1;SLITRK1
prerank,Regulation Of Intracellular Transport (GO:0032386),0.32913051365382706,0.950281465373305,0.5102974828375286,0.7512043996083193,1.0,7/32,11.96%,LAMP1;CRYAB;WWC1;PTPN1;APEX1;LCP1;TMEM53
prerank,Negative Regulation Of Epidermal Growth Factor-Activated Receptor Activity (GO:0007175),-0.428370768029703,-0.9502530396076609,0.544280442804428,0.8504787697596725,1.0,4/11,19.46%,CBLB;ERRFI1;GPRC5A;TSG101
prerank,Atrial Septum Development (GO:0003283),-0.45185929838943156,-0.9496174126769458,0.5401459854014599,0.8513891246147561,1.0,4/10,11.35%,ISL1;MDM4;BMPR2;GJA5
prerank,Sulfur Compound Biosynthetic Process (GO:0044272),0.2952544071741755,0.9495913669024576,0.5545851528384279,0.7522399738897335,1.0,11/58,13.94%,CHST6;ST3GAL6;GSTP1;CHST11;CSGALNACT2;CHPF;MPST;SLC10A7;CHST3;CHST9;CHST14
prerank,Negative Regulation Of Synaptic Transmission (GO:0050805),-0.41573685787183023,-0.9491053209248295,0.5275862068965518,0.8520095053592694,1.0,4/13,16.54%,PRRT1;ARF1;STXBP1;ADIPOQ
prerank,RNA Biosynthetic Process (GO:0032774),0.34542886818613555,0.9488880585910102,0.5418502202643172,0.7532925906604083,1.0,6/26,17.79%,TAF10;RSF1;POLR2A;TAF12;NAT14;ZFP36L2
prerank,Positive Regulation Of Histone Methylation (GO:0031062),-0.3828624749278813,-0.9487899239271337,0.5405405405405406,0.8521591718831485,1.0,4/18,13.68%,OGT;SMAD4;CTNNB1;KAT8
prerank,Positive Regulation Of Response To Wounding (GO:1903036),-0.3671230652255133,-0.948756066759956,0.5335753176043557,0.8516617982793477,1.0,3/22,5.12%,ADRA2A;PTN;OCLN
prerank,Response To Cadmium Ion (GO:0046686),-0.38426141271400044,-0.9485318264219622,0.5385964912280702,0.8516012622831421,1.0,5/18,18.39%,EGFR;MAPK8;MT1G;JUN;MAPK9
prerank,Histone H3-K4 Methylation (GO:0051568),-0.361849870908896,-0.9481679801302932,0.5235602094240838,0.851870234555067,1.0,8/24,32.94%,KDM6A;KMT2C;WDR5B;SETD1B;KMT2A;SETD1A;PAXIP1;RBBP5
prerank,Aromatic Amino Acid Transport (GO:0015801),-0.48408485871327045,-0.9480570941145245,0.5743879472693032,0.8515588167552574,1.0,2/7,13.54%,SLC38A5;SLC7A8
prerank,Negative Regulation Of Multicellular Organismal Process (GO:0051241),0.24797817493926774,0.9479166684923503,0.580952380952381,0.7550565041616096,1.0,31/197,13.04%,SPI1;ARHGDIB;TREM2;ADIPOR1;GRN;CORO1C;TACSTD2;SLAMF8;GPNMB;WWC1;SLC11A1;SPRED3;EMILIN1;PTPRO;SAP30;GATA3;ATF4;PARP1;FCGR2B;ALDH1A1;ING1;CLEC4A;LRPAP1;FOXA1;MEF2C;TMEM53;BRMS1L;PFN2;DAB2IP;PROC;IL17RD
prerank,Negative Regulation Of Cell-Substrate Adhesion (GO:0010812),-0.32662794878339385,-0.9478820633384845,0.54,0.8514145475218,1.0,5/36,3.25%,FBLN1;FZD4;SPRY4;JAG1;EFNA5
prerank,Positive Regulation Of Cell Death (GO:0010942),0.3194439364542272,0.9477617024696737,0.5344036697247706,0.7550032883956245,1.0,6/41,8.63%,TYROBP;ITGB2;C1QA;CLU;MAP3K5;SNCA
prerank,Translocation Of Molecules Into Host (GO:0044417),-0.49896501371551427,-0.9467823854769665,0.5412844036697247,0.8528318816435213,1.0,3/6,33.72%,THOC7;THOC1;THOC2
prerank,Viral mRNA Export From Host Cell Nucleus (GO:0046784),-0.49896501371551427,-0.9467823854769665,0.5412844036697247,0.8528318816435213,1.0,3/6,33.72%,THOC7;THOC1;THOC2
prerank,Positive Regulation Of Ubiquitin-Protein Transferase Activity (GO:0051443),-0.36825662057247893,-0.9464261492228073,0.5224719101123596,0.8531035935312045,1.0,12/22,34.98%,DCUN1D3;DCUN1D2;TOPORS;AXIN1;PIN1;FBXW7;CDC14B;DCUN1D4;PTEN;PINK1;DCUN1D5;UBE2L3
prerank,Response To Hydroxyurea (GO:0072710),0.4773284874706044,0.9462858983717722,0.5368171021377672,0.7576320685214574,1.0,3/8,21.52%,RTF2;BLM;DDX11
prerank,Axo-Dendritic Protein Transport (GO:0099640),-0.48960406758531566,-0.9462693830965321,0.5688729874776386,0.8517661203704777,1.0,4/7,37.24%,KIF5A;MAPK8IP3;KIF5C;MAP1A
prerank,Anterograde Axonal Protein Transport (GO:0099641),-0.48960406758531566,-0.9462693830965321,0.5688729874776386,0.8517661203704777,1.0,4/7,37.24%,KIF5A;MAPK8IP3;KIF5C;MAP1A
prerank,Protein Localization To Presynapse (GO:1905383),-0.48960406758531566,-0.9462693830965321,0.5688729874776386,0.8517661203704777,1.0,4/7,37.24%,KIF5A;MAPK8IP3;KIF5C;MAP1A
prerank,"DNA Damage Response, Signal Transduction Resulting In Transcription (GO:0042772)",0.4754122314661816,0.946208878931136,0.5382830626450116,0.7574123791193875,1.0,2/7,14.04%,MUC1;TP53
prerank,Positive Regulation Of Neuron Projection Arborization (GO:0150012),-0.4844594127120204,-0.9460723786511245,0.5540796963946869,0.8516585849795094,1.0,1/7,2.28%,FZD4
prerank,Vascular Process In Circulatory System (GO:0003018),-0.4363254771770272,-0.945624443131723,0.5456273764258555,0.851586871360848,1.0,4/11,16.69%,ROCK2;NPR1;AGTR1;ITGB1BP1
prerank,Regulation Of Tube Diameter (GO:0035296),-0.4363254771770272,-0.945624443131723,0.5456273764258555,0.851586871360848,1.0,4/11,16.69%,ROCK2;NPR1;AGTR1;ITGB1BP1
prerank,Positive Regulation Of Peptide Hormone Secretion (GO:0090277),0.3213866911975567,0.9455330640334848,0.5339366515837104,0.7584315650594287,1.0,6/36,11.35%,PSMD9;IRS2;NLGN2;SIRT6;TM7SF3;GCK
prerank,Positive Regulation Of DNA Biosynthetic Process (GO:2000573),-0.30323714409859903,-0.9455264667879523,0.5526770293609672,0.8512301339982706,1.0,8/59,10.99%,PDGFRB;MAP3K4;PARM1;KLF4;ATR;ATM;CTNNB1;SMOC2
prerank,Calcium-Independent Cell-Cell Adhesion Via Plasma Membrane Cell-Adhesion Molecules (GO:0016338),0.40917235672563423,0.9455238192528375,0.5401301518438177,0.758062231882515,1.0,1/12,0.85%,CLDN11
prerank,Regulation Of Natural Killer Cell Chemotaxis (GO:2000501),-0.5019057473457303,-0.9448974439522785,0.5561497326203209,0.8521068404272646,1.0,1/6,5.36%,CCL4
prerank,"Endonucleolytic Cleavage In ITS1 To Separate SSU-rRNA From 5.8S rRNA And LSU-rRNA From Tricistronic rRNA Transcript (SSU-rRNA, 5.8S rRNA, LSU-rRNA) (GO:0000447)",0.5032360108476575,0.9447697190145822,0.5501066098081023,0.7591957999618894,1.0,4/6,27.24%,UTP20;LTB4R2;RRS1;RPP40
prerank,Dicarboxylic Acid Metabolic Process (GO:0043648),-0.31641693138558497,-0.9446242383282796,0.5479204339963833,0.8521509569787008,1.0,8/47,9.27%,ASS1;ME3;SLC19A1;ME1;NAGS;MDH1;GOT1;OGDHL
prerank,Positive Regulation Of Deacetylase Activity (GO:0090045),-0.49677730687746097,-0.9436191359680696,0.5735567970204841,0.853928298759905,1.0,2/6,7.61%,FNTA;MAPK8
prerank,Regulation Of Neutrophil Chemotaxis (GO:0090022),-0.35800177540527045,-0.9430906166047328,0.5528169014084507,0.8545719851432879,1.0,8/25,13.94%,SLIT2;CXCL8;MCU;DPP4;CAMK1D;DAPK2;DNM1L;RIPOR2
prerank,Regulation Of T Cell Apoptotic Process (GO:0070232),0.4551933361158414,0.943004605045155,0.527027027027027,0.762448308255406,1.0,1/8,1.37%,LGALS3
prerank,Regulation Of Leukocyte Tethering Or Rolling (GO:1903236),-0.4543839082830575,-0.9430026268404834,0.5543071161048689,0.8542066936485434,1.0,3/9,16.77%,ENC1;CXCL12;FUT9
prerank,Forebrain Neuron Development (GO:0021884),-0.5199998035869875,-0.9429654861666401,0.575187969924812,0.8537267506509951,1.0,3/5,22.12%,CCL14;LHX6;RAPGEF2
prerank,Actin Filament-Based Transport (GO:0099515),-0.38574010481819654,-0.9429033628743293,0.5130597014925373,0.8533022099476086,1.0,6/18,19.84%,SYNE2;MYO1C;MYO15A;MYO5A;MYO1B;MYO19
prerank,Negative Regulation Of Cell Cycle Phase Transition (GO:1901988),-0.44826409857445065,-0.9428910645577789,0.5492700729927007,0.8527626958758446,1.0,1/9,2.16%,SUSD2
prerank,Negative Regulation Of Binding (GO:0051100),0.28047715736094714,0.9427857090169909,0.5448113207547169,0.7625139625360214,1.0,18/76,15.53%,SUMO3;DNAJB2;SORL1;CDKN1A;TTBK1;AKT1;BAX;GTPBP4;GTF2F1;DVL1;PRKCD;NES;LRPAP1;DISC1;DAB2;IFI16;TMBIM6;RSF1
prerank,Mammary Gland Development (GO:0030879),-0.392142576105514,-0.9425289930042249,0.5480943738656987,0.8530619532176069,1.0,3/17,5.73%,NRG1;OXTR;WNT4
prerank,Spindle Assembly (GO:0051225),0.2898887037121997,0.9423129298674634,0.5547785547785548,0.7630344554218166,1.0,9/61,12.18%,NEK6;KPNB1;RHOA;INO80;SAC3D1;MAPRE1;RCC1;ARHGEF10;HAUS2
prerank,Response To Lead Ion (GO:0010288),0.5159429013806465,0.9422956376903396,0.5282167042889391,0.7626742615632128,1.0,3/5,21.70%,PPP2CB;PLSCR1;PPP1CA
prerank,Microtubule Cytoskeleton Organization Involved In Mitosis (GO:1902850),0.2944963890908398,0.9422101791428749,0.5508274231678487,0.7624472934219753,1.0,5/56,9.19%,NEK6;KPNB1;MAP1S;CKAP5;RCC1
prerank,Negative Regulation Of Fibroblast Growth Factor Receptor Signaling Pathway (GO:0040037),-0.41560749257997254,-0.9419402883564203,0.5633802816901409,0.8538355992367552,1.0,3/13,7.73%,SPRY4;SPRY3;SULF2
prerank,Protein Localization To Microtubule (GO:0035372),-0.4543989208194169,-0.9419239356109521,0.544280442804428,0.8533045282309973,1.0,4/9,19.52%,MID1;MID2;MAPRE3;DIAPH1
prerank,Regulation Of Oligodendrocyte Differentiation (GO:0048713),0.38142146793407916,0.9413068338037872,0.5235042735042735,0.7639548484377429,1.0,6/17,15.70%,PTPRZ1;TENM4;SLC45A3;IL34;TMEM98;OPALIN
prerank,Gland Development (GO:0048732),0.29271148193048285,0.9412800800997679,0.5400943396226415,0.7636133423195484,1.0,9/62,9.04%,SLC9A3R1;XBP1;DKK3;EZR;CEBPA;FADD;COBL;PROX1;TGFBR1
prerank,Negative Regulation Of Epithelial To Mesenchymal Transition (GO:0010719),-0.35573368817613804,-0.9407570042810772,0.5099818511796733,0.855343979758749,1.0,3/25,4.03%,MARK1;BMP5;SFRP1
prerank,Positive Regulation Of G2/M Transition Of Mitotic Cell Cycle (GO:0010971),0.3611840462685383,0.9403923157190062,0.5288888888888889,0.7651007717251541,1.0,1/19,1.68%,TNFSF13B
prerank,Neuron Differentiation (GO:0030182),-0.2605385789173891,-0.9400713746639362,0.6237288135593221,0.8563118303610551,1.0,28/141,17.09%,WNT16;DMD;WNT6;EMX2;NR4A2;SHH;FZD4;CDK5R1;MET;DTNB;WNT4;WNT2B;LDB1;WNT11;SNPH;CTNNB1;ATP8A2;TENM3;BRSK1;FZD1;PBX4;OTX2;RTN1;INSM2;IER2;CFLAR;FUT9;LHX4
prerank,Positive Regulation Of Macrophage Differentiation (GO:0045651),0.4189551928518197,0.939973388626195,0.5079006772009029,0.7655731040448788,1.0,3/10,9.55%,TGFB1;FADD;IL34
prerank,RNA Metabolic Process (GO:0016070),0.2629269720718638,0.9394489487582977,0.5641646489104116,0.7662703481184535,1.0,27/102,18.23%,HNRNPF;NUDT3;RNASE6;RNASET2;PPP1R8;DKC1;DDX54;EXOSC4;HNRNPUL1;HNRNPH3;XRN2;AGO4;ADAR;ATXN2L;EXOSC7;DDX24;EXOSC6;RBM3;TBRG4;DDX20;PABPC4;ADARB2;PAPOLG;BICD1;PRPF4;RBM5;EXOSC3
prerank,Plasma Membrane Bounded Cell Projection Morphogenesis (GO:0120039),0.3012489701600099,0.9393085930092189,0.5617977528089888,0.7661697273437565,1.0,14/48,13.73%,CNTNAP1;NCKAP1L;GAS7;DBNL;MAP1S;DTNBP1;GPM6A;PLXNB1;NYAP1;MAP4K4;TUNAR;DAB2IP;SNX1;MYO9B
prerank,Regulation Of Monoatomic Cation Transmembrane Transport (GO:1904062),-0.32702666392799007,-0.938941905483467,0.5557620817843866,0.8583190644588904,1.0,14/36,18.67%,HRC;CACNA1D;KCNAB1;GRIN1;SLMAP;KCNH2;HOMER1;FGF12;HCN4;KCNN2;KCNAB2;GRIN2B;GRIN2D;DPP6
prerank,Positive Regulation Of Epidermis Development (GO:0045684),0.4919255485855321,0.9388813450873394,0.547568710359408,0.766680992313462,1.0,1/6,1.53%,SFN
prerank,Positive Regulation Of Cell Division (GO:0051781),-0.33704122676777387,-0.9380062836470171,0.5587703435804702,0.8598779412801036,1.0,4/31,5.39%,CSPP1;SHH;CDC14A;SVIL
prerank,Vascular Associated Smooth Muscle Contraction (GO:0014829),-0.5237804223510765,-0.9379059316683912,0.5828677839851024,0.8595194976611735,1.0,2/5,11.88%,EDN3;EDNRA
prerank,Positive Regulation Of Transmembrane Transport (GO:0034764),-0.40500655249382833,-0.9378546962835654,0.5327272727272727,0.8590692069683883,1.0,3/14,11.06%,NR4A3;C2CD5;ACSL5
prerank,Negative Regulation Of Signal Transduction (GO:0009968),-0.24611318293952744,-0.9377847288827462,0.6252072968490879,0.8586601483822521,1.0,52/240,16.78%,DCN;TLE1;NR4A2;PTCH1;GLI3;NRG1;KANK2;BMP5;SPRY4;NKD1;NOTUM;SFRP1;SPRY3;RNF43;FRZB;TNS2;CXCL8;NKD2;HIC1;ACVR1;RPGRIP1L;PTPN12;TRABD2B;TWIST1;SFRP4;SULF2;APCDD1;EGFL7;SFRP2;MAPK8IP2;NR1D1;FAIM2;GRB10;KIF26A;MMRN2;CYP26B1;IRAK3;IGFBP3;MDFI;KCTD6;NDRG4;GLIS2;RAB7B;PIK3CB;BMP2;ASXL1;NRARP;GATA2;TCIM;ADIPOQ;PRKCQ;SMAD5
prerank,Sulfur Amino Acid Metabolic Process (GO:0000096),-0.3905750302834804,-0.9374471508351313,0.5595026642984015,0.8588756157275402,1.0,6/16,23.21%,MTHFR;CTH;CDO1;NOX4;MSRA;CPS1
prerank,Protein Palmitoylation (GO:0018345),0.3351049131397892,0.9372758680442138,0.5673758865248227,0.7696913973989271,1.0,7/27,16.92%,SELENOK;GLUL;ZDHHC24;ZDHHC4;ZDHHC8;PORCN;ZDHHC9
prerank,Negative Regulation Of Extrinsic Apoptotic Signaling Pathway (GO:2001237),0.28744518306819167,0.9370984197115134,0.5658198614318707,0.7696460295208727,1.0,11/64,9.04%,HMOX1;LGALS3;BCL2L1;NOL3;AKT1;AKR1B1;GSTP1;TMBIM1;RNF34;RELA;TGFBR1
prerank,Nicotinamide Nucleotide Biosynthetic Process (GO:0019359),-0.4740671021876154,-0.9368635868425738,0.553072625698324,0.8596266244626796,1.0,1/7,4.80%,NMNAT2
prerank,Positive Regulation Of cAMP-mediated Signaling (GO:0043950),0.5092866422000297,0.93678085331566,0.5607675906183369,0.7699101438875112,1.0,1/5,4.52%,GPR62
prerank,Placenta Development (GO:0001890),0.3799059937484862,0.936772575382618,0.5204301075268817,0.769535061583808,1.0,6/16,15.54%,PPARG;TFEB;PTK2;ITGB8;CITED1;ASCL2
prerank,Actin Crosslink Formation (GO:0051764),0.42551881277829195,0.9363098831096416,0.5424836601307189,0.7701290595879713,1.0,3/11,4.93%,BAIAP2;DPYSL3;GAS2L1
prerank,Negative Regulation Of Cardiocyte Differentiation (GO:1905208),-0.5090631900086952,-0.9362742200556964,0.5747330960854092,0.8604462503252733,1.0,1/6,4.13%,EGFR
prerank,Glucan Biosynthetic Process (GO:0009250),-0.4603563145038141,-0.9358941695643564,0.5630712979890311,0.8601621381961978,1.0,4/9,28.31%,NR1D1;GYS1;NHLRC1;PPP1R3C
prerank,Glycogen Biosynthetic Process (GO:0005978),-0.4603563145038141,-0.9358941695643564,0.5630712979890311,0.8601621381961978,1.0,4/9,28.31%,NR1D1;GYS1;NHLRC1;PPP1R3C
prerank,"Alternative mRNA Splicing, Via Spliceosome (GO:0000380)",0.3816130672432785,0.9358592261407743,0.5460829493087558,0.7706835985478997,1.0,3/15,8.29%,NCBP2;SLU7;PUF60
prerank,Regulation Of Microtubule-Based Movement (GO:0060632),-0.4733305147462812,-0.9357228065343524,0.5641025641025641,0.8599831662721072,1.0,2/8,3.61%,NEFH;MAP2
prerank,Positive Regulation Of T Cell Mediated Immunity (GO:0002711),0.34447785683005905,0.9352982678667626,0.5227765726681128,0.7714230988247991,1.0,5/23,11.19%,FADD;HSPD1;MAP3K7;IL12RB1;MICA
prerank,Chaperone Cofactor-Dependent Protein Refolding (GO:0051085),0.3429393419375071,0.9352580623480932,0.5433403805496829,0.7711065356015574,1.0,11/24,27.00%,DNAJB5;SDF2;HSPE1;HSPA2;SDF2L1;GAK;ERO1A;HSPA14;HSPA13;DNAJB13;DNAJB14
prerank,Positive Regulation Of Hydrolase Activity (GO:0051345),-0.2577796931296788,-0.9350997869622358,0.5924092409240924,0.8608386700881658,1.0,24/157,11.52%,THY1;DOCK9;RGS6;SOS1;BCAS3;CTSK;SFRP1;DOCK6;RAPGEF4;USP6NL;CCL4;FNTA;RALGPS2;MAPK8;NF1;EVI5;WRN;RASGRP2;RGL3;APOA1;CCL14;WNT11;ECT2;TBC1D30
prerank,Positive Regulation Of Platelet Activation (GO:0010572),-0.4823272818840484,-0.9348513724796729,0.5722543352601156,0.8608288359690702,1.0,3/7,17.70%,GP1BB;PLA2G4A;JAK2
prerank,Regulation Of Potassium Ion Transport (GO:0043266),0.3313565088412803,0.934789418156088,0.5478841870824054,0.7716911286120779,1.0,3/28,3.81%,CD63;GNB2;KCNA5
prerank,Receptor Metabolic Process (GO:0043112),0.36072605105368055,0.9346415198516325,0.5626326963906582,0.7716030760206706,1.0,5/20,10.57%,TGFB1;MVB12A;LGMN;BECN1;PLEKHJ1
prerank,Smooth Muscle Cell Migration (GO:0014909),0.4969705795229015,0.9343257541062427,0.553014553014553,0.7718509662248043,1.0,1/6,0.06%,DDR1
prerank,Protein Localization To Synapse (GO:0035418),0.40927806437665554,0.9335539479216386,0.5651162790697675,0.7730607681304963,1.0,3/12,10.04%,NLGN2;STAU1;NRXN2
prerank,Glycosaminoglycan Biosynthetic Process (GO:0006024),-0.30527566004088597,-0.9334609891522673,0.5748175182481752,0.8634410778831245,1.0,8/54,14.83%,CEMIP;EXT1;CHSY3;B4GALT4;ANGPT1;CSGALNACT1;HS3ST1;XYLT2
prerank,Receptor Signaling Pathway Via JAK-STAT (GO:0007259),-0.3443355146614124,-0.9333666921905248,0.5547309833024119,0.8630989393658691,1.0,12/28,24.28%,PIAS1;IFNG;MYO1C;STAT6;JAK2;STAT5B;STAMBP;PKD2;CTR9;IFNAR2;FER;STAT4
prerank,Proteoglycan Metabolic Process (GO:0006029),0.34041898901476264,0.9333352658117332,0.5594713656387665,0.773136220457303,1.0,10/24,17.80%,CHST11;HPSE;CSGALNACT2;BMPR1B;GAL3ST4;CNMD;CHST9;CHST14;CANT1;CHST8
prerank,Neuron Migration (GO:0001764),-0.3019039533967872,-0.9329229010489726,0.5849387040280211,0.863535804458389,1.0,7/53,6.28%,MARK1;NR4A2;NELL1;CDK5R1;AUTS2;CEP85L;FGFR1
prerank,Response To Glucose (GO:0009749),0.31054464405307153,0.9324118114096307,0.5920177383592018,0.7746549076801829,1.0,5/41,5.18%,XBP1;IRS2;SLC39A14;PCK2;UCP2
prerank,Protein K48-linked Ubiquitination (GO:0070936),-0.2828396581264037,-0.9323597756464759,0.5671902268760908,0.8643055460088351,1.0,12/67,16.51%,CUL1;RNF115;MYCBP2;IFI27;UBE3A;UBE2E2;UBE3C;TRIM32;TOPORS;RNF152;FBXO9;RNF8
prerank,Diacylglycerol Biosynthetic Process (GO:0006651),-0.4996767528306124,-0.9320826100423746,0.5813148788927336,0.8643435700614561,1.0,5/6,29.95%,PLCE1;DGAT2;MOGAT1;GPAM;PNPLA2
prerank,Regulation Of Nucleocytoplasmic Transport (GO:0046822),-0.3908964895434148,-0.9320477705888982,0.5279850746268657,0.8638602603075226,1.0,6/15,18.60%,BMP4;IFI27;GSK3B;KHDRBS1;UHMK1;MX2
prerank,T-helper Cell Lineage Commitment (GO:0002295),-0.4436691142446527,-0.931741152415988,0.5664739884393064,0.8639936874682841,1.0,3/9,19.40%,IL6;SLAMF6;TBX21
prerank,Monoatomic Anion Transport (GO:0006820),-0.3128425204969655,-0.9315589936011497,0.5553539019963702,0.8638481621189286,1.0,10/42,13.26%,GLRA1;SLC5A5;CLIC5;ANO10;SLC4A10;SLC26A7;SLC26A5;CLIC2;CLCN5;SLC4A1
prerank,Regulation Of Tumor Necrosis Factor Superfamily Cytokine Production (GO:1903555),0.45590942242947863,0.9312392286304194,0.5588865096359743,0.776666821557438,1.0,3/7,10.91%,SIRPA;LTF;MAPKAPK2
prerank,Ubiquitin-Dependent ERAD Pathway (GO:0030433),0.27849061216953397,0.9311372618493192,0.5938242280285035,0.7764746563519178,1.0,11/70,14.34%,SEL1L;DNAJB2;BAG6;DERL1;RNF185;DERL2;MAN1A1;TMEM129;UBE2G2;EDEM2;FBXO2
prerank,Positive Regulation Of Protein Modification Process (GO:0031401),-0.2477896172765472,-0.9311313164905581,0.6377551020408163,0.8642573042047783,1.0,20/208,6.61%,CDH5;NTRK3;LEPR;FGF10;KDR;BMP4;FAM161A;GAS6;PTBP1;EFNA5;MOB2;RIPK1;FGF17;FGF18;EGFR;IFNG;ROCK2;FLT4;INSR;TRABD2B
prerank,Regulation Of Cell-Substrate Junction Assembly (GO:0090109),0.3621538999868944,0.9308390492682912,0.564625850340136,0.7766812913520501,1.0,5/21,10.66%,CORO1C;RHOA;PTK2;DUSP3;TLN1
prerank,Regulation Of Blood Vessel Endothelial Cell Proliferation Involved In Sprouting Angiogenesis (GO:1903587),0.391464078710978,0.9306877662039036,0.5614849187935035,0.7765806401926072,1.0,3/13,11.04%,HMOX1;FGF2;APLNR
prerank,Positive Regulation Of DNA Metabolic Process (GO:0051054),-0.2732317947026649,-0.9306300544855602,0.5947368421052631,0.8648086479612718,1.0,21/97,19.50%,PDGFRB;FGF10;EYA1;EGFR;SMCHD1;NPM2;WRN;BABAM2;SMOC2;PRIM2;TOX;EYA2;EYA4;NPAS2;ACTR5;INO80E;RNF8;INO80C;ATAD5;BAZ1A;RAD50
prerank,Positive Regulation Of Nervous System Development (GO:0051962),-0.3188789447111171,-0.9304729536278066,0.5730129390018485,0.864621656332637,1.0,7/45,13.73%,SRPX2;CLSTN2;SLITRK4;IFNG;CLSTN3;TRIM32;SLITRK1
prerank,Regulation Of Glucan Biosynthetic Process (GO:0010962),-0.47737436117890464,-0.9303292779316927,0.5850091407678245,0.8644002193919789,1.0,3/7,35.06%,PPP1R3G;PPP1R3C;PPP1R3E
prerank,Sphingomyelin Biosynthetic Process (GO:0006686),-0.5210862264542472,-0.930276949353652,0.6077348066298343,0.8639542818127033,1.0,2/5,13.08%,SGMS2;SGMS1
prerank,DNA Cytosine Deamination (GO:0070383),0.4475598087032473,0.9300300177479386,0.5247747747747747,0.7774853922356191,1.0,1/8,3.51%,APOBEC3C
prerank,Mitotic Sister Chromatid Cohesion (GO:0007064),-0.3844787645148288,-0.9298418823988142,0.5643382352941176,0.8643842183978587,1.0,6/17,26.25%,PDS5B;STAG1;NIPBL;STAG2;MAU2;CDCA5
prerank,Activin Receptor Signaling Pathway (GO:0032924),0.40051016932202654,0.9297207702007521,0.5641025641025641,0.7777052820636807,1.0,4/12,19.12%,INHBA;TGFBR1;INHBB;ACVR2B
prerank,Action Potential (GO:0001508),-0.335615213925245,-0.9294137781383633,0.5535055350553506,0.8647719426643684,1.0,6/32,10.56%,KCNA1;DMD;KCNB1;SLC4A3;KCNH7;KCNH2
prerank,Regulation Of Lysosome Size (GO:0062196),0.46798099771794033,0.9290228959018553,0.5478260869565217,0.7787254353312482,1.0,2/7,17.20%,KXD1;SNAPIN
prerank,Inner Ear Receptor Cell Stereocilium Organization (GO:0060122),-0.45055102150360876,-0.9290107057327257,0.5808270676691729,0.8651315925618146,1.0,3/9,8.83%,USH1C;PDZD7;IFT88
prerank,Regulation Of Axon Extension Involved In Axon Guidance (GO:0048841),-0.35452350864555127,-0.9288695407734154,0.5555555555555556,0.8648867720296497,1.0,3/23,3.54%,NELL1;SEMA6C;SEMA3C
prerank,Protein Modification By Small Protein Conjugation (GO:0032446),-0.23612523442916614,-0.9288000892658282,0.7016666666666667,0.8644792182199386,1.0,57/314,16.57%,HECW1;PDZRN3;CUL1;PIAS1;SHPRH;CUL2;RNF115;TRPC4AP;EYA1;RNF43;FBXL2;NSMCE2;DCUN1D3;FBXO25;FBXO32;VPS11;PIAS2;MYCBP2;SENP5;COPS8;ENC1;MARVELD3;UHRF2;VCPIP1;MDM4;SMURF2;ASB9;DCUN1D2;BIRC6;CAND2;SENP1;UBE2E2;WWP1;TRIM32;SH3RF2;RNF139;TRIM63;UBA6;TOPORS;TRIM69;KCTD10;NEUROD2;RNF26;DET1;KLHL24;HLTF;RNF152;TRIM23;FBXO24;DTX1;KLHL7;HDAC4;RNF111;PIAS3;CNOT4;FBXO9;LMO7
prerank,Regulation Of Macromolecule Biosynthetic Process (GO:0010556),0.29836922256272636,0.9287932968938073,0.5756097560975609,0.7787982808025589,1.0,14/48,20.80%,CYFIP1;PDGFA;MAPKAPK5;ELP4;RBM3;RABL3;MSI1;EIF2S1;ELP3;MSI2;TOM1L1;PCIF1;MEAF6;MTPN
prerank,Protein Targeting To Peroxisome (GO:0006625),0.38540511281525963,0.9285359898909479,0.5701559020044543,0.7789334123575218,1.0,6/15,23.90%,PEX5;PEX10;PEX2;PEX12;PEX16;PEX6
prerank,"Regulation Of Complement Activation, Classical Pathway (GO:0030450)",0.49539416872160613,0.9284789785056631,0.5454545454545454,0.7786516624285884,1.0,1/5,0.50%,TREM2
prerank,Regulation Of Chemotaxis (GO:0050920),0.3409479482231024,0.9284355182438825,0.5558035714285714,0.7783524861303655,1.0,8/27,12.17%,TREM2;TGFB1;AIF1;PTPN2;STX4;YTHDF1;DUSP3;P2RY12
prerank,Regulation Of Chromatin Organization (GO:1902275),0.34293632936328,0.9284048685061622,0.543046357615894,0.7780261428369037,1.0,2/24,2.72%,SSRP1;PHF20
prerank,Negative Regulation Of Neural Precursor Cell Proliferation (GO:2000178),-0.46890135587956205,-0.9282811087014253,0.5951035781544256,0.8651367316332684,1.0,3/7,16.43%,PTN;NF1;GATA2
prerank,Internal Peptidyl-Lysine Acetylation (GO:0018393),0.31382863534108785,0.9279562393598453,0.5918854415274463,0.7785622500332464,1.0,10/37,21.18%,TAF10;BAG6;VPS72;MRGBP;ACTL6A;RUVBL1;TAF12;MEAF6;TADA3;ING3
prerank,Sulfur Amino Acid Transport (GO:0000101),-0.4723563540874011,-0.9278556155090498,0.581056466302368,0.8654989879609477,1.0,2/7,20.91%,SLC7A11;SLC1A1
prerank,Positive Regulation Of Calcium-Mediated Signaling (GO:0050850),-0.4464843983753847,-0.9277895228248144,0.5863377609108159,0.8650842852915737,1.0,4/9,13.24%,P2RX5;CCL4;CDH13;NEUROD2
prerank,Negative Regulation Of GTPase Activity (GO:0034260),0.3687702596713589,0.9272292775432023,0.5652173913043478,0.7796362912246092,1.0,8/19,19.49%,GMIP;TMED2;DAB2IP;ARL2;FICD;WNK1;FZD10;HRAS
prerank,Dendritic Spine Morphogenesis (GO:0060997),0.3762809867125804,0.9271611097101381,0.5547945205479452,0.7793829359695539,1.0,3/15,9.40%,CTNND2;NOL3;EPHB1
prerank,Monocarboxylic Acid Biosynthetic Process (GO:0072330),0.29089404046090717,0.9269922598092749,0.583710407239819,0.7793394048886766,1.0,13/54,16.28%,XBP1;SDS;CYP27A1;HSD3B7;GAMT;LCP1;SLC27A5;CHST14;HOGA1;HSD17B8;OSBP;OXSM;ACSM5
prerank,Organelle Membrane Fusion (GO:0090174),0.3378925509251367,0.9268665792247457,0.5608695652173913,0.7792179783225978,1.0,7/25,13.95%,STX12;STX6;VAMP8;STX4;STX10;EEA1;VAMP3
prerank,Vesicle Cargo Loading (GO:0035459),0.358085001186657,0.9268069680060016,0.5441527446300716,0.7789445256904765,1.0,3/19,11.11%,SEC13;TMED2;TMED10
prerank,Multivesicular Body Sorting Pathway (GO:0071985),0.3412918442952301,0.9267322073737839,0.571753986332574,0.7787029799479498,1.0,3/24,5.57%,SNF8;CHMP2A;RAB27A
prerank,Detection Of Light Stimulus Involved In Sensory Perception (GO:0050962),-0.47140008822564383,-0.9267072198794233,0.5703564727954972,0.8663423901549547,1.0,1/7,10.75%,TULP1
prerank,Detection Of Light Stimulus Involved In Visual Perception (GO:0050908),-0.47140008822564383,-0.9267072198794233,0.5703564727954972,0.8663423901549547,1.0,1/7,10.75%,TULP1
prerank,Regulation Of Cell-Substrate Adhesion (GO:0010810),-0.31619388845602864,-0.9266885650970983,0.5719489981785064,0.8658203841977403,1.0,13/37,20.85%,THY1;PKP2;FZD4;ECM2;NF1;RELL2;NPNT;DMTN;PIK3CB;JAK2;FBLN2;VIT;BST1
prerank,Regulation Of Epithelial Cell Differentiation (GO:0030856),0.3861497847194392,0.9262133853759309,0.5502283105022832,0.7793639213541377,1.0,4/15,12.04%,CEBPB;GATA3;ALOX15B;MAFG
prerank,Positive Regulation Of Alpha-Beta T Cell Activation (GO:0046635),-0.42772002312877666,-0.9260892709013082,0.579136690647482,0.8665809027027287,1.0,2/11,1.56%,GLI3;SHH
prerank,Nitric Oxide Metabolic Process (GO:0046209),0.3811109125245841,0.9258550064870801,0.5487528344671202,0.7796857218619143,1.0,1/14,1.33%,DDAH2
prerank,Positive Regulation Of miRNA-mediated Gene Silencing (GO:2000637),-0.43963722532807437,-0.9249771142312978,0.5843920145190563,0.8685339133327393,1.0,4/9,27.90%,FMR1;WTIP;FXR1;TIAL1
prerank,Regulation Of Collagen Fibril Organization (GO:1904026),-0.48693720859619627,-0.9249169505619552,0.5865580448065173,0.868109733077315,1.0,1/6,1.20%,TNXB
prerank,Regulation Of Epidermal Cell Differentiation (GO:0045604),-0.38684132894913814,-0.9248681299839788,0.5753176043557169,0.8676608874897992,1.0,4/16,6.93%,BMP4;ROCK2;SFRP4;ERRFI1
prerank,"Endonucleolytic Cleavage Of Tricistronic rRNA Transcript (SSU-rRNA, 5.8S rRNA, LSU-rRNA) (GO:0000479)",0.4124949145191561,0.9247399311210166,0.5495689655172413,0.7815772450423331,1.0,3/12,9.03%,UTP20;SDE2;TBL3
prerank,Regulation Of Trans-Synaptic Signaling (GO:0099177),-0.322291988888631,-0.9247382639056847,0.5769944341372912,0.86740292805038,1.0,9/35,19.88%,BTBD9;CACNA1B;GRIK2;IQSEC2;GRIN3B;GRIA3;LRP8;GRIK1;GRIK4
prerank,Regulation Of Endothelial Cell Proliferation (GO:0001936),0.2689958418217704,0.9246218415702505,0.6109839816933639,0.7814350254563992,1.0,15/85,12.74%,APOE;ALOX5;FGF2;SEMA5A;AKT1;NRAS;VEGFB;SORD;PROX1;TGFBR1;SPARC;ZNF580;CNMD;EMC10;TNFSF12
prerank,Development Of Primary Male Sexual Characteristics (GO:0046546),0.3244817214900677,0.92459266606571,0.5488888888888889,0.781099393569499,1.0,7/31,12.02%,TGFB2;INHBA;AKR1B1;GATA3;SOX8;CSDE1;LHFPL2
prerank,Regulation Of Receptor Recycling (GO:0001919),0.36771035588238565,0.9245328472692107,0.5600907029478458,0.7808314154780299,1.0,4/17,14.78%,RAB29;SNCA;VAMP3;AP1AR
prerank,Intestinal Cholesterol Absorption (GO:0030299),0.4908962343070098,0.9245131821936453,0.5573770491803278,0.7804721786818074,1.0,1/5,6.38%,NPC1
prerank,Negative Regulation Of Chemokine-Mediated Signaling Pathway (GO:0070100),-0.5160607865321944,-0.9242188779421142,0.5935251798561151,0.8679580094159285,1.0,2/5,16.74%,SLIT2;ROBO1
prerank,Positive Regulation Of Phospholipid Biosynthetic Process (GO:0071073),-0.47824008101251725,-0.9240653851391895,0.5727788279773157,0.8677483757545661,1.0,3/6,27.47%,HTR2A;HTR2B;FABP3
prerank,Negative Regulation Of mRNA Catabolic Process (GO:1902373),-0.32741691692997965,-0.923879215761671,0.5657894736842105,0.8675721843733416,1.0,14/33,28.74%,TENT5A;RBM24;FMR1;EIF4ENIF1;NOCT;THRAP3;TENT5C;E2F1;PKP1;AXIN2;SYNCRIP;LARP1;FUS;NBAS
prerank,Oxoacid Metabolic Process (GO:0043436),0.3760936882094507,0.9237075998970973,0.5636792452830188,0.78171817889123,1.0,3/17,8.43%,TPST1;TPST2;GRHPR
prerank,Lymphocyte Migration (GO:0072676),0.321753001127963,0.9237007369201582,0.5600907029478458,0.7813394803569181,1.0,4/29,6.04%,CCL2;MYO1G;CCL20;GATA3
prerank,Proteoglycan Catabolic Process (GO:0030167),0.48624019558800086,0.9235213151587915,0.5645514223194749,0.7812891988242666,1.0,3/6,15.61%,HPSE;NAGLU;GPC1
prerank,"Regulation Of Synaptic Transmission, Glutamatergic (GO:0051966)",-0.295135661187177,-0.9232063684815164,0.5931899641577061,0.8685078647222725,1.0,19/52,25.77%,CACNG2;SYT1;GRIN1;ATP1A2;MAPK8IP2;HOMER1;GRM8;PLPPR4;GRIN2B;GRIN2D;GRM2;GRIK1;GRM4;CDK5;TNF;FXR1;GRIN2A;UNC13A;TSHZ3
prerank,Alpha-Amino Acid Biosynthetic Process (GO:1901607),0.41225881042833973,0.9228190371323118,0.5571095571095571,0.7823199780810358,1.0,3/10,13.48%,SDS;ILVBL;SDSL
prerank,Regulation Of Interleukin-5 Production (GO:0032674),-0.4324094348083114,-0.9227425214106963,0.5681818181818182,0.86898760462057,1.0,2/10,0.19%,PDE4D;LEF1
prerank,Positive Regulation Of Macrophage Derived Foam Cell Differentiation (GO:0010744),0.39118836112134575,0.9223834259261006,0.5422993492407809,0.7828007222675661,1.0,3/15,11.35%,MSR1;ALOX15B;LCP1
prerank,Regulation Of Epidermal Growth Factor Receptor Signaling Pathway (GO:0042058),0.3057270465142787,0.9223049925305352,0.5982532751091703,0.7825648608146004,1.0,11/40,14.74%,PTPRJ;PTPN2;AGT;MVB12A;RNF126;DUSP3;APEX1;CBL;DAB2IP;ZFYVE28;RALA
prerank,miRNA-mediated Gene Silencing (GO:0035195),-0.3511671318415438,-0.9222230389005474,0.5686274509803921,0.8696130494629914,1.0,7/24,12.66%,AJUBA;AGO3;DDX6;MOV10;NCBP1;EIF4ENIF1;WTIP
prerank,Positive Regulation Of Catalytic Activity (GO:0043085),0.3149788270647114,0.9220321526835281,0.5658747300215983,0.7827176212128817,1.0,10/38,16.34%,PSENEN;APH1A;SSBP1;CIB1;STX4;CHTOP;MID1IP1;MSH6;FDX1;YWHAB
prerank,Arachidonic Acid Metabolic Process (GO:0019369),-0.33550347253207197,-0.9218554829677842,0.5848056537102474,0.8698726596400783,1.0,7/29,13.42%,PTGS2;PTGIS;EPHX1;PLA2G4A;CYP1B1;PTGDS;CYP2J2
prerank,Negative Regulation Of Blood Vessel Endothelial Cell Proliferation Involved In Sprouting Angiogenesis (GO:1903588),-0.5056925155445284,-0.9218276050787473,0.5996309963099631,0.8693772726661428,1.0,2/5,31.24%,MMRN2;THBS1
prerank,Induction Of Bacterial Agglutination (GO:0043152),0.49129168015539004,0.9216697337647834,0.5659955257270693,0.7830525516257237,1.0,5/5,50.89%,FGA;FGB;SFTPD;RNASE3;RNASE2
prerank,Visual System Development (GO:0150063),0.3208373106509504,0.9214714398960356,0.5950226244343891,0.78308000782716,1.0,10/33,14.47%,SMOC1;C3;C1QA;TGFB2;HIPK1;BMPR1B;SH3PXD2B;SCO2;BLOC1S3;ITGAM
prerank,Negative Regulation Of Cytoskeleton Organization (GO:0051494),0.34161093426696154,0.9214577263098437,0.5496535796766744,0.7827214432548562,1.0,6/24,12.00%,PFN1;ARPIN;CORO1A;TWF2;PRKCD;PFN2
prerank,Regulation Of Neutrophil Extravasation (GO:2000389),0.5009732414766398,0.9213396827093222,0.5462555066079295,0.7825784414809577,1.0,1/5,2.29%,CD99
prerank,Zymogen Activation (GO:0031638),0.3081436216953956,0.9212238798003524,0.5644028103044496,0.7824205198442664,1.0,7/40,8.27%,CTSL;CTSH;MASP1;MMP14;NLRC4;FADD;LGMN
prerank,Organic Hydroxy Compound Transport (GO:0015850),-0.3308339640755108,-0.9211688349258986,0.5596491228070175,0.870266163022632,1.0,7/33,10.04%,SLC22A2;ATP8B1;SLC10A4;SLC22A3;SLC16A1;SLC10A6;STRA6
prerank,Endosome Organization (GO:0007032),0.29897125636455696,0.9206152550075357,0.5798525798525799,0.7832744700636292,1.0,8/49,10.82%,CORO1C;VPS18;ATP6V1F;RAB27A;PLEKHF1;CLCN3;PLEKHJ1;EEA1
prerank,Negative Regulation Of G2/M Transition Of Mitotic Cell Cycle (GO:0010972),0.3252379766214538,0.9204710798912574,0.5389908256880734,0.7831861801923065,1.0,9/27,26.90%,USP47;GPR132;AURKB;ZFYVE19;RBBP8;CDK5RAP3;NABP2;NABP1;CHMP4C
prerank,Defense Response To Tumor Cell (GO:0002357),0.41526092090231653,0.9204095374345418,0.5780590717299579,0.7829223083845898,1.0,2/11,1.48%,SPI1;LAPTM5
prerank,Regulation Of Bile Acid Metabolic Process (GO:1904251),-0.5101478799539022,-0.9202010229260177,0.6003616636528029,0.8718586110898049,1.0,2/5,37.82%,FGFR4;NR1H4
prerank,Positive Regulation Of Neutrophil Chemotaxis (GO:0090023),0.36479938590133854,0.9198156522363583,0.5761589403973509,0.7837645083393562,1.0,2/18,2.65%,CD74;NCKAP1L
prerank,Positive Regulation Of Protein Deacetylation (GO:0090312),-0.41710494858591984,-0.9197725860211363,0.576271186440678,0.8722529248850133,1.0,4/12,18.54%,IFNG;FNTA;NIPBL;DYRK1A
prerank,Protein Localization To Chromosome (GO:0034502),-0.3109337707820322,-0.919393938679077,0.5923809523809523,0.8725206581887656,1.0,4/38,8.75%,LEF1;ZMYND8;ATR;MSH2
prerank,Protein-Containing Complex Organization (GO:0043933),-0.26308458344987795,-0.9190660007281931,0.6329331046312179,0.8726923563440765,1.0,26/116,16.67%,USH1C;DMD;PARD3;RIMS1;FANCC;KIFAP3;REPS2;CREBBP;OCLN;HES5;PPARGC1A;LAMC1;WASF3;TSPAN4;MDM4;AP2M1;WDR19;KNTC1;TRAF1;DNM1L;DET1;LIN7A;DMTN;OTX2;YAP1;AXIN1
prerank,Regulation Of B Cell Apoptotic Process (GO:0002902),0.43346109226338536,0.918651812393044,0.561822125813449,0.7857285551999494,1.0,4/9,13.69%,IRS2;LYN;BTK;FNIP1
prerank,Excitatory Chemical Synaptic Transmission (GO:0098976),-0.4800878726013388,-0.9186335978677076,0.5668549905838042,0.8731050408856202,1.0,4/6,25.02%,SHISA6;GRIN2B;GRIN2D;GRIN2A
prerank,Peptide Transport (GO:0015833),0.4920385730387563,0.9184794733612006,0.5690376569037657,0.7856986888684244,1.0,2/5,21.29%,TAP1;TAP2
prerank,Cellular Response To Type III Interferon (GO:0071358),0.47888756709536223,0.9182746954945459,0.5831578947368421,0.7853251865791862,1.0,4/6,30.04%,IFNLR1;IFNGR2;TYK2;IL10RB
prerank,Type III Interferon-Mediated Signaling Pathway (GO:0038196),0.47888756709536223,0.9182746954945459,0.5831578947368421,0.7853251865791862,1.0,4/6,30.04%,IFNLR1;IFNGR2;TYK2;IL10RB
prerank,Prostaglandin Metabolic Process (GO:0006693),-0.35006062534171745,-0.9180895319603284,0.591337099811676,0.8737869220899255,1.0,7/24,11.68%,PTGS2;PTGIS;PLA2G4A;AKR1C2;PTGR1;HPGD;PTGDS
prerank,Negative Regulation Of Calcium Ion Transmembrane Transport (GO:1903170),-0.3776352764491626,-0.9180218697553546,0.5708955223880597,0.8733838928109116,1.0,3/16,9.68%,PLN;PPP3R1;ATP1A2
prerank,MAPK Cascade (GO:0000165),0.2621914998482312,0.9179186543794331,0.6302325581395349,0.7856602523626879,1.0,16/90,11.70%,LGALS9;CCL2;TGFB1;PPP1CC;CTSH;MAPK12;NRAS;MAP3K5;MAP3K11;MAP2K2;MAP3K7;YWHAE;MAP4K4;MAPKAPK2;PTPN7;MEF2C
prerank,Positive Regulation Of Mesenchymal Cell Proliferation (GO:0002053),-0.43243705186767545,-0.917888535289653,0.5738636363636364,0.8731293235326164,1.0,2/9,11.22%,SHH;TGFBR2
prerank,Prostanoid Metabolic Process (GO:0006692),-0.4008717116879895,-0.9177600601399638,0.5561312607944733,0.8728634197266723,1.0,4/12,18.69%,AKR1C2;PTGR1;HPGD;PTGES
prerank,Retinoic Acid Receptor Signaling Pathway (GO:0048384),0.41257756245753485,0.9173670585908562,0.543859649122807,0.7864422235835247,1.0,3/11,16.81%,PPARG;RXRA;THRA
prerank,Positive Regulation Of Interleukin-2 Production (GO:0032743),-0.3495227381444706,-0.9173517035255793,0.5810055865921788,0.8732365516496211,1.0,1/23,0.17%,PDE4D
prerank,Positive Regulation Of Telomere Maintenance Via Telomerase (GO:0032212),-0.33718393005120373,-0.9168627527682532,0.5888501742160279,0.8737780441051847,1.0,7/27,19.69%,MAP3K4;ATR;ATM;CTNNB1;PARN;PRKCQ;TNKS
prerank,Metanephric Nephron Tubule Development (GO:0072234),-0.5089077074406989,-0.9167427217592525,0.6186770428015564,0.8734884332451631,1.0,3/5,26.69%,PKD2;PAX8;PKD1
prerank,Mitotic G2/M Transition Checkpoint (GO:0044818),0.29400972492709054,0.9167333686799498,0.5873015873015873,0.7873402649433916,1.0,3/44,2.59%,TNFSF13B;FOXN3;CDKN1A
prerank,Regulation Of Myeloid Leukocyte Differentiation (GO:0002761),-0.4630122254622615,-0.9165993838764968,0.5930018416206262,0.8732441203881648,1.0,2/7,8.90%,FOXP1;CAMK4
prerank,Exocrine System Development (GO:0035272),0.4896940320267412,0.9165342957790817,0.5581896551724138,0.7873534081415808,1.0,3/5,35.78%,FGFR2;SRP54;IGSF3
prerank,Negative Regulation Of Cell Activation (GO:0050866),0.3913565354031985,0.9164822992317513,0.5710900473933649,0.7870594448830673,1.0,3/13,5.90%,TREM2;EMILIN1;PDGFA
prerank,Positive Regulation Of Establishment Of Protein Localization (GO:1904951),0.367813280168383,0.9164647014362234,0.5795724465558195,0.7867041458690465,1.0,5/16,16.74%,TREM2;DKC1;CCT3;CCT8;CHP1
prerank,Positive Regulation Of Collagen Metabolic Process (GO:0010714),-0.3878610231214921,-0.9161499803958003,0.5614035087719298,0.8737211865979542,1.0,3/16,5.73%,BMP4;SCX;WNT4
prerank,Regulation Of Aerobic Respiration (GO:1903715),-0.38702892691832147,-0.9161107394974621,0.5625,0.8732505580042706,1.0,1/14,0.26%,COX7A1
prerank,Regulation Of Interleukin-13 Production (GO:0032656),-0.40604376062331715,-0.9158816873792794,0.5776965265082267,0.8732025948343839,1.0,1/12,0.19%,LEF1
prerank,Mitochondrial Outer Membrane Permeabilization (GO:0097345),0.47256837746628655,0.9158784597847438,0.5546038543897216,0.7875643937540544,1.0,2/6,21.76%,BNIP3L;VDAC2
prerank,Interleukin-4-Mediated Signaling Pathway (GO:0035771),-0.5113594819375525,-0.9157165545127681,0.6071428571428571,0.8730102253558552,1.0,1/5,10.91%,STAT6
prerank,Cellular Response To Ionizing Radiation (GO:0071479),0.28705752826444025,0.9154015213876935,0.6160520607375272,0.7881332907653604,1.0,8/49,14.04%,CRYAB;CDKN1A;NUCKS1;INO80;GADD45A;INTS7;IFI16;TP53
prerank,Positive Regulation Of Protein Localization To Cell Surface (GO:2000010),0.39459747208182555,0.9153317885953846,0.5902777777777778,0.7878938904071228,1.0,3/12,9.54%,TYROBP;STX4;RANGRF
prerank,Cilium Movement Involved In Cell Motility (GO:0060294),-0.5214378112063189,-0.9152563685063634,0.5864661654135338,0.8734804357361805,1.0,4/5,45.79%,TEKT2;RSPH9;TEKT1;TEKT3
prerank,Cellular Response To Calcium Ion (GO:0071277),-0.28538134757742917,-0.9152146018582676,0.6205035971223022,0.8730243147577152,1.0,14/62,14.94%,SYT3;SYT2;SYT1;SYT4;RYR3;CPNE6;CPNE9;SYT5;PRKAA1;RASGRP2;ECT2;PRKAA2;NEUROD2;DMTN
prerank,Ornithine Metabolic Process (GO:0006591),-0.4683770029072235,-0.9152137815003792,0.5951035781544256,0.8724735187698494,1.0,3/7,24.26%,OTC;ODC1;ARG1
prerank,Endothelial Cell Chemotaxis (GO:0035767),0.4524070084569338,0.9151404264103915,0.5758241758241758,0.7878935832557481,1.0,2/7,1.51%,RAB13;CORO1B
prerank,Necroptotic Process (GO:0070266),-0.42821046967226983,-0.9148539438112251,0.5631970260223048,0.8727438534933075,1.0,6/9,26.29%,RIPK1;MLKL;DNM1L;TRPM7;IPMK;FASLG
prerank,Exocytosis (GO:0006887),-0.2771405620881797,-0.9147590010679281,0.6440972222222222,0.8724025883457771,1.0,18/80,19.60%,EXOC6B;RIMS1;CPLX1;RAB3A;RPH3A;SNAP25;SYNGR1;RAB11FIP5;SYNGR3;EXOC4;MYH9;EXOC7;NSF;EXOC6;PRSS12;STX17;CADPS2;STX1B
prerank,Cyclic Nucleotide Biosynthetic Process (GO:0009190),-0.37915661532399764,-0.9146399764731238,0.5910780669144982,0.8721142794304173,1.0,5/16,26.31%,ADCY4;NPR1;ADCY5;ADCY3;GUCY1A1
prerank,Golgi To Endosome Transport (GO:0006895),0.3749428450033212,0.9143673561831474,0.5895691609977324,0.7890720443642769,1.0,4/15,15.88%,SYS1;GBF1;RAB14;AP4M1
prerank,Regulation Of Protein Exit From Endoplasmic Reticulum (GO:0070861),-0.4229092480096642,-0.9142483194963782,0.5719237435008665,0.872455719102195,1.0,3/11,9.42%,TMEM30B;GCC2;INSIG1
prerank,Hippo Signaling (GO:0035329),-0.37834623370452003,-0.9142160776653637,0.5747330960854092,0.8719710172257238,1.0,11/17,33.95%,LATS2;LATS1;AMOTL1;AMOTL2;YAP1;FAT4;TEAD3;TEAD4;TEAD1;TEAD2;DCHS1
prerank,Cell-Cell Signaling By Wnt (GO:0198738),-0.3496534730191894,-0.9141872514510138,0.5834797891036907,0.8714774890559073,1.0,11/22,31.62%,FZD4;RAC3;CSNK1A1;PKD2;NXN;PKD1;DDX3X;STRN;KLHL12;FERMT2;WNT5A
prerank,Protein K11-linked Deubiquitination (GO:0035871),0.4560965390436708,0.9138256767535284,0.5875576036866359,0.7898084893884189,1.0,1/8,0.97%,OTUD7B
prerank,Plasma Membrane Bounded Cell Projection Assembly (GO:0120031),-0.23669603760125915,-0.9137178476843408,0.7003205128205128,0.8719695778105813,1.0,69/255,22.20%,FGD6;NELL1;FAM161A;CEP126;CDC14A;FGD5;INTU;PIBF1;IFT80;CPLANE1;BBS9;IFT81;CENPJ;WDPCP;CDH13;RHOD;CFAP54;CFAP70;KIT;GALNT11;IFT88;KIF3A;DYNC2H1;WDR19;FLNA;MRAP;TTC26;TTLL3;EMP2;GSN;KIF27;ARMC9;SNX10;ARL6;TTBK2;UBXN10;CEP83;PCNT;VSTM5;CEP164;RAPGEF6;IFT57;CFAP221;DMTN;TTC30A;DNMBP;AHI1;PARVB;CARMIL1;ARHGEF7;MTSS1;ABLIM2;SEPTIN6;CFAP58;CC2D2A;TEKT2;EHD1;IFT27;DNM3;FGD1;SCLT1;CEP290;STK36;CFAP20;WDR54;TMEM216;S1PR1;RAPGEF2;TTC21B
prerank,Positive Regulation Of Aspartic-Type Endopeptidase Activity Involved In Amyloid Precursor Protein Catabolic Process (GO:1902961),0.4678969975895188,0.9136802668920438,0.5852156057494866,0.78971720142722,1.0,1/6,2.73%,LYN
prerank,Pharyngeal Arch Artery Morphogenesis (GO:0061626),0.4919943486252372,0.9134206921954536,0.5934065934065934,0.7898471046706809,1.0,1/6,2.71%,TGFB2
prerank,Negative Regulation Of Mitotic Nuclear Division (GO:0045839),-0.45207494687148786,-0.9132599145945277,0.5963963963963964,0.8723898373889187,1.0,1/8,1.79%,BMP4
prerank,Positive Regulation Of Cellular Biosynthetic Process (GO:0031328),-0.25121249217654035,-0.9128305573227616,0.6660869565217391,0.8728032893677085,1.0,20/155,10.99%,PTGS2;PDGFRB;OGT;TYRP1;KLF2;ASS1;KLF4;PLD1;IFNG;CXCL8;PPARGC1A;INSR;HTR2A;PTH1R;IL6;FMR1;HBB;CTNNB1;NR1D1;SMOC2
prerank,Lactation (GO:0007595),0.4759247689587014,0.9124396611905797,0.5723684210526315,0.7914571070760679,1.0,3/6,14.19%,GPAT4;ZBTB7B;ERBB4
prerank,Response To Testosterone (GO:0033574),0.48146981180397397,0.912067841299792,0.5550847457627118,0.791803333165558,1.0,1/5,2.34%,SPP1
prerank,Regulation Of Ubiquitin Protein Ligase Activity (GO:1904666),-0.4184065520873329,-0.9113142030173328,0.6072106261859582,0.8755956289351844,1.0,3/11,30.77%,USP44;CDC14B;PTEN
prerank,Heart Process (GO:0003015),0.38904542412698956,0.9111822167012432,0.5714285714285714,0.7932477295757304,1.0,5/12,25.12%,ZNHIT1;RANGRF;FYN;PPCS;SOD1
prerank,Cellular Response To Catecholamine Stimulus (GO:0071870),-0.3618413989442809,-0.9111482586136121,0.6018348623853211,0.8754144228522078,1.0,2/18,1.70%,RYR2;NR4A3
prerank,Regulation Of Endothelial Cell Chemotaxis (GO:2001026),0.38671871501269806,0.9109434237205964,0.5720930232558139,0.7933589807876186,1.0,4/14,8.27%,TMSB4X;FGF2;SEMA5A;LGMN
prerank,Regulation Of Vascular Associated Smooth Muscle Cell Differentiation (GO:1905063),-0.4753553848365757,-0.9107311647322565,0.5634057971014492,0.8757620020646166,1.0,2/6,11.89%,KIT;NFATC3
prerank,Dorsal Aorta Morphogenesis (GO:0035912),-0.4825329519944015,-0.910450110971522,0.6017857142857143,0.8752748700087948,1.0,3/6,27.33%,ENG;RBPJ;DLL4
prerank,Dorsal Aorta Development (GO:0035907),-0.4825329519944015,-0.910450110971522,0.6017857142857143,0.8752748700087948,1.0,3/6,27.33%,ENG;RBPJ;DLL4
prerank,Positive Regulation Of Post-Transcriptional Gene Silencing By RNA (GO:1900370),-0.4218052060928843,-0.9104178329281595,0.5909090909090909,0.874790916621291,1.0,4/10,27.90%,FMR1;WTIP;FXR1;TIAL1
prerank,Ribosomal Large Subunit Assembly (GO:0000027),0.37343161751909915,0.9097861893662945,0.5688888888888889,0.795311258180586,1.0,6/13,31.31%,NOP53;RRS1;DHX30;RPF2;NOP2;PPAN
prerank,Positive Regulation Of Early Endosome To Late Endosome Transport (GO:2000643),0.434150703417713,0.9096422952130906,0.5665137614678899,0.7952062833557594,1.0,1/8,1.60%,EZR
prerank,Cell Surface Receptor Signaling Pathway Involved In Cell-Cell Signaling (GO:1905114),-0.33921869425655093,-0.9094575190501119,0.5776614310645725,0.8762919935203938,1.0,3/26,5.49%,BMP4;FZD4;RAC3
prerank,RNA 3'-End Processing (GO:0031123),0.3157087657670389,0.9093488095948058,0.5977777777777777,0.7954429069922937,1.0,6/32,13.12%,NUDT21;NCBP2;INTS7;USB1;INTS14;CSTF3
prerank,Regulation Of Nervous System Development (GO:0051960),0.29662816494242666,0.9092989360151786,0.6199095022624435,0.7951586998981236,1.0,7/40,9.94%,PTPRZ1;NKX6-2;TYMP;SIRT2;BHLHE41;TENM4;HES6
prerank,Response To Ketone (GO:1901654),0.3651791638098824,0.9091783325439846,0.6023529411764705,0.7950023363057034,1.0,4/17,9.87%,TGFB1;TGFB2;ABHD2;WBP2
prerank,Positive Regulation Of Glucose Import (GO:0046326),0.3611691375267534,0.9088057816848749,0.6284403669724771,0.7953614678860791,1.0,5/19,16.50%,IRS2;AKT1;CREBL2;OSBPL8;SORBS1
prerank,Purine Nucleotide Metabolic Process (GO:0006163),0.3176750355342307,0.9086626278890535,0.5916114790286976,0.7952721375742193,1.0,6/31,9.17%,NADK2;CD38;DNPH1;PPAT;PRPS1;G6PD
prerank,Protein K63-linked Deubiquitination (GO:0070536),0.30985727610449537,0.9083589508373378,0.6162280701754386,0.795507555019913,1.0,3/33,4.78%,OTUD7B;SHMT2;STAMBPL1
prerank,Response To Peptidoglycan (GO:0032494),0.4951802089144539,0.9081714219557765,0.5848214285714286,0.7955029187580277,1.0,2/5,8.10%,IRF5;RELA
prerank,Membrane Repolarization (GO:0086009),0.3748761010436091,0.9079784476782969,0.5633187772925764,0.7955136754993237,1.0,3/15,6.30%,KCNE3;ATP1B2;KCNQ1
prerank,Regulation Of Vasoconstriction (GO:0019229),-0.3524864890149937,-0.9076184990153875,0.6062846580406654,0.8797972853665947,1.0,7/23,17.97%,OXTR;ADRA1D;AVPR1A;BMPR2;AGTR1;CAV1;ATP2B1
prerank,Regulation Of Cardiac Muscle Cell Proliferation (GO:0060043),-0.3600412196771283,-0.9072659144539756,0.5804597701149425,0.8800398774869299,1.0,3/18,5.72%,ZFPM2;TBX2;TGFBR3
prerank,Positive Regulation Of Sterol Transport (GO:0032373),0.4862299864112468,0.9069276697384383,0.5787139689578714,0.7971914746554246,1.0,1/5,10.32%,CETP
prerank,Regulation Of AMPA Receptor Activity (GO:2000311),0.3333357553732863,0.9069261229526364,0.6052631578947368,0.7968022767168392,1.0,5/24,11.70%,NLGN2;SHISA9;NOL3;CACNG4;MEF2C
prerank,Natural Killer Cell Activation (GO:0030101),0.32685332574364323,0.9064014909388681,0.5897435897435898,0.7975162535022516,1.0,7/26,19.98%,BAG6;FCGR3A;CD244;NFIL3;RABL3;RASGRP1;PTPRC
prerank,Glycerolipid Metabolic Process (GO:0046486),0.42948311799088257,0.9062745229794182,0.5825892857142857,0.7974072713020292,1.0,2/9,8.16%,PGPEP1;PLA2G15
prerank,Carbohydrate Biosynthetic Process (GO:0016051),-0.344916740356901,-0.9062317406262204,0.6022099447513812,0.8818089066866526,1.0,6/23,18.24%,EXT1;ST6GALNAC5;FUT8;ST8SIA6;FUT9;FUT3
prerank,Regulation Of DNA Methylation-Dependent Heterochromatin Formation (GO:0090308),-0.3755960948393205,-0.9061030448043448,0.5985401459854015,0.8815500059197269,1.0,9/16,34.07%,TET1;TASOR;DYRK1A;ATF7IP;L3MBTL3;MPHOSPH8;TRIM28;ATF7IP2;PPHLN1
prerank,Peptidyl-Lysine Methylation (GO:0018022),0.3402713641367727,0.905794431087117,0.5714285714285714,0.7979401761648608,1.0,4/21,11.84%,METTL21A;SETD7;EHMT2;CSKMT
prerank,Positive Regulation Of Calcium Ion Import (GO:0090280),-0.45377057793971803,-0.9054498335071084,0.604735883424408,0.8824511547305148,1.0,2/7,9.81%,PDGFRB;CXCL12
prerank,Regulation Of Response To Biotic Stimulus (GO:0002831),0.3134076691860796,0.9054441520163827,0.5869074492099323,0.7982530327326413,1.0,11/31,22.29%,TREM2;RNF135;FCGR2B;FGR;ZMPSTE24;SAMHD1;HERC5;DAPK1;TRAF3;TKFC;ELMOD2
prerank,Acute-Phase Response (GO:0006953),0.4357680345634144,0.905167369009251,0.5904365904365905,0.7984240224004711,1.0,4/7,16.71%,CEBPB;APOL2;PLSCR1;SIGIRR
prerank,Regulation Of Osteoblast Proliferation (GO:0033688),0.3693694037638346,0.9047444963650096,0.5617977528089888,0.7988795965960618,1.0,6/16,9.86%,LTF;TMEM119;RHOA;HPSE;SOX8;PLXNB1
prerank,Fatty Acid Transmembrane Transport (GO:1902001),-0.4152237299874156,-0.904683509345225,0.6014625228519196,0.883572288515468,1.0,2/11,7.34%,ABCD2;CPT1A
prerank,Positive Regulation Of RNA Splicing (GO:0033120),-0.31897356332137816,-0.9044350130450571,0.6093189964157706,0.8835435993405779,1.0,7/32,18.54%,HNRNPLL;HSPA1A;TRA2A;NCBP1;RBM20;TRA2B;DYRK1A
prerank,Fucose Catabolic Process (GO:0019317),-0.4713422506957011,-0.904408017192842,0.5946902654867257,0.8819521488489381,1.0,3/6,16.77%,FUT10;FUT8;FUT9
prerank,L-fucose Metabolic Process (GO:0042354),-0.4713422506957011,-0.904408017192842,0.5946902654867257,0.8819521488489381,1.0,3/6,16.77%,FUT10;FUT8;FUT9
prerank,L-fucose Catabolic Process (GO:0042355),-0.4713422506957011,-0.904408017192842,0.5946902654867257,0.8819521488489381,1.0,3/6,16.77%,FUT10;FUT8;FUT9
prerank,Positive Regulation Of Nitrogen Compound Metabolic Process (GO:0051173),0.3175910879844988,0.9037824229463266,0.605427974947808,0.8004213208999474,1.0,5/30,6.04%,TGFB1;SLCO1C1;INHBA;AKT1;GATA3
prerank,Regulation Of Histone Deacetylase Activity (GO:1901725),0.48373396029334825,0.9031243693005911,0.5777310924369747,0.8013802233811758,1.0,2/5,18.23%,SIRT6;CAMK2D
prerank,Homologous Chromosome Pairing At Meiosis (GO:0007129),0.3546369675796068,0.9030014758166868,0.591792656587473,0.8012126245732469,1.0,6/18,19.63%,BAG6;STAG3;TEX15;TRIP13;SIRT7;PSMC3IP
prerank,Response To Interleukin-4 (GO:0070670),-0.4412437172630771,-0.9024594171223811,0.6259124087591241,0.885611682569106,1.0,1/8,0.19%,LEF1
prerank,Peptidyl-Arginine Modification (GO:0018195),-0.5116406853017761,-0.902248635454712,0.6021699819168174,0.8855383793878536,1.0,1/5,11.70%,PRMT8
prerank,Chromosome Organization (GO:0051276),-0.31987185662940143,-0.9022120054455982,0.5972222222222222,0.8850708648291621,1.0,12/31,29.00%,GEM;NUP155;LDB1;MSH2;LATS1;CENPW;TCF7L2;MYC;PRM2;KAT6A;AXIN2;CDCA8
prerank,Actin Filament Network Formation (GO:0051639),0.4268138637077083,0.9021601761288705,0.6076233183856502,0.8025332459947346,1.0,3/8,11.35%,SPIRE1;COBL;LCP1
prerank,2-Oxoglutarate Metabolic Process (GO:0006103),-0.4004998618308643,-0.902127623517303,0.5973534971644613,0.8847092878315228,1.0,2/12,9.27%,GOT1;OGDHL
prerank,Manganese Ion Transport (GO:0006828),0.43607861336259934,0.9020612324972532,0.5881057268722467,0.8023417238388098,1.0,2/8,3.02%,SLC39A14;SLC11A1
prerank,Negative Regulation Of Reactive Oxygen Species Metabolic Process (GO:2000378),0.3703114323983022,0.9020121522889161,0.5896860986547086,0.8020345872168788,1.0,3/16,6.82%,SIRT2;ABCB7;ABCD1
prerank,"DNA Damage Response, Signal Transduction By P53 Class Mediator (GO:0030330)",0.30601838593712577,0.9019046848611105,0.6041189931350115,0.8018558330181891,1.0,6/32,16.70%,CDKN1A;BATF;MUC1;CASP2;TP53;CDKN1B
prerank,Monoacylglycerol Metabolic Process (GO:0046462),-0.44121718185384634,-0.9017563368726201,0.6022304832713755,0.8849649443561755,1.0,4/9,24.36%,PLA2G4A;DGAT2;ABHD16B;ABHD12B
prerank,Mitotic Metaphase Plate Congression (GO:0007080),0.284990954617369,0.9015931338766162,0.6423982869379015,0.8021129930769789,1.0,6/49,8.32%,KPNB1;CHMP2A;PSRC1;MAPRE1;CDC23;BECN1
prerank,Receptor Signaling Pathway Via STAT (GO:0097696),-0.332596610768543,-0.9015380118307338,0.601145038167939,0.8848865495455497,1.0,12/27,26.69%,PIAS1;IFNG;MYO1C;STAT6;JAK2;STAT5B;STAMBP;PKD2;CTR9;IFNAR2;STAT4;PKD1
prerank,Regulation Of ERAD Pathway (GO:1904292),0.40743130181024045,0.9008569617294582,0.5870967741935483,0.8032245236700546,1.0,3/10,5.28%,BAG6;UBXN1;RNF185
prerank,Chromatin Organization (GO:0006325),0.2319385500409186,0.900780273897116,0.7287671232876712,0.802977983262489,1.0,34/229,15.53%,HDGF;COPRS;SSRP1;PARP10;YY1;TFPT;NUCKS1;CBX5;PADI2;INO80;ZNHIT1;DPF3;POLE3;SAFB;SETD7;SMARCB1;PHF19;CHD8;DPF2;CABIN1;ACTR8;CHD4;MTF2;FOXA1;CHTOP;SART3;BANF1;ACTL6A;HDAC2;HIRA;MTA2;NUDT5;RUVBL1;RSF1
prerank,Positive Regulation Of Smoothened Signaling Pathway (GO:0045880),-0.35941051160269555,-0.9006208479155419,0.6114180478821363,0.886363512473063,1.0,6/20,23.44%,SHH;SFRP1;TEDC2;TUBD1;STK36;EVC
prerank,Organelle Assembly (GO:0070925),-0.23114094763341617,-0.9005838971908293,0.7791798107255521,0.8858871454088926,1.0,94/290,28.30%,CD34;CHMP1B;FAM161A;AP1G1;CEP126;CDC14A;INTU;PIBF1;IFT80;CPLANE1;BBS9;IFT81;CENPJ;PDCD6IP;ATG2B;WDPCP;VPS36;CFAP54;CFAP70;GALNT11;IFT88;KIF3A;DYNC2H1;ULK1;WDR19;FLNA;WDR45;FMR1;TTC26;TTLL3;GSN;KIF27;STAM2;ARMC9;ATG5;SNX10;ARL6;TTBK2;UBXN10;UBQLN2;CEP83;PCNT;CEP164;IFT57;CFAP221;TTC30A;DNMBP;AHI1;CHMP5;SEPTIN6;CFAP58;CC2D2A;MAP1LC3C;TEKT2;CHMP2B;EHD1;TSG101;IFT27;SCLT1;UBXN2A;CEP290;MAP1LC3A;AP3M1;STK36;WIPI1;CFAP20;WDR54;TMEM216;TTC21B;ACTR2;YTHDF3;FXR1;IQCB1;RFX3;ULK2;RUFY4;TMEM67;AP3S2;RPGR;AVIL;AMBRA1;BBS5;CCDC66;TCTN1;DZIP1L;CCDC57;TMEM250;MBD1;B9D1;UNC119B;HSPB11;CDC14B;IFT172;TP53INP1
prerank,Inositol Phosphate Metabolic Process (GO:0043647),0.3437197091128974,0.9005278275989498,0.6244444444444445,0.8030923149590687,1.0,2/21,2.71%,ITPKB;NUDT3
prerank,Synaptic Membrane Adhesion (GO:0099560),0.3839370136706909,0.9002530321844975,0.5797752808988764,0.8032645602709289,1.0,1/12,0.85%,PTPRF
prerank,Negative Regulation Of Chondrocyte Differentiation (GO:0032331),0.387667266560134,0.9001528025143544,0.5862068965517241,0.8030792855020641,1.0,4/13,16.40%,RFLNB;EFEMP1;TGFBR1;GREM1
prerank,Regulation Of Hormone Secretion (GO:0046883),-0.4004403267409719,-0.8999342934853704,0.5889908256880734,0.8867448587185269,1.0,1/12,1.00%,EDN3
prerank,Positive Regulation Of Sodium Ion Transmembrane Transporter Activity (GO:2000651),0.3976485344156545,0.8998424505268795,0.5876993166287016,0.8032982129973245,1.0,2/11,2.43%,GLRX;CHP2
prerank,Regulation Of Telomerase Activity (GO:0051972),-0.30709603452483314,-0.8998057078712486,0.6144144144144145,0.8864581967145557,1.0,9/41,19.69%,MAP3K4;PARM1;KLF4;ATM;CTNNB1;PARN;PRKCQ;HSP90AA1;TNKS
prerank,Presynapse Organization (GO:0099172),0.3968308449375003,0.8996433381200871,0.594017094017094,0.80329687194118,1.0,2/11,10.18%,NLGN2;DVL1
prerank,Regulation Of Arp2/3 Complex-Mediated Actin Nucleation (GO:0034315),0.3471905921554806,0.899579280593658,0.5838926174496645,0.8030229355356047,1.0,4/22,9.09%,CORO1B;CYFIP1;GMFG;WASF2
prerank,Negative Regulation Of Potassium Ion Transmembrane Transport (GO:1901380),0.4163164765571483,0.8995359349526687,0.5900216919739696,0.8027188610712993,1.0,2/10,3.33%,BIN1;KCNE3
prerank,Mesenchymal Cell Migration (GO:0090497),-0.3187282654478728,-0.898768171711999,0.6241007194244604,0.8881547421047457,1.0,5/32,5.94%,SHH;NELL1;SEMA6C;SEMA3C;RADIL
prerank,Positive Regulation Of Lipase Activity (GO:0060193),0.43449325534798383,0.898582375671213,0.5612903225806452,0.8042664740474842,1.0,2/8,4.78%,RHOA;RHOC
prerank,Positive Regulation Of Gastrulation (GO:2000543),-0.4899604555742496,-0.8982923083962998,0.6294896030245747,0.8886024521610631,1.0,2/6,15.08%,SCX;OTX2
prerank,Mesonephros Development (GO:0001823),-0.4345784615435052,-0.8982871092371395,0.6090373280943026,0.8880619743772835,1.0,2/9,10.85%,FGF10;OSR2
prerank,Response To Organic Cyclic Compound (GO:0014070),0.2890065366411233,0.8982239685778786,0.6188235294117647,0.8045736665358818,1.0,5/50,4.50%,CCL2;TGFB1;SPP1;CLU;TP53I13
prerank,Aspartate Family Amino Acid Biosynthetic Process (GO:0009067),-0.47507946708771576,-0.8978127237618576,0.6055555555555555,0.888541525863418,1.0,2/6,7.39%,MTHFR;GOT1
prerank,Negative Regulation Of Gene Expression Via CpG Island Methylation (GO:0044027),0.48678439970841536,0.8976941333158591,0.611353711790393,0.8052075109141288,1.0,3/5,17.35%,USP7;HELLS;UHRF1
prerank,mRNA Transport (GO:0051028),0.2779526368380937,0.8975112279022537,0.6463963963963963,0.8051842415975127,1.0,6/55,12.90%,NCBP2;RBM8A;NOL3;GLE1;ALKBH5;CHTOP
prerank,Regulation Of Lymphocyte Migration (GO:2000401),0.39146204340913626,0.8971968728107215,0.5933333333333334,0.8053803055656263,1.0,5/11,22.76%,AKT1;STK10;SPN;SLC8B1;MSN
prerank,Negative Regulation Of Glial Cell Apoptotic Process (GO:0034351),0.4424358186004844,0.8971575189728885,0.6130346232179226,0.8050707264800046,1.0,3/7,16.32%,TREM2;PRKCD;PRKCA
prerank,Negative Regulation Of Cell-Cell Adhesion Mediated By Cadherin (GO:2000048),-0.45613322229457515,-0.8971057306174022,0.6054158607350096,0.8895067706725229,1.0,1/7,7.40%,EPCAM
prerank,Positive Regulation Of Proteasomal Ubiquitin-Dependent Protein Catabolic Process (GO:0032436),0.2645870850986626,0.89699274644931,0.6597701149425287,0.8050149252825921,1.0,13/79,11.32%,DNAJB2;CEBPA;SIRT2;CLU;GABARAP;TRIB3;RAD23A;SUMO2;SIRT6;RNF19A;PSMD10;DVL1;KEAP1
prerank,Histone H3 Acetylation (GO:0043966),0.3064141509679017,0.896892491326094,0.6485260770975056,0.804824054703397,1.0,8/35,17.01%,TAF10;POLE3;MAP3K7;TMEM98;SUPT7L;TAF12;WDR5;ENY2
prerank,Monocyte Chemotaxis (GO:0002548),-0.32430412386070817,-0.896561910728122,0.6408839779005525,0.8901483747955914,1.0,7/29,9.52%,CALCA;CCL4;S100A12;CTSG;IL6R;IL6;CCL14
prerank,Histone H2A Acetylation (GO:0043968),0.34818354143653596,0.8959204846370786,0.5952380952380952,0.8063408049264214,1.0,7/19,21.94%,VPS72;MRGBP;ACTL6A;RUVBL1;MEAF6;ING3;NAA40
prerank,Positive Regulation Of Morphogenesis Of An Epithelium (GO:1905332),0.3396585111762278,0.8958420511666938,0.5927601809954751,0.8061209672572078,1.0,4/22,8.24%,ITGAX;FGF2;SIRT6;SOX8
prerank,Regulation Of Establishment Of T Cell Polarity (GO:1903903),-0.49855899343961035,-0.8956524914632072,0.6187845303867403,0.8915546054240907,1.0,2/5,13.94%,GSN;RIPOR2
prerank,Positive Regulation Of RNA Binding (GO:1905216),-0.49864250585393033,-0.8955121770243758,0.6323268206039077,0.8913037726394578,1.0,2/5,12.52%,FMR1;NCBP1
prerank,Schwann Cell Development (GO:0014044),0.42825518569877985,0.8955093728533217,0.5938189845474614,0.8060057146216023,1.0,4/8,13.28%,CNTNAP1;SIRT2;ARHGEF10;SKI
prerank,Peripheral Nervous System Axon Ensheathment (GO:0032292),0.42825518569877985,0.8955093728533217,0.5938189845474614,0.8060057146216023,1.0,4/8,13.28%,CNTNAP1;SIRT2;ARHGEF10;SKI
prerank,Regulation Of Chaperone-Mediated Autophagy (GO:1904714),0.4632856406784155,0.89546059551151,0.5911016949152542,0.8057131471848569,1.0,2/6,8.63%,GFAP;SNCA
prerank,Regulation Of Monoatomic Anion Transport (GO:0044070),-0.4955248279903998,-0.8951964972647114,0.6273764258555133,0.8914216700139992,1.0,1/5,5.09%,ATP8B1
prerank,Regulation Of Autophagosome Assembly (GO:2000785),0.3062316193506108,0.895169063179446,0.6148325358851675,0.8059028796910541,1.0,2/37,2.83%,NUPR1;RAB1B
prerank,Regulation Of RNA Polymerase II Regulatory Region Sequence-Specific DNA Binding (GO:1903025),0.4339472785886409,0.8950619223443467,0.5934782608695652,0.8057435699888342,1.0,2/8,5.40%,TMSB4X;LAMTOR5
prerank,Response To Steroid Hormone (GO:0048545),0.32450638547613436,0.8947654216917534,0.6334056399132321,0.8059296241294994,1.0,5/27,9.87%,TGFB1;TGFB2;AKR1B1;ABHD2;WBP2
prerank,Regulation Of Lamellipodium Assembly (GO:0010591),0.32124245251421574,0.8945294529094514,0.6004618937644342,0.8059913992592511,1.0,7/29,9.11%,CYFIP1;ABI3;WAS;ACTR3;TWF2;WASF2;FSCN1
prerank,Multivesicular Body Organization (GO:0036257),0.31707893375250973,0.8945000250079909,0.6235565819861432,0.8056560699021007,1.0,8/29,16.67%,SNF8;CHMP2A;MVB12A;RAB27A;VPS37D;HGS;VPS37C;CHMP7
prerank,Presynaptic Membrane Assembly (GO:0097105),0.43232040436741553,0.8944580919761163,0.578838174273859,0.8053575618299982,1.0,1/8,4.37%,NLGN2
prerank,Regulation Of Mononuclear Cell Migration (GO:0071675),0.3399243908308323,0.8943931675496086,0.6091954022988506,0.8050940847731385,1.0,6/21,13.61%,LGALS3;LYN;PTK2;IL34;STK10;CSF1R
prerank,Regulation Of Mitotic Centrosome Separation (GO:0046602),-0.4729723877737201,-0.894349702805188,0.609981515711645,0.8926838969534526,1.0,1/6,5.23%,MAP9
prerank,Positive Regulation Of Pyruvate Dehydrogenase Activity (GO:1904184),-0.49603917319140345,-0.8942512395809014,0.638733705772812,0.892336240873657,1.0,3/5,25.24%,PDP2;PPM1H;PPM1J
prerank,Peroxisome Proliferator Activated Receptor Signaling Pathway (GO:0035357),0.4661331221946772,0.8938955127630502,0.6008492569002123,0.8057019442614957,1.0,2/6,9.34%,PPARG;RXRA
prerank,Mismatch Repair (GO:0006298),-0.3429531649626207,-0.8937564422557742,0.6088560885608856,0.8928302251811036,1.0,12/23,38.16%,MSH2;MLH3;RPA3;PMS1;MCM8;TDG;RNASEH2B;POLD3;XPC;TP73;MUTYH;RPA2
prerank,Regulation Of Opsonization (GO:1903027),0.46644064465502233,0.893735423363909,0.5976095617529881,0.805609795350412,1.0,1/6,3.18%,MYO18A
prerank,Negative Regulation Of Viral Process (GO:0048525),0.27492087094970225,0.8935351975971548,0.6702819956616052,0.805633960643526,1.0,20/56,24.17%,LTF;APOBEC3C;TNIP1;LARP7;PROX1;TRIM27;OASL;MAVS;PLSCR1;IFI16;BANF1;PPIA;OAS1;APOBEC3G;TRIM11;MX1;ZC3HAV1;IFIH1;CCL5;TRIM62
prerank,Positive Regulation Of Voltage-Gated Potassium Channel Activity (GO:1903818),0.4357385316101019,0.8931511391057847,0.5766871165644172,0.8060181722656907,1.0,1/7,0.50%,TREM2
prerank,Regulation Of Acute Inflammatory Response (GO:0002673),-0.3885810317621453,-0.8927852327381183,0.6062271062271062,0.8943802187795876,1.0,6/14,21.24%,IL6;DNASE1L3;KLKB1;IL4;PTGES;C2CD4B
prerank,Negative Regulation Of Intracellular Protein Transport (GO:0090317),0.33834576206949935,0.8924853861322193,0.625,0.8070004960446161,1.0,6/20,16.74%,LMAN1;SIRT6;RAB23;GDI1;RANGAP1;CHP1
prerank,Vesicle-Mediated Transport To The Plasma Membrane (GO:0098876),0.26823826001506146,0.892352725775481,0.6790123456790124,0.806875566956382,1.0,18/74,19.08%,RAB13;SNF8;STX12;EHD4;STX6;VPS51;LLGL1;ARF6;SNX12;SNX17;RAB14;HGS;WIPF3;SEC16A;GGA2;RAB11B;EXOC8;DENND1C
prerank,Protein Deacylation (GO:0035601),0.354969552542146,0.8913542052628145,0.5855263157894737,0.8084515615454346,1.0,5/17,18.60%,SIRT2;SIRT6;PPT1;ABHD17C;SIRT7
prerank,Positive Regulation Of Protein Localization To Membrane (GO:1905477),0.2639429840957256,0.8911798247113277,0.6952789699570815,0.8084045099324231,1.0,13/78,9.54%,RHOG;TREM2;ITGB2;LGALS3;AKT1;ARF6;FIS1;CIB1;STX4;MIEF2;STAC3;BBC3;RANGRF
prerank,Response To Fibroblast Growth Factor (GO:0071774),0.3475712088624994,0.8910475053670465,0.6343612334801763,0.8082738994189084,1.0,1/19,0.06%,CD44
prerank,Regulation Of Protein Ubiquitination (GO:0031396),0.25297987184098286,0.8910110238089157,0.696551724137931,0.8079653361326564,1.0,11/105,9.04%,ARRB2;LAPTM5;DNAJB2;FAM107A;NDFIP1;DERL1;AKT1;UBXN1;GTPBP4;PSMD10;TGFBR1
prerank,Regulation Of Interleukin-1-Mediated Signaling Pathway (GO:2000659),-0.4989249811950338,-0.8905822580169191,0.6361904761904762,0.8984779389930379,1.0,1/5,9.20%,IL6
prerank,Muscle Organ Development (GO:0007517),-0.29202361643017416,-0.8905542943813286,0.6365248226950354,0.8979822885800196,1.0,6/51,6.03%,DMD;LAMA2;CACNA1H;EGR3;TAGLN;UTRN
prerank,Mammary Gland Epithelium Development (GO:0061180),-0.3968265861922703,-0.8904136322057167,0.6399286987522281,0.8977419972791822,1.0,4/13,21.79%,WNT4;LATS1;JAK2;AKT2
prerank,Regulation Of Peptidyl-Lysine Acetylation (GO:2000756),-0.4174405099835562,-0.8903762455217544,0.6114180478821363,0.8972713353667491,1.0,2/10,12.87%,PRKAA1;PRKAA2
prerank,Cellular Response To Peptide Hormone Stimulus (GO:0071375),-0.26779674899648465,-0.8900043441005726,0.6867256637168142,0.8975060504267535,1.0,12/79,10.70%,TBC1D4;NR4A1;NR4A2;NR4A3;SLC30A10;INSR;C2CD5;GOT1;LPIN3;INSIG1;LHCGR;MYO5A
prerank,Positive Regulation Of Cell Cycle G2/M Phase Transition (GO:1902751),0.33354981024162794,0.8899897341446802,0.6241610738255033,0.8095683275818808,1.0,1/21,1.68%,TNFSF13B
prerank,Box C/D snoRNP Assembly (GO:0000492),0.44125544920861903,0.8897989173219097,0.5990990990990991,0.8095329233354273,1.0,2/7,15.35%,ZNHIT6;RUVBL1
prerank,Mesoderm Formation (GO:0001707),0.3522039261309886,0.8892611608681581,0.6281179138321995,0.8102140227302651,1.0,2/18,1.31%,CRB2;ITGB4
prerank,mRNA Destabilization (GO:0061157),-0.3048860446863568,-0.8892482196177965,0.6222627737226277,0.8985557182820779,1.0,14/40,24.60%,ROCK2;DIS3L2;RC3H2;RBM24;AGO3;MOV10;RIDA;METTL3;TUT4;AGO2;YTHDF3;TUT7;FXR1;METTL16
prerank,Modulation By Host Of Viral Genome Replication (GO:0044827),-0.350043588228937,-0.8889593198158214,0.6209964412811388,0.8986140127071099,1.0,7/19,23.04%,FBXL2;IFI27;FMR1;YTHDC2;EIF2AK4;SMC5;TBC1D20
prerank,Regulation Of Protein Localization (GO:0032880),-0.26214871421048214,-0.8886540738162767,0.6802721088435374,0.8987057607353323,1.0,21/86,20.91%,SHH;TRIM58;ADCYAP1;MAP2;GPC5;WDPCP;TRIM38;MAPK8;RAB11FIP5;VCPIP1;PRKAA1;CTNNB1;PRKAA2;KCNAB2;PIN1;ATCAY;GPC3;HSP90AA1;TRIM67;CEP290;KHDC3L
prerank,Regulation Of Mitotic Cytokinesis (GO:1902412),-0.473251702627494,-0.8885941869486678,0.6214689265536724,0.8983009241345798,1.0,2/6,14.78%,MAP9;DCDC1
prerank,Lipid Droplet Disassembly (GO:1905691),0.48577571792359986,0.8885904628513768,0.610738255033557,0.8111832242401097,1.0,1/5,1.66%,PLIN3
prerank,Cell Proliferation In Forebrain (GO:0021846),-0.4110001119039014,-0.8882810303414955,0.6125461254612546,0.8984003611068426,1.0,6/10,38.12%,HOOK3;MBD1;DOCK7;CEP120;NUMB;KIF14
prerank,Establishment Of Protein Localization To Membrane (GO:0090150),-0.2860377641611962,-0.8879152145316253,0.6883802816901409,0.8986436713577355,1.0,14/60,18.97%,REEP1;PARD3;EGFR;MYO1C;GRIN3B;RABGEF1;ARL6;TAOK2;FRMPD1;CHM;AQP11;GOLGA7B;ZDHHC3;ZDHHC23
prerank,Mitochondrial RNA Processing (GO:0000963),-0.43473612674651924,-0.887909217457364,0.6279863481228669,0.8981103996991963,1.0,3/8,23.78%,FASTKD1;FASTKD5;FASTKD2
prerank,Positive Regulation Of Calcium Ion Transmembrane Transporter Activity (GO:1901021),-0.3307883755936083,-0.8876582453759276,0.625,0.89807911843634,1.0,2/26,5.17%,RYR2;PPP3R1
prerank,miRNA Catabolic Process (GO:0010587),-0.4313264634024749,-0.8875560585697122,0.601018675721562,0.8977523140561486,1.0,3/8,19.92%,TENT4B;PARN;TUT4
prerank,Columnar/Cuboidal Epithelial Cell Differentiation (GO:0002065),-0.5010369051607388,-0.8875277996641444,0.6294896030245747,0.8972681001643841,1.0,4/5,31.60%,GATA6;FGF8;GATA5;NPY
prerank,Regulation Of Actin Filament Depolymerization (GO:0030834),-0.41857171182620584,-0.8875199456088834,0.6238003838771593,0.8967425191546451,1.0,1/10,0.52%,PLEKHH2
prerank,Positive Regulation Of p38MAPK Cascade (GO:1900745),0.3439544867346366,0.8873939047890016,0.576036866359447,0.8131375044901175,1.0,3/21,8.03%,SPI1;SORD;GADD45A
prerank,Negative Regulation Of Protein Tyrosine Kinase Activity (GO:0061099),0.3382756402118715,0.8873239063860621,0.6361746361746362,0.8128780750737954,1.0,5/21,13.66%,LILRB4;SOCS6;DUSP22;CBL;ZFYVE28
prerank,Plasma Membrane Repair (GO:0001778),-0.34844417958089785,-0.8869270923302209,0.647834274952919,0.8974719293935706,1.0,5/21,19.17%,CHMP1B;RAB3A;MYH9;CHMP5;CHMP2B
prerank,Organic Anion Transport (GO:0015711),-0.2747588184133555,-0.8867090214300543,0.6768953068592057,0.897398721068589,1.0,24/68,27.00%,ABCG2;SLC2A6;SLC19A1;SLC4A3;ABCC5;SLC4A10;SLC22A3;SLC26A7;SLC22A6;SLC26A5;SLC4A1;CYB5R1;SLCO2A1;SLC52A3;CA4;SLCO1A2;SLC44A4;SLC25A25;CPTP;LRRC8C;SLC35B3;SLC25A17;SLC25A4;SLC35C2
prerank,Positive Regulation Of Cell Cycle Phase Transition (GO:1901989),0.3693724238604169,0.8866425620711147,0.6160520607375272,0.8138451965307992,1.0,4/15,17.32%,CDC73;PHB2;DDRGK1;PEX2
prerank,Positive Regulation Of Ubiquitin Protein Ligase Activity (GO:1904668),-0.466020377167082,-0.8864912708425332,0.6153846153846154,0.897323078659829,1.0,2/6,30.77%,CDC14B;PTEN
prerank,Catecholamine Metabolic Process (GO:0006584),0.4077478209894897,0.8862254757002546,0.6058558558558559,0.8142849402506145,1.0,1/9,1.13%,COMT
prerank,"Nuclear-Transcribed mRNA Catabolic Process, Exonucleolytic (GO:0000291)",0.3524170794748092,0.8862249913146926,0.5978494623655914,0.8138985177430794,1.0,7/16,22.60%,EXOSC4;POLR2G;EXOSC7;EXOSC6;EXOSC3;DCPS;CNOT7
prerank,Icosanoid Transport (GO:0071715),-0.43344095170327335,-0.8862229377336301,0.6284153005464481,0.8973730882789788,1.0,5/9,20.34%,SLC22A2;SLC22A8;SLC22A6;SLCO2A1;ABCC11
prerank,Regulation Of Translation (GO:0006417),0.23295949318596224,0.886005309252661,0.7892030848329049,0.8139277213249575,1.0,39/174,20.80%,CAPRIN1;CYFIP1;MIF4GD;ZNF385A;NCBP2;SHMT2;SHMT1;POLDIP3;EIF3H;MAPKAPK5;SAMD4A;ELP4;YTHDF1;GIGYF2;CSDE1;EIF4H;LARP6;MTIF2;RBM3;EIF2B2;GUF1;MSI1;ETF1;EIF2S1;OGFOD1;YBX1;ELP3;MSI2;CSNK2A1;EIF4E2;DHFR;EEF2;EIF4A3;SOX4;PCIF1;TYMS;PLXNB2;DAPK1;MTPN
prerank,Protein Localization To Endosome (GO:0036010),0.44842000336251675,0.8858092454343942,0.6,0.8139328190116963,1.0,1/7,1.21%,RCSD1
prerank,Negative Regulation Of Reactive Oxygen Species Biosynthetic Process (GO:1903427),-0.4504808151767299,-0.8858022043316026,0.6181172291296625,0.8977193619388133,1.0,2/7,10.39%,ABCD2;PAGE4
prerank,Axon Development (GO:0061564),-0.2639519725759913,-0.8855836814257878,0.6989795918367347,0.8976345971639135,1.0,19/90,13.73%,PARD3;NEFH;SLITRK4;PAK3;CDK5R1;RAB3A;NMNAT2;RTN4RL1;APLP2;AMIGO1;ISL1;ATL1;CTNNA2;APP;TAOK2;NEUROD2;BRSK1;CNTN4;SLITRK1
prerank,Positive Regulation Of Double-Strand Break Repair Via Homologous Recombination (GO:1905168),0.30352341690367834,0.8853919419417816,0.6168831168831169,0.8143590787160758,1.0,6/35,15.35%,WAS;VPS72;MRGBP;PARP1;ACTL6A;RUVBL1
prerank,Establishment Of Centrosome Localization (GO:0051660),-0.4874155818461797,-0.8851032252224615,0.6247723132969034,0.8980955597823443,1.0,2/5,10.27%,PARD3;PARD3B
prerank,Oxygen Transport (GO:0015671),-0.4728332829155508,-0.8849231706520512,0.6274864376130199,0.897946281029593,1.0,2/6,10.41%,HBD;HBB
prerank,Positive Regulation Of Intracellular Protein Transport (GO:0090316),0.24398422732280906,0.8845802556917068,0.7517401392111369,0.8155856294287501,1.0,18/122,11.34%,TOMM7;HCLS1;ITGB2;SORL1;TGFB1;CHP2;OAZ2;PRR5L;RAB29;FIS1;SIRT6;CIB1;MIEF2;BBC3;YWHAE;ERGIC3;PRKCD;MIEF1
prerank,Positive Regulation Of Striated Muscle Contraction (GO:0045989),-0.46676658230468826,-0.884255599420324,0.6525735294117647,0.8988096930649414,1.0,3/6,22.50%,CHGA;ATP2A1;RGS2
prerank,Regulation Of NMDA Receptor Activity (GO:2000310),0.37020146958376754,0.8842262651507073,0.6413793103448275,0.8158715888301529,1.0,5/15,20.71%,CCL2;PTK2B;MEF2C;EPHB2;DAPK1
prerank,Male Gonad Development (GO:0008584),0.3125339607048043,0.8838261558046929,0.6283185840707964,0.8162711446469363,1.0,6/31,9.90%,TGFB2;INHBA;AKR1B1;GATA3;SOX8;CSDE1
prerank,Lymphocyte Differentiation (GO:0030098),0.2612408061948972,0.883797612111794,0.6742081447963801,0.8159411121285957,1.0,8/70,6.38%,PTPRJ;IKZF1;PTPN2;LYL1;CD4;CLCF1;GATA3;SLC39A7
prerank,Negative Regulation Of T-helper Cell Differentiation (GO:0045623),-0.43044331572822514,-0.8837353981669867,0.6332116788321168,0.8993510084688202,1.0,5/9,31.10%,RC3H2;IL4;TBX21;TNFSF4;SOCS5
prerank,Positive Regulation Of Mitotic Cell Cycle (GO:0045931),0.32512839752912776,0.883477405571848,0.6108597285067874,0.8161670438103548,1.0,4/25,11.68%,EIF4EBP1;LGMN;DUSP3;FOXA1
prerank,Valine Metabolic Process (GO:0006573),0.47379939170527324,0.8832158994334751,0.5895691609977324,0.8162807695435383,1.0,1/5,10.94%,ILVBL
prerank,Regulation Of Transcription From RNA Polymerase II Promoter In Response To Hypoxia (GO:0061418),0.4364070505202392,0.8830814972803502,0.5901287553648069,0.8161579454904387,1.0,1/7,3.06%,SIRT2
prerank,Regulation Of Autophagy (GO:0010506),-0.23150554505094353,-0.8826836853675953,0.7736757624398074,0.9010219647643265,1.0,40/220,15.71%,DCN;LEPR;ITPR1;UCHL1;TRIM58;EEF1A2;CDK5R1;MET;IFNG;FBXL2;PIK3R4;USP13;TRIM38;NPRL3;MAPK8;ATM;EXOC4;PRKAA1;RPTOR;ULK1;DAPK2;TRIM32;ORMDL3;USP36;MLST8;DNM1L;PRKAA2;USP33;UBQLN2;PIM2;KAT8;MID2;RNF152;TRIM23;ATP6V1G2;WAC;PIK3CB;GSK3B;EXOC7;EIF4G3
prerank,Cellular Response To Heat (GO:0034605),0.3079101507977408,0.8826127303917365,0.643956043956044,0.816687714297289,1.0,5/33,14.16%,HMOX1;SLU7;FGF1;YWHAE;IER5
prerank,T Cell Proliferation (GO:0042098),0.37973060345568305,0.8824357241348355,0.6066666666666667,0.8166378475684739,1.0,2/13,3.02%,LILRB1;SLC11A1
prerank,Type II Interferon-Mediated Signaling Pathway (GO:0060333),-0.42340614526030934,-0.8819628142417866,0.6206225680933852,0.9019431844303848,1.0,5/9,38.74%,IFNG;JAK2;IFNGR1;SP100;IRF1
prerank,Cellular Lipid Catabolic Process (GO:0044242),-0.3395546090611687,-0.8812773549593187,0.6490299823633157,0.9028166523975341,1.0,4/21,9.26%,PLD1;ACADL;LPIN3;CYP1B1
prerank,Positive Regulation Of Axonogenesis (GO:0050772),-0.3130304607360706,-0.8806697074473816,0.6777777777777778,0.9035677727232883,1.0,8/33,16.74%,SLIT2;NGF;PLXNA2;RUFY3;LIMK1;PLXNA4;SLITRK1;ROBO1
prerank,Response To Amino Acid Starvation (GO:1990928),0.28722959744544807,0.8805880622018686,0.6769911504424779,0.8198165278085163,1.0,4/38,6.91%,CDKN1A;TFEB;FAS;MAP3K5
prerank,Regulation Of Respiratory Burst (GO:0060263),0.4227664119836131,0.880284225394995,0.5977777777777777,0.8200308656268578,1.0,3/8,19.07%,IGHA1;RAC2;CLEC7A
prerank,Phosphatidylglycerol Acyl-Chain Remodeling (GO:0036148),-0.5009815268088542,-0.8801332717150796,0.6459854014598541,0.9041672119030044,1.0,2/5,22.91%,PLA2G4B;MBOAT2
prerank,Regulation Of Mitotic Cell Cycle Spindle Assembly Checkpoint (GO:0090266),-0.35549877081162634,-0.8800793944033644,0.644927536231884,0.9037421623718169,1.0,3/17,16.96%,DUSP1;DYNC1LI1;USP44
prerank,Electron Transport Chain (GO:0022900),0.3707699311345526,0.879970882520534,0.6190476190476191,0.8202569659544244,1.0,3/13,9.95%,NDOR1;DHRS2;SDHA
prerank,Negative Regulation Of Transposition (GO:0010529),0.3414349740784146,0.8794699029912438,0.6537585421412301,0.8207994932224828,1.0,4/20,10.05%,APOBEC3C;SPOCD1;SIRT6;TEX15
prerank,Regulation Of Transcription Involved In G1/S Transition Of Mitotic Cell Cycle (GO:0000083),-0.3571853715301841,-0.8794148611113537,0.6275862068965518,0.9045684214592896,1.0,6/18,29.61%,NPAT;KLF11;HINFP;CDK5;E2F1;GFI1
prerank,Regulation Of Dopamine Metabolic Process (GO:0042053),0.4552427628154637,0.8788756767047647,0.6180257510729614,0.8215464304485249,1.0,1/6,0.83%,ITGB2
prerank,Actin-Mediated Cell Contraction (GO:0070252),-0.4369720566626409,-0.8786909130275967,0.635036496350365,0.9055181926759435,1.0,4/8,10.79%,EPDR1;CCDC88C;EMP2;GSN
prerank,Positive Regulation Of JUN Kinase Activity (GO:0043507),-0.3207133232759641,-0.878488054546358,0.6714031971580817,0.9053864323712226,1.0,2/28,1.64%,MAP3K4;MAP3K12
prerank,Phospholipid Dephosphorylation (GO:0046839),-0.31633035466669346,-0.878465687619231,0.6469500924214417,0.9048882568196658,1.0,7/30,14.90%,SYNJ1;PLPP3;SGPP2;SYNJ2;PLPP1;MTMR6;PLPPR4
prerank,Regulation Of Phospholipase Activity (GO:0010517),0.40183545451404007,0.8784203246893942,0.6394849785407726,0.82202582050627,1.0,4/10,17.00%,APOC2;SNCA;FGFR2;RASGRP1
prerank,Neuromuscular Process Controlling Balance (GO:0050885),0.4150489117177629,0.8783438716120654,0.6040268456375839,0.8217887757227104,1.0,2/8,8.99%,TPP1;CLN3
prerank,Positive Regulation Of Pinocytosis (GO:0048549),0.48182781646028827,0.878291277568525,0.6341991341991342,0.821487154197116,1.0,2/5,8.99%,PPT1;CLN3
prerank,Midbody Abscission (GO:0061952),-0.38001296973206616,-0.8781276406715338,0.6442307692307693,0.9050749711485098,1.0,2/15,5.44%,CHMP1B;PDCD6IP
prerank,"Neurotransmitter Receptor Transport, Postsynaptic Endosome To Lysosome (GO:0098943)",-0.47625595660942754,-0.8777732892897298,0.6382575757575758,0.9052749298798223,1.0,1/6,3.97%,CACNG2
prerank,Myelination In Peripheral Nervous System (GO:0022011),0.3861591614114004,0.8774971161560913,0.6355353075170843,0.8226510899728897,1.0,4/12,13.28%,CNTNAP1;SIRT2;ARHGEF10;SKI
prerank,Positive Regulation Of Telomere Maintenance Via Telomere Lengthening (GO:1904358),-0.31644276283002193,-0.8772375948801107,0.6456140350877193,0.90583956690914,1.0,7/30,19.69%,MAP3K4;ATR;ATM;CTNNB1;PARN;PRKCQ;TNKS
prerank,Negative Regulation Of Biosynthetic Process (GO:0009890),0.3733314598912385,0.877212340557869,0.6173913043478261,0.8228087677079261,1.0,3/12,6.82%,EMILIN1;GSTP1;ABCD1
prerank,Negative Regulation Of Vascular Associated Smooth Muscle Cell Differentiation (GO:1905064),-0.4449331873839294,-0.8772066452155922,0.6234234234234234,0.905354270059627,1.0,2/7,11.89%,FGF9;NFATC3
prerank,Activation Of GTPase Activity (GO:0090630),-0.2615082634583231,-0.8763653818192715,0.7228070175438597,0.9065291384851681,1.0,21/89,20.47%,ARHGAP29;NTRK3;TBC1D4;BCAS3;USP6NL;TBC1D3E;EVI5;TBC1D8B;ECT2;TBC1D30;TBCK;TBC1D8;TBC1D12;SYDE1;ARHGAP42;TBC1D13;RALGAPB;RAP1GAP2;ARHGEF15;RALGAPA2;TBC1D7
prerank,Potassium Ion Export Across Plasma Membrane (GO:0097623),-0.40698304540605457,-0.8763028655739854,0.6353166986564299,0.9060952652535567,1.0,2/10,10.56%,KCNT2;KCNH2
prerank,Positive Regulation Of Lipid Localization (GO:1905954),0.40722289854178795,0.8761563919628882,0.5835140997830802,0.8244205407130492,1.0,3/9,12.37%,C3;LCP1;HILPDA
prerank,Regulation Of Double-Strand Break Repair (GO:2000779),0.253183063105491,0.8759065296200785,0.735632183908046,0.8245012120081656,1.0,11/85,10.05%,WAS;SPIRE1;VPS72;DPF3;PPP4R2;MRGBP;SIRT6;SMARCB1;PPP4C;DPF2;TEX15
prerank,Prostanoid Biosynthetic Process (GO:0046457),0.37430041738367875,0.8758793865262408,0.6356275303643725,0.8241689684202339,1.0,5/12,9.76%,CD74;DAGLB;PTGS1;PNPLA8;PRXL2B
prerank,Cristae Formation (GO:0042407),-0.40618196224214503,-0.8758620629136871,0.6352313167259787,0.9064939440356306,1.0,4/11,20.08%,DNAJC11;APOOL;CHCHD6;SLC25A46
prerank,snRNA Modification (GO:0040031),0.47369751658561876,0.8756039704593235,0.6043010752688172,0.8242859586110404,1.0,1/5,6.23%,NHP2
prerank,Hepaticobiliary System Development (GO:0061008),0.343327385724825,0.8755821415808426,0.6373626373626373,0.8239427973639809,1.0,4/19,7.88%,XBP1;CEBPA;COBL;PROX1
prerank,Carnitine Metabolic Process (GO:0009437),0.40672353116672844,0.875451158765119,0.616557734204793,0.8238077859758968,1.0,1/9,3.24%,BBOX1
prerank,Regulation Of Potassium Ion Export Across Plasma Membrane (GO:1903764),0.4566370779548635,0.8752882277975585,0.6008583690987125,0.8237295035168085,1.0,1/6,3.33%,KCNE3
prerank,tRNA Wobble Uridine Modification (GO:0002098),0.3684248226071941,0.8752140807471822,0.6285046728971962,0.8234906198340323,1.0,6/15,23.44%,ELP4;MTO1;URM1;ELP3;ELP5;MOCS3
prerank,Protein Targeting To ER (GO:0045047),0.33720528713762665,0.8749775201289436,0.6292906178489702,0.8235550632065304,1.0,7/20,28.34%,MAN1A1;SEC62;ZFAND2B;SEC61G;SEC61A1;SRP54;CHMP4A
prerank,Response To Vitamin D (GO:0033280),0.4349328623184033,0.8739036666033609,0.6236559139784946,0.8252297735611501,1.0,1/7,2.34%,SPP1
prerank,Regulation Of Mammary Gland Epithelial Cell Proliferation (GO:0033599),0.4568651432894831,0.8738639797046335,0.6163522012578616,0.8249148179488445,1.0,3/6,21.66%,GATA3;DEAF1;ZNF703
prerank,Regulation Of T-helper 2 Cell Cytokine Production (GO:2000551),-0.4158968919887017,-0.8736931213870922,0.6376554174067496,0.9103952383209973,1.0,3/9,19.40%,IL6;IL4;TBX21
prerank,Negative Regulation Of T Cell Differentiation In Thymus (GO:0033085),0.4872646278445868,0.873615468311862,0.6123348017621145,0.825000526840875,1.0,2/5,13.59%,PTPN2;TMEM131L
prerank,Spermatid Development (GO:0007286),-0.3120117654835084,-0.873605201887633,0.6577540106951871,0.9100249074985983,1.0,12/32,26.71%,IQCN;JAM2;YTHDC2;EIF4G3;PLD6;KAT5;SPANXB1;FXR1;CFAP73;FNDC3A;PRM2;SPINK2
prerank,Positive Regulation Of T-helper Cell Differentiation (GO:0045624),-0.39888548846460425,-0.8735250503289569,0.6313799621928167,0.9096386357933165,1.0,5/11,31.10%,NFKBIZ;NFKBID;TNFSF4;MALT1;SOCS5
prerank,Regulation Of Transforming Growth Factor Beta Receptor Signaling Pathway (GO:0017015),-0.2516228449310148,-0.8733885347285828,0.7543859649122807,0.9093723953805594,1.0,23/105,18.74%,OGT;TNXB;ASPN;WFIKKN1;CREBBP;HSPA1A;LATS2;SMAD4;TGFB1I1;SMURF2;LATS1;PMEPA1;WFIKKN2;ADAMTSL2;ENG;ARID4B;RNF111;SMAD6;TET1;BMP2;CAV1;PIN1;ITGA3
prerank,Intraciliary Retrograde Transport (GO:0035721),-0.4102226364765791,-0.87315031861451,0.6294964028776978,0.9093142329667123,1.0,3/10,22.20%,DYNC2H1;WDR19;TTC21B
prerank,Regulation Of Protein Import Into Nucleus (GO:0042306),0.29224632755992397,0.8731108638774575,0.691764705882353,0.8255884996310712,1.0,6/35,10.58%,HCLS1;TGFB1;CHP2;SIRT6;RAB23;PRKCD
prerank,Negative Regulation Of Programmed Necrotic Cell Death (GO:0062099),0.40145902235753766,0.8730583245696927,0.6201716738197425,0.8253076683511745,1.0,1/10,0.55%,NUPR1
prerank,Positive Regulation Of Stem Cell Population Maintenance (GO:1902459),-0.2981263486222171,-0.8729801612240237,0.6619964973730298,0.9091248179433025,1.0,9/40,15.69%,OGT;BICRAL;ACTL6B;NCOA3;SS18;SMARCA4;PHF10;ARID4B;TET1
prerank,Cellular Response To Increased Oxygen Levels (GO:0036295),0.39338507137168344,0.8724393922347462,0.6303317535545023,0.8261126142627041,1.0,2/10,18.03%,FAS;TMEM199
prerank,Programmed Necrotic Cell Death (GO:0097300),-0.3904740537276234,-0.8716537766058434,0.6325757575757576,0.9113524939357093,1.0,4/11,15.50%,RIPK1;MLKL;DNM1L;TRPM7
prerank,DNA Damage Response (GO:0006974),0.21331727271105555,0.8715342901148102,0.8960674157303371,0.827447756416569,1.0,52/357,15.00%,USP47;SFN;TNFSF13B;NUDT1;ZNF385A;UNG;BCL2L1;YY1;PAXX;CDKN1A;LYN;CBX5;INO80;NSMCE4A;BATF;BCL2A1;MAPK12;IRF7;BAX;POLE3;REXO4;FANCF;BACH1;DDB1;NSMCE1;SETD7;BID;GADD45A;PARP1;CIB1;WDR76;TOP2A;FSCN1;BOK;ALKBH7;PRKCD;ZNF668;APEX1;MAPKAPK2;MICA;CASP2;FNIP2;ENDOG;MACROD1;XRCC3;BAK1;IRF3;TP53;RAD51D;BCL2L2;SAMHD1;MSH6
prerank,Anterograde Axonal Transport (GO:0008089),-0.30052353943628723,-0.871445930408424,0.6811091854419411,0.9112056492422933,1.0,5/38,11.37%,NEFL;AP3B2;KIF5A;KIF3A;TRAK2
prerank,Positive Regulation Of Granulocyte Chemotaxis (GO:0071624),0.3390179712987888,0.871334072954502,0.6441441441441441,0.8274368707898414,1.0,2/20,2.65%,CD74;NCKAP1L
prerank,Negative Regulation Of Intracellular Transport (GO:0032387),-0.4781198559593639,-0.8711407457944107,0.64030131826742,0.9112959263714255,1.0,2/5,9.42%,PLN;INSIG1
prerank,Dendritic Cell Migration (GO:0036336),0.3483854523101987,0.8709490129364778,0.6148936170212767,0.8277621740791734,1.0,2/17,6.16%,CLU;CCR1
prerank,Regulation Of Platelet Activation (GO:0010543),0.3176115635207161,0.8707721888080114,0.6375838926174496,0.8277049980812429,1.0,5/25,6.60%,SYK;LYN;FCER1G;PDGFA;PLEK
prerank,Substrate Adhesion-Dependent Cell Spreading (GO:0034446),0.2983119876185586,0.8707091275019988,0.6813186813186813,0.8274408430813389,1.0,4/36,5.55%,PARVG;TYRO3;RHOA;FERMT3
prerank,Negative Regulation Of Fat Cell Differentiation (GO:0045599),-0.31727074266459915,-0.8705770836512068,0.6769759450171822,0.9118686082982119,1.0,8/29,16.18%,TRIB2;ANKRD26;IL6;RUNX1T1;TRIO;BMP2;YAP1;ASXL1
prerank,Regulation Of Mitochondrial Fission (GO:0090140),-0.33958874925194915,-0.8705360131208465,0.6515426497277677,0.9114213158811932,1.0,4/22,8.23%,DCN;KDR;MCU;DDHD1
prerank,Histone mRNA Metabolic Process (GO:0008334),0.34112862563442037,0.8705136060885128,0.6673684210526316,0.8274282940114969,1.0,3/21,9.28%,NCBP2;EXOSC4;CPSF3
prerank,Regulation Of Vascular Wound Healing (GO:0061043),-0.43168894384965517,-0.870497258227795,0.6517690875232774,0.9109661596197057,1.0,2/7,10.99%,FOXC2;SMOC2
prerank,Telencephalon Cell Migration (GO:0022029),-0.4844567887050674,-0.8704219440882703,0.660952380952381,0.9105855676493066,1.0,3/5,34.35%,FGF13;LRRK2;HTR6
prerank,Positive Regulation Of Transcription By RNA Polymerase III (GO:0045945),-0.3808324823241689,-0.8703223192580861,0.6517857142857143,0.9102665841060896,1.0,4/14,18.81%,RPTOR;ICE2;ZC3H8;SF3B1
prerank,Negative Regulation Of RNA Metabolic Process (GO:0051253),-0.42759152001335154,-0.8702611805274574,0.6428571428571429,0.9098459451779446,1.0,2/9,9.66%,PTBP1;PTBP2
prerank,Regulation Of RNA Biosynthetic Process (GO:2001141),-0.42837060562409746,-0.8702370735041377,0.6607495069033531,0.9093548664966487,1.0,1/8,5.24%,CXCL8
prerank,Negative Regulation Of Proteasomal Ubiquitin-Dependent Protein Catabolic Process (GO:0032435),0.30930562379603616,0.8702208675638857,0.6964285714285714,0.8276017996227036,1.0,4/29,6.93%,BAG6;USP7;UBXN1;EIF3H
prerank,Bone Resorption (GO:0045453),0.4494906924900766,0.8702174302078756,0.6084070796460177,0.8272240162880415,1.0,2/6,8.36%,TPP1;PTK2B
prerank,Long-Chain Fatty Acid Metabolic Process (GO:0001676),0.2781158304975445,0.8700309377590488,0.7040572792362768,0.8271896856912171,1.0,17/55,19.43%,DAGLB;ALOX5;GPX4;GSTP1;ACAA1;ALOX15B;PNPLA8;ACAD9;LTC4S;AIG1;ACSBG1;CYP4F11;DAGLA;ACSL1;FAAH;SCP2;RAPSN
prerank,Negative Regulation Of Double-Strand Break Repair (GO:2000780),-0.3156366039480826,-0.8699898637580459,0.6585365853658537,0.9093325749924354,1.0,5/31,13.64%,SMCHD1;RNF169;TWIST1;TRAPPC13;RMI2
prerank,Cellular Response To pH (GO:0071467),0.35814387474597675,0.8699602997817544,0.600451467268623,0.8269381723265768,1.0,3/15,4.77%,ASIC1;PKD2L1;HVCN1
prerank,Regulation Of Lipid Transport (GO:0032368),0.41225774988069697,0.869573354020968,0.6431818181818182,0.8273382340043353,1.0,1/9,6.89%,SURF4
prerank,Secondary Alcohol Biosynthetic Process (GO:1902653),-0.338294468302792,-0.8694095591495945,0.6576576576576577,0.9099573418911208,1.0,5/22,13.14%,FDFT1;INSIG1;HMGCR;DHCR7;CYP51A1
prerank,Regulation Of Vesicle Size (GO:0097494),0.36711884352273316,0.8692477155811718,0.6497890295358649,0.8275702574098374,1.0,3/14,17.20%,BLOC1S1;KXD1;SNAPIN
prerank,Alditol Metabolic Process (GO:0019400),0.44874306926419527,0.8687682121765163,0.618510158013544,0.8280761474111349,1.0,4/6,24.16%,SHPK;GCK;COQ2;GALK2
prerank,Regulation Of Axon Guidance (GO:1902667),0.4885236356317568,0.8687353468845548,0.6313559322033898,0.8277535397597093,1.0,2/5,8.52%,TUBB2B;YTHDF1
prerank,Positive Regulation Of Vascular Endothelial Cell Proliferation (GO:1905564),0.4174631786542492,0.8686537304770038,0.6454545454545455,0.8275353871216766,1.0,3/9,7.62%,FGF2;APLN;SIRT6
prerank,Autophagosome-Lysosome Fusion (GO:0061909),0.41982802897922133,0.8683275862213303,0.6283367556468172,0.8277730449927401,1.0,4/8,18.65%,PLEKHM1;CLN3;RUBCNL;PIP4K2B
prerank,Regulation Of Respiratory Gaseous Exchange (GO:0043576),-0.4614783046404429,-0.8682889666287662,0.6333973128598849,0.9117158355647842,1.0,1/6,4.71%,MTG1
prerank,Cardiac Atrium Morphogenesis (GO:0003209),-0.3737683613966473,-0.8682835935023869,0.6520947176684881,0.911184513013493,1.0,8/14,27.33%,SHOX2;ISL1;BMPR2;ENG;BMP2;NOG;NKX2-5;DLL4
prerank,Regulation Of Cellular Response To Heat (GO:1900034),-0.36007676847633474,-0.8682246986246057,0.6555555555555556,0.910755489316085,1.0,5/15,21.11%,CREBBP;ATR;GSK3B;CHORDC1;DNAJC2
prerank,Negative Regulation Of Cytoplasmic Translation (GO:2000766),-0.43041724706262385,-0.8678988399135398,0.6384180790960452,0.9109174991167148,1.0,3/8,10.34%,NMNAT2;RBM24;FMR1
prerank,Prostaglandin Biosynthetic Process (GO:0001516),0.3529286958757183,0.8677257160962025,0.6399176954732511,0.828555391666194,1.0,5/15,9.76%,CD74;DAGLB;PTGS1;PNPLA8;PRXL2B
prerank,Regulation Of Mitochondrial mRNA Stability (GO:0044528),-0.46174645310574425,-0.8677077050627547,0.6521739130434783,0.910775642862933,1.0,3/6,23.78%,FASTKD1;FASTKD5;FASTKD2
prerank,Regulation Of TORC1 Signaling (GO:1903432),0.28088980048389434,0.8677016935723847,0.665929203539823,0.8282102332364738,1.0,11/46,19.33%,GPR137B;STAMBPL1;LAMTOR5;NPC1;SEC13;RNF167;OTUD5;SMCR8;DEPDC5;WDR24;GPR137
prerank,Ubiquitin-Dependent Protein Catabolic Process Via The Multivesicular Body Sorting Pathway (GO:0043162),0.3029881378555549,0.8671108534138684,0.6590909090909091,0.8289078113537995,1.0,9/33,16.67%,SNF8;CHMP2A;MVB12A;RNF126;VPS37D;HGS;VPS37C;TOM1L1;CHMP7
prerank,Regulation Of Viral-Induced Cytoplasmic Pattern Recognition Receptor Signaling Pathway (GO:0039531),0.4291100402791401,0.8661453122364691,0.6180048661800487,0.8303651029906437,1.0,2/7,10.91%,SLC15A4;FLOT2
prerank,Anterior/Posterior Pattern Specification (GO:0009952),-0.2854079847644496,-0.8660954234197538,0.6774774774774774,0.9134992723228338,1.0,16/47,25.21%,HEYL;HES5;HOXB4;HOXB3;BMPR2;HOXC9;HES4;HOXD3;BMP2;HOXC5;BASP1;CER1;HOXC6;HOXB6;DDIT3;HOXA5
prerank,Positive Regulation Of Intracellular Transport (GO:0032388),0.2978622794381799,0.8659456702138051,0.6586433260393874,0.8303445856320661,1.0,4/33,5.64%,SORL1;OAZ2;PRR5L;RAB29
prerank,Nuclear RNA Surveillance (GO:0071027),0.3978426683326469,0.8658960565834057,0.6329670329670329,0.8300572867114095,1.0,3/10,12.43%,EXOSC4;EXOSC7;EXOSC6
prerank,Cellular Response To Salt (GO:1902075),-0.2514964308845568,-0.8658142562353336,0.7455516014234875,0.913527567794323,1.0,18/95,13.24%,SYT3;SYT2;SYT1;ROCK2;CACNA1H;SYT4;RYR3;CPNE6;CPNE9;SYT5;PRKAA1;RASGRP2;ECT2;SLC13A5;TRPV1;PRKAA2;EGR1;NEUROD2
prerank,Positive Regulation Of Vacuole Organization (GO:0044090),0.3369276901503399,0.8658097642960305,0.6205357142857143,0.8298394335181303,1.0,8/19,27.59%,GRN;PIP4K2B;MCOLN1;SNX18;RALB;ATG2A;SNX7;SNX4
prerank,Regulation Of Postsynapse Organization (GO:0099175),0.31951330497566127,0.8653574161092845,0.6727272727272727,0.8303071261208925,1.0,4/24,9.02%,ABI3;NOL3;CFL1;FCGR2B
prerank,Presynaptic Membrane Organization (GO:0097090),0.40460537588996937,0.8650689981453785,0.6226415094339622,0.8304583484026006,1.0,1/9,4.37%,NLGN2
prerank,Neuromuscular Process (GO:0050905),-0.36127460510731524,-0.8649584336330886,0.6324626865671642,0.914729698654529,1.0,4/16,10.04%,KCNA1;PRRT2;MYCBP2;STRA6
prerank,Myotube Differentiation (GO:0014902),-0.345940400652772,-0.8648334374304542,0.6631762652705061,0.9144547659302317,1.0,3/19,10.37%,CACNA1H;DOCK1;JAM2
prerank,Negative Regulation Of Autophagy (GO:0010507),0.2681907579740107,0.8647240562253402,0.7176470588235294,0.8307097140430004,1.0,16/57,23.49%,TREM2;NUPR1;SIRT2;SNCA;TRIM27;BMF;STK38L;BCL2;QSOX1;VHL;SMCR8;MCL1;RRAGC;TBC1D14;LZTS1;ZKSCAN3
prerank,DNA-templated DNA Replication Maintenance Of Fidelity (GO:0045005),-0.29178933962022674,-0.8646329340466167,0.6941838649155723,0.9143381512852559,1.0,17/42,33.73%,ATR;WRN;ZRANB3;ETAA1;FANCM;KHDC3L;SMARCAL1;EME1;POLE;FAM111A;MCM8;CAMSAP3;THOC1;SLFN11;TIPIN;ASF1A;EME2
prerank,poly(A)+ mRNA Export From Nucleus (GO:0016973),0.3498146413465455,0.8645988039255531,0.6391982182628062,0.8305665827268859,1.0,2/16,5.95%,POLDIP3;GLE1
prerank,Response To Interferon-Alpha (GO:0035455),-0.3538760137701912,-0.8645500465186269,0.6321626617375231,0.9139708876902578,1.0,5/17,24.82%,GAS6;PYHIN1;MX2;IFNAR2;IFITM1
prerank,Positive Regulation Of Hormone Secretion (GO:0046887),0.35897742128188787,0.8644473903913488,0.6344086021505376,0.8304764619042238,1.0,3/15,7.50%,PPARG;VAMP8;NMB
prerank,G Protein-Coupled Glutamate Receptor Signaling Pathway (GO:0007216),0.39162038986754505,0.8643163066382075,0.6479481641468683,0.8303335703272744,1.0,1/10,0.91%,HOMER3
prerank,Regulation Of mRNA Catabolic Process (GO:0061013),0.2710803040053614,0.8639198606589898,0.7020785219399538,0.8306785107383053,1.0,18/45,25.98%,CAPRIN1;RBM8A;PRR5L;YTHDF1;PRKCD;APEX1;MAPKAPK2;PRKCA;ZFP36L2;EIF4A3;KHSRP;ZC3HAV1;CNOT7;PUM2;YTHDF2;PUM1;MAGOH;MAGOHB
prerank,Negative Regulation Of Phosphoprotein Phosphatase Activity (GO:0032515),-0.3521608718798086,-0.863471579742599,0.6442831215970962,0.9156614424468724,1.0,9/18,24.71%,PPP4R4;ROCK2;PPP1R15A;MASTL;GSK3B;MGAT5;TNF;FKBP1B;CRY2
prerank,Choline Transport (GO:0015871),-0.46377180504626864,-0.8632911063131672,0.6611721611721612,0.9155023324959729,1.0,2/6,9.46%,SLC22A2;SLC5A7
prerank,Regulation Of Integrin Activation (GO:0033623),0.3594996319171013,0.8629203011891777,0.6422594142259415,0.8321442707344882,1.0,2/13,6.60%,PIEZO1;PLEK
prerank,Self Proteolysis (GO:0097264),-0.41825069036381934,-0.8628922557221084,0.6552346570397112,0.9157948106890272,1.0,2/9,14.05%,SHH;NLRP1
prerank,Regulation Of SNARE Complex Assembly (GO:0035542),-0.40049979181683704,-0.8627346121971272,0.6623853211009174,0.9155870374422662,1.0,3/12,6.13%,VPS39;VPS11;PRRT2
prerank,Free Ubiquitin Chain Polymerization (GO:0010994),0.4679727229525061,0.8626343939813257,0.6313559322033898,0.8322824912439647,1.0,1/5,5.60%,RNF135
prerank,Negative Regulation Of Translational Initiation (GO:0045947),0.38621505162229536,0.862625104777951,0.631578947368421,0.8319174535495525,1.0,2/11,9.98%,EIF4EBP1;EIF4EBP3
prerank,Detection Of Chemical Stimulus Involved In Sensory Perception Of Taste (GO:0050912),0.3835062182483261,0.8625125862463631,0.6517857142857143,0.8317664564029906,1.0,2/11,12.85%,PKD2L1;RTP5
prerank,Neural Crest Cell Migration (GO:0001755),-0.3008648105963163,-0.8624575617314877,0.7048300536672629,0.9155900773855157,1.0,5/35,5.94%,SHH;NELL1;SEMA6C;SEMA3C;RADIL
prerank,Sialylation (GO:0097503),0.4299820857665614,0.8615306976661082,0.6470588235294118,0.8332783966682838,1.0,2/7,15.31%,ST6GAL1;ST6GALNAC2
prerank,Negative Regulation Of Proteolysis Involved In Protein Catabolic Process (GO:1903051),0.33128487718628374,0.8611978197199323,0.6426966292134831,0.8335450550069569,1.0,3/19,16.67%,GABARAPL2;F8A1;CSNK2A1
prerank,Positive Regulation Of Focal Adhesion Disassembly (GO:0120183),0.4597218965314265,0.8610494324360262,0.6173913043478261,0.8330465381083325,1.0,2/5,10.26%,DUSP3;MAP4K4
prerank,Regulation Of Focal Adhesion Disassembly (GO:0120182),0.4597218965314265,0.8610494324360262,0.6173913043478261,0.8330465381083325,1.0,2/5,10.26%,DUSP3;MAP4K4
prerank,Regulation Of DNA Recombination (GO:0000018),0.29901810666485246,0.8608455903576476,0.6752136752136753,0.8330725856141938,1.0,6/32,15.00%,PPP4R2;SIRT6;PPP4C;TEX15;TERF2IP;MSH6
prerank,Protein auto-ADP-ribosylation (GO:0070213),0.3997274472928995,0.8605062496943592,0.6463700234192038,0.8333421700012869,1.0,1/10,1.81%,PARP10
prerank,Biogenic Amine Metabolic Process (GO:0006576),-0.3904805695878011,-0.8603697435147355,0.6624775583482945,0.919185321743148,1.0,3/11,9.70%,MAOA;SLC22A3;TRH
prerank,Amide Transport (GO:0042886),-0.31598492345382656,-0.8601607450552047,0.7106227106227107,0.9190645388159729,1.0,11/28,24.39%,ABCG2;SLC38A5;SLC19A1;CERT1;AQP8;ABCA13;AQP11;SLC1A1;SLC5A6;CPTP;ABCB9
prerank,Positive Regulation Of Respiratory Burst (GO:0060267),0.46034304189060843,0.8599009002964138,0.6381156316916489,0.8341304960045176,1.0,1/5,2.55%,IGHA1
prerank,Endodermal Cell Differentiation (GO:0035987),-0.31470340791077644,-0.8597713794552752,0.6962025316455697,0.9193195334925756,1.0,8/28,15.28%,COL11A1;COL6A1;LAMA3;COL12A1;COL7A1;LAMB1;LAMB3;COL8A1
prerank,Cellular Response To Cold (GO:0070417),-0.4761931320427242,-0.8597352530049733,0.6473880597014925,0.9188433342160724,1.0,4/5,42.95%,EIF2AK4;FOXO1;SAXO1;EIF2AK3
prerank,Positive Regulation Of Dendritic Spine Morphogenesis (GO:0061003),-0.45926212871397565,-0.8592881028027946,0.6636029411764706,0.9191934177932762,1.0,3/6,16.62%,CAPRIN2;DBN1;LRP8
prerank,Positive Regulation Of Glucose Transmembrane Transport (GO:0010828),0.32109280902390114,0.8590805534702772,0.6876456876456877,0.8352537937075749,1.0,3/24,5.03%,IRS2;C3;AKT1
prerank,Regulation Of Viral Genome Replication (GO:0045069),0.2633991061460639,0.8590168834533285,0.7139588100686499,0.8349874632554066,1.0,24/62,25.14%,LTF;APOBEC3C;TNIP1;RAD23A;DDB1;PROX1;STAU1;OASL;MAVS;PLSCR1;IFI16;BANF1;PPIA;TARBP2;OAS1;PPIE;APOBEC3G;MX1;ZC3HAV1;CNOT7;IFIH1;CCL5;PDE12;IFIT1
prerank,Regulation Of T Cell Differentiation (GO:0045580),-0.29351594973918754,-0.8589765099959223,0.7103448275862069,0.9192910021031556,1.0,19/41,29.12%,ARID1B;ACTL6B;CAMK4;SMARCC2;SMARCA4;PHF10;ZBTB1;KAT2A;IL4;METTL3;TBX21;SMARCD2;MDK;CD2;ARID2;SMARCA2;SMARCC1;CLPTM1;ZNF683
prerank,Response To Metal Ion (GO:0010038),0.26428090239124524,0.8586528966314292,0.713216957605985,0.8353092715210126,1.0,7/60,8.63%,AHCYL1;PPP2CB;HVCN1;ANXA11;HAMP;MELTF;SNCA
prerank,Positive Regulation Of Kidney Development (GO:0090184),-0.4547642320419187,-0.8583939265694994,0.6454720616570327,0.9199559529106681,1.0,3/6,24.67%,FOXD1;NOG;MYC
prerank,Regulation Of Leukocyte Proliferation (GO:0070663),0.45069981577602375,0.8583228660300154,0.6551724137931034,0.835538002013927,1.0,4/6,22.45%,GSTP1;CSF2RB;CSF2RA;HHEX
prerank,Regulation Of Glomerular Filtration (GO:0003093),-0.4664121970158822,-0.8577793080848282,0.6731517509727627,0.9206434162970142,1.0,1/5,2.43%,GAS6
prerank,Fc-epsilon Receptor Signaling Pathway (GO:0038095),-0.33291948048910003,-0.8577408649060633,0.6848816029143898,0.9201891672107059,1.0,5/22,7.61%,MAP2K4;NR4A3;SOS1;PLCG1;MAPK8
prerank,Embryonic Forelimb Morphogenesis (GO:0035115),-0.43374890135119076,-0.8576423518962143,0.6685499058380414,0.9198459341668411,1.0,4/7,32.25%,OSR2;NIPBL;TBX3;OXSR1
prerank,Positive Regulation Of Glycogen Biosynthetic Process (GO:0045725),0.3862068490499865,0.8573592785262272,0.6524663677130045,0.8369241226976922,1.0,3/10,16.50%,IRS2;GCK;SORBS1
prerank,Positive Regulation Of Protein-Containing Complex Disassembly (GO:0043243),-0.39771024190153104,-0.8572971577750513,0.6492537313432836,0.9199791783867547,1.0,3/10,20.85%,INSR;IGF1R;TNF
prerank,Steroid Metabolic Process (GO:0008202),0.2713540754792204,0.8572413552554976,0.7336448598130841,0.8367601452987735,1.0,9/53,9.02%,TSPO;CYP27A1;NPC1;ACAA1;RDH16;DHRS11;HSD17B14;LGMN;FDXR
prerank,tRNA Metabolic Process (GO:0006399),-0.35612123080387814,-0.8570615205111015,0.6684587813620072,0.9198900980677946,1.0,3/16,11.24%,FARS2;YARS2;POP1
prerank,Negative Regulation Of DNA Metabolic Process (GO:0051053),-0.31009145098919083,-0.85688950493885,0.6836363636363636,0.9197343639927732,1.0,9/32,18.25%,ATR;TSPYL2;DACH1;MSH2;ZRANB3;BMPR2;ANKRD1;ADIPOQ;GMNC
prerank,Aspartate Transmembrane Transport (GO:0015810),-0.42065656872281787,-0.8566039163918324,0.6607773851590106,0.9197663961704862,1.0,2/8,4.47%,SLC25A12;SLC1A2
prerank,Regulation Of Telomere Maintenance (GO:0032204),0.2873211680866563,0.8564292236379718,0.7389380530973452,0.8378912903648702,1.0,6/37,13.17%,NSMCE4A;USP7;NSMCE1;SIRT6;TINF2;TERF2IP
prerank,Positive Regulation Of T-helper 2 Cell Differentiation (GO:0045630),0.46264555833081905,0.8560888257106117,0.6619718309859155,0.8381360625084017,1.0,1/5,11.11%,NLRP3
prerank,Ceramide Transport (GO:0035627),-0.37791900099625475,-0.8560871955672247,0.6572504708097928,0.9202211796775551,1.0,1/12,0.06%,ABCB1
prerank,Base Conversion Or Substitution Editing (GO:0016553),0.3590999885510038,0.8558779114131116,0.648960739030023,0.8381557958329636,1.0,5/14,19.96%,APOBEC3C;RBM47;ADAR;ADARB2;APOBEC3G
prerank,Negative Regulation Of Sprouting Angiogenesis (GO:1903671),0.408424834971687,0.8548496106781511,0.6526548672566371,0.8396587229643895,1.0,2/9,4.58%,ALOX5;EPN1
prerank,Protein Localization To Ciliary Transition Zone (GO:1904491),-0.42521943950325836,-0.8548160786488611,0.6523364485981309,0.9221956255677102,1.0,3/7,32.16%,TCTN1;SPATA7;CC2D2B
prerank,Protein Modification By Small Protein Removal (GO:0070646),-0.2547993003249848,-0.8546489652804709,0.7760942760942761,0.9219747267326104,1.0,34/92,31.00%,UCHL1;SENP6;USP17L15;USP13;SENP7;SENP5;COPS8;VCPIP1;SENP1;USP25;USP31;USP36;USP33;USP37;USP45;USP44;JOSD1;STAMBP;USP28;YOD1;USP21;USP40;ZRANB1;USP17L3;USP49;USP17L2;USP14;USP27X;COPS3;USP35;USP5;USP10;RNF2;USP50
prerank,Regulation Of Ubiquitin-Protein Transferase Activity (GO:0051438),-0.31165118507177136,-0.8546200800204454,0.6797153024911032,0.921489757690268,1.0,12/28,34.98%,DCUN1D3;DCUN1D2;LIMK1;TOPORS;AXIN1;PIN1;FBXW7;ARRDC3;DCUN1D4;PINK1;DCUN1D5;UBE2L3
prerank,Negative Regulation Of Alcohol Biosynthetic Process (GO:1902931),0.3803751599724343,0.8543938332325159,0.6477024070021882,0.8401621954293906,1.0,2/11,6.60%,DKK3;PLEK
prerank,Protein Localization To Endoplasmic Reticulum (GO:0070972),-0.35528555785969496,-0.8542103478566834,0.6570915619389587,0.9217429139130245,1.0,2/15,6.89%,RYR2;PPP1R15A
prerank,Parallel Actin Filament Bundle Assembly (GO:0030046),-0.47157281721972333,-0.854138557009784,0.6797153024911032,0.9213554798691034,1.0,2/5,12.34%,USH1C;SPIRE2
prerank,Forelimb Morphogenesis (GO:0035136),-0.41665598182331137,-0.8538432059481196,0.6585365853658537,0.9214095572439093,1.0,4/8,32.25%,OSR2;NIPBL;TBX3;OXSR1
prerank,Negative Regulation Of Neuron Migration (GO:2001223),-0.4737836508909171,-0.8536840251291175,0.6579925650557621,0.9212037069410819,1.0,2/5,24.78%,COL3A1;TNN
prerank,Regulation Of ER To Golgi Vesicle-Mediated Transport (GO:0060628),0.4056721295530146,0.8535633920112026,0.664367816091954,0.8412996614072976,1.0,1/8,1.79%,SORL1
prerank,Endoplasmic Reticulum Mannose Trimming (GO:1904380),0.3703632179221117,0.8534274057384241,0.6426966292134831,0.8411661122058033,1.0,3/12,14.35%,RNF185;EDEM2;UGGT1
prerank,Negative Regulation Of Interleukin-8 Production (GO:0032717),0.3562615158111372,0.8532727404174407,0.676,0.8410810637716912,1.0,2/16,2.79%,OTUD7B;TMSB4X
prerank,Response To Epinephrine (GO:0071871),0.4290618244048961,0.8530884073653716,0.6405228758169934,0.840659088987765,1.0,3/7,8.63%,SIRT2;KCNQ1;SNCA
prerank,Cellular Response To Epinephrine Stimulus (GO:0071872),0.4290618244048961,0.8530884073653716,0.6405228758169934,0.840659088987765,1.0,3/7,8.63%,SIRT2;KCNQ1;SNCA
prerank,Negative Regulation Of Protein Maturation (GO:1903318),0.4243351483283605,0.85301260318642,0.6431818181818182,0.8404234098749471,1.0,2/7,15.44%,SNX12;SERPINE2
prerank,Negative Regulation Of Lymphocyte Apoptotic Process (GO:0070229),-0.436208485335032,-0.852767436292559,0.6696428571428571,0.92251454171679,1.0,3/7,16.69%,FOXP1;ORMDL3;PRKCQ
prerank,Protein Import Into Mitochondrial Matrix (GO:0030150),0.3487034914444369,0.8526323317683558,0.6735632183908046,0.8407438392990217,1.0,7/15,26.30%,ROMO1;TIMM17B;TOMM20;TIMM50;GRPEL2;TIMM21;TIMM44
prerank,Regulation Of Tyrosine Phosphorylation Of STAT Protein (GO:0042509),0.2787127926733454,0.8526276096808789,0.7318840579710145,0.8403717569759727,1.0,5/46,6.24%,HCLS1;LYN;PTPN2;CLCF1;TNFRSF1A
prerank,Regulation Of Collagen Biosynthetic Process (GO:0032965),-0.34867593855955403,-0.8525691478821373,0.6725352112676056,0.9223731824058921,1.0,4/18,9.20%,BMP4;SCX;WNT4;IL6
prerank,Late Endosome To Vacuole Transport (GO:0045324),-0.34800428558697116,-0.8520871119509799,0.6727272727272727,0.9227234341209877,1.0,2/18,4.56%,CHMP1B;PIK3R4
prerank,Telomere Maintenance Via Recombination (GO:0000722),-0.4080690210746956,-0.8520785876377384,0.6763110307414105,0.922205221874281,1.0,5/9,30.77%,NSMCE2;RAD50;SMC5;SMC6;PTEN
prerank,DNA Alkylation (GO:0006305),0.3539935603877621,0.852049343518302,0.6773504273504274,0.841063091160788,1.0,4/14,21.62%,SPOCD1;EHMT2;HELLS;GATAD2A
prerank,Histone Modification (GO:0016570),0.24480596754931516,0.8519447038189447,0.7748815165876777,0.8408654697322919,1.0,22/78,21.62%,TAF10;SIRT2;VPS72;MRGBP;SIRT6;CHD4;BRMS1L;ACTL6A;HDAC2;MTA2;RUVBL1;TAF12;ENY2;AURKB;MBD3;MIER2;BRMS1;MEAF6;TADA3;ING3;MBD2;GATAD2A
prerank,TORC1 Signaling (GO:0038202),0.3956446186589603,0.8513677097793292,0.6674311926605505,0.8414973407827002,1.0,3/10,8.73%,LAMTOR4;LAMTOR5;LAMTOR2
prerank,tRNA Wobble Base Modification (GO:0002097),0.36042789954021215,0.85122007927968,0.6728971962616822,0.8413878514036004,1.0,6/15,23.44%,ELP4;MTO1;URM1;ELP3;ELP5;MOCS3
prerank,Positive Regulation Of Potassium Ion Transmembrane Transporter Activity (GO:1901018),-0.3821599652059281,-0.851211062549708,0.6771799628942486,0.9233752216566491,1.0,6/11,27.01%,AKAP9;LRRC38;ATP1B3;FXYD2;ATP1B1;GAL
prerank,B Cell Proliferation (GO:0042100),0.36690691616116355,0.851086130387474,0.6780045351473923,0.8412500036172587,1.0,6/14,19.98%,CD180;HSPD1;MEF2C;GAPT;RASGRP1;PTPRC
prerank,Peptidyl-Cysteine Modification (GO:0018198),-0.4234851800430336,-0.8508618769620457,0.6616822429906543,0.9234931388525695,1.0,4/8,38.06%,RAB6A;NOS2;HHAT;NOS1
prerank,Negative Regulation Of Signal Transduction In Absence Of Ligand (GO:1901099),-0.33422535276826226,-0.8506030847385588,0.6780575539568345,0.9229329194723166,1.0,7/19,22.49%,EYA1;HSPA1A;EYA2;EYA4;PF4;TNF;MAP2K5
prerank,Negative Regulation Of Extrinsic Apoptotic Signaling Pathway In Absence Of Ligand (GO:2001240),-0.33422535276826226,-0.8506030847385588,0.6780575539568345,0.9229329194723166,1.0,7/19,22.49%,EYA1;HSPA1A;EYA2;EYA4;PF4;TNF;MAP2K5
prerank,Cellular Response To Interleukin-4 (GO:0071353),-0.3760709353946213,-0.8505009811266357,0.674373795761079,0.9225879448314808,1.0,1/13,0.19%,LEF1
prerank,Negative Regulation Of Osteoblast Differentiation (GO:0045668),-0.30484251100614196,-0.849428549988471,0.7135036496350365,0.9241744558068934,1.0,10/31,24.78%,PTCH1;TWIST1;CRIM1;TWIST2;NOCT;SMAD6;RIOX1;NOG;TMEM64;TNN
prerank,Basic Amino Acid Transport (GO:0015802),0.4517530263472286,0.849426421016217,0.6535087719298246,0.843891675430539,1.0,2/5,17.62%,SLC7A7;SLC3A1
prerank,Response To Increased Oxygen Levels (GO:0036296),0.4419839419839422,0.8489443409229811,0.6117136659436009,0.8444127675104484,1.0,6/6,55.82%,TMEM199;ATP6V0D1;ATP6V0A2;CCDC115;ATP6V1A;ATP6V1G1
prerank,Regulation Of Cell Killing (GO:0031341),-0.44576843447340925,-0.8488248242319214,0.6680327868852459,0.9247702447361864,1.0,2/6,7.61%,CFH;MAPK8
prerank,Glycerophospholipid Metabolic Process (GO:0006650),-0.2727050327677525,-0.8487962115493676,0.7188612099644128,0.9242976836193394,1.0,19/57,23.62%,PDGFRB;ENPP6;FAR1;PLCG1;SYNJ1;PLA2G4A;APOA1;PLA1A;PNPLA3;ACP6;PLA2G1B;PLA2G4B;GPCPD1;DGKH;PIGZ;GDPD3;PIGG;PIGN;SERINC1
prerank,Phosphatidylinositol Phosphate Biosynthetic Process (GO:0046854),0.282237203022561,0.8484248145367017,0.7136563876651982,0.8449689110424116,1.0,9/41,19.17%,ITPKB;SOCS6;BECN1;IP6K2;SOCS1;IP6K3;ITPKC;PIP4K2B;PI4KB
prerank,Synaptic Signaling (GO:0099536),0.45569392553531207,0.84837960024955,0.6310483870967742,0.8446723636888156,1.0,2/5,6.80%,DPYSL2;DTNA
prerank,Maintenance Of Protein Location In Nucleus (GO:0051457),-0.35442357464871876,-0.84764228094473,0.6823956442831216,0.9259932066652324,1.0,3/16,11.87%,SYNE1;SUN1;TOPORS
prerank,Cellular Response To Interleukin-1 (GO:0071347),0.25114058150323443,0.8475645895952519,0.7816901408450704,0.8456881860255391,1.0,8/67,9.78%,PYCARD;CCL2;SIRPA;CCL20;MYD88;TNIP2;RELA;MAP3K7
prerank,Excitatory Postsynaptic Potential (GO:0060079),-0.34732512074777466,-0.8475455297041713,0.656934306569343,0.9256517626234811,1.0,7/17,17.46%,GRIN1;CHRNA3;MAPK8IP2;GSK3B;NPAS4;GRIN2B;GRIN2D
prerank,Potassium Ion Homeostasis (GO:0055075),-0.33791666169845397,-0.8474129708190649,0.6691588785046729,0.9253526942917907,1.0,7/20,24.11%,ATP1A2;ATP1B3;KCNH2;ATP1A3;SLC12A5;FXYD2;ATP1B1
prerank,Negative Regulation Of Defense Response To Virus (GO:0050687),-0.3700272438906069,-0.8472623282325141,0.6666666666666666,0.9251188163092002,1.0,4/13,23.40%,ATG5;RNF26;TSPAN6;MICB
prerank,Nucleosome Organization (GO:0034728),0.2711262955646996,0.8472019689264088,0.7686746987951807,0.8459919385250705,1.0,8/50,15.53%,SSRP1;POLE3;SMARCB1;HMGA1;CABIN1;SART3;HIRA;RSF1
prerank,Negative Regulation Of Protein Localization To Cell Periphery (GO:1904376),0.32995943920154963,0.8471692470770231,0.6559633027522935,0.845665326550111,1.0,5/18,13.16%,TGFB1;BCL2L1;TMBIM1;LRPAP1;DAB2
prerank,Lysosome Localization (GO:0032418),-0.28852653538504386,-0.846991815928588,0.7303571428571428,0.925114426109026,1.0,7/40,12.59%,CHGA;NR4A3;RAB3A;KLC2;KIT;GRP;MYH9
prerank,Regulation Of Cortisol Biosynthetic Process (GO:2000064),-0.44767358763227616,-0.8467792695184928,0.6630824372759857,0.9249657292122742,1.0,2/6,5.73%,BMP5;WNT4
prerank,Defense Response To Gram-positive Bacterium (GO:0050830),0.28189524228413065,0.8464921788472489,0.7007125890736342,0.8464988320064265,1.0,7/40,11.80%,LYZ;RNASE6;MYD88;TLR2;ROMO1;MPEG1;FGR
prerank,Telomere Maintenance (GO:0000723),0.26038853115515,0.8462283687358724,0.746606334841629,0.8465734347859505,1.0,19/63,21.83%,YY1;TFPT;INO80;LTO1;PARP1;APEX1;ACTR8;TINF2;TERF2IP;XRCC3;RAD51D;ACTL6A;RUVBL1;STON1;XRCC6;RECQL4;BLM;TERF2;PARP3
prerank,Positive Regulation Of Blood Circulation (GO:1903524),0.44126212443862534,0.8461330599626661,0.6265060240963856,0.8463624988359129,1.0,2/6,5.69%,TGFB2;APLN
prerank,Negative Regulation Of Endoplasmic Reticulum Unfolded Protein Response (GO:1900102),0.3665514231699153,0.8461322536508225,0.6636568848758465,0.8459823994705125,1.0,8/13,30.18%,PTPN1;DDRGK1;UFL1;ATF6B;NCK2;BFAR;RACK1;WFS1
prerank,Regulation Of Cytoplasmic Translation (GO:2000765),0.32030206380399107,0.8455868993442833,0.6848484848484848,0.846567688378495,1.0,2/21,2.30%,ZNF385A;CPEB4
prerank,Negative Regulation Of Ubiquitin-Dependent Protein Catabolic Process (GO:2000059),0.2904733688508044,0.845155657193832,0.6954545454545454,0.8469919528117614,1.0,8/33,18.02%,BAG6;USP7;UBXN1;EIF3H;GIPC1;DDRGK1;CSNK2A1;CCAR2
prerank,Monocarboxylic Acid Catabolic Process (GO:0072329),0.3426203223502404,0.8450597804305957,0.6786516853932584,0.8467828400929613,1.0,5/15,17.53%,PLA2G15;ACOX1;NUDT19;HOGA1;FAAH
prerank,Positive Regulation Of Antigen Receptor-Mediated Signaling Pathway (GO:0050857),0.33321022196704464,0.8450243454205424,0.6904231625835189,0.8464537881894502,1.0,8/19,19.98%,RAB29;RELA;CARD11;CD226;PRKCB;NECTIN2;CD81;PTPRC
prerank,Membrane Fusion (GO:0061025),-0.3258645093875152,-0.8439039767556268,0.6849557522123894,0.9299237731471796,1.0,6/25,16.50%,RIMS1;OTOF;DPP4;DNM1L;USO1;NSF
prerank,Neurogenesis (GO:0022008),0.28270345320076484,0.8437403927764038,0.7450110864745011,0.8483808954067599,1.0,10/44,16.64%,TGFB2;LPAR1;DAGLB;EPHB1;APEX1;ERBB3;VXN;ERBB4;BTBD1;SPOCK1
prerank,Negative Regulation Of Cation Transmembrane Transport (GO:1904063),-0.37301777214079346,-0.8435219281945879,0.6730038022813688,0.930102655990292,1.0,5/13,18.38%,TWIST1;STK39;KCNH2;CAV1;CAB39
prerank,Negative Regulation Of Epithelial Cell Differentiation (GO:0030857),0.3754432348342531,0.843401566612324,0.6535796766743649,0.8486010117554382,1.0,2/11,6.63%,SPRED3;SORD
prerank,Regulation Of Nuclear-Transcribed mRNA poly(A) Tail Shortening (GO:0060211),-0.3663731420520384,-0.8431257295495953,0.6869244935543278,0.9303060584479764,1.0,7/13,32.41%,TENT4B;BTG2;EIF4ENIF1;CPEB3;TOB1;TNRC6B;CNOT1
prerank,mRNA Polyadenylation (GO:0006378),0.3197155465959266,0.8429587742166396,0.6742738589211619,0.8490212342484154,1.0,8/22,17.32%,CDC73;GRSF1;CPSF3;LEO1;PCF11;CSTF3;PAPOLG;PEX2
prerank,Protein Oxidation (GO:0018158),-0.3951426395370776,-0.842888310538477,0.6685499058380414,0.9302336191410778,1.0,2/10,10.18%,LOXL4;LOXL1
prerank,Negative Regulation Of Transporter Activity (GO:0032410),0.40161886676363784,0.8427153636858603,0.6338329764453962,0.8490683219621833,1.0,2/8,8.63%,NDFIP1;SNCA
prerank,Negative Regulation Of Protein Localization To Membrane (GO:1905476),0.31233413308747676,0.8424917283586301,0.6974595842956121,0.8490627601511951,1.0,6/22,13.16%,TGFB1;BCL2L1;TMBIM1;GDI1;LRPAP1;DAB2
prerank,T Cell Receptor Signaling Pathway (GO:0050852),0.24476351497185841,0.8424717823100167,0.7886363636363637,0.8487145974036049,1.0,24/80,19.98%,RFTN1;PTPRJ;FYB1;LCP2;FCHO1;GATA3;CD276;BTK;TRBC2;MOG;MAP3K7;BCL10;THEMIS2;EIF2B2;GNAO1;PRAM1;RNF31;RBCK1;WNK1;FYN;BTN3A3;CSK;ERMAP;PTPRC
prerank,Positive Regulation Of Cation Transmembrane Transport (GO:1904064),0.3425967682143499,0.8423668433891646,0.7031578947368421,0.8485249690855748,1.0,3/17,7.03%,CTSS;KCNQ1;PIRT
prerank,Response To Amyloid-Beta (GO:1904645),-0.2850161450250269,-0.8422854994315705,0.7293233082706767,0.9308684151469574,1.0,15/39,25.51%,CACNA1B;CACNA2D1;GRIN1;ATP1A3;APP;IGF1R;GSK3B;CACNB1;PSEN1;CDK5;AGER;MMP3;GRIN2A;VCAM1;TLR6
prerank,Mitotic DNA Replication Checkpoint Signaling (GO:0033314),-0.4151185027246503,-0.8421474945247104,0.6823956442831216,0.9306044550522606,1.0,2/8,18.78%,HUS1;NAE1
prerank,Zinc Ion Transport (GO:0006829),0.3296865891007157,0.8416042985931048,0.6870748299319728,0.849501057893435,1.0,3/20,6.38%,SLC39A14;SLC39A1;SLC39A7
prerank,Regulation Of Pyruvate Dehydrogenase Activity (GO:1904182),-0.44440253815667563,-0.8414874243711009,0.6739526411657559,0.9312753177181285,1.0,3/6,25.24%,PDP2;PPM1H;PPM1J
prerank,Chaperone-Mediated Protein Complex Assembly (GO:0051131),0.33444319851825954,0.8412059065403548,0.6923076923076923,0.8498574867777552,1.0,3/19,8.39%,HOPX;CLU;HSPD1
prerank,Negative Regulation Of Cardiac Muscle Hypertrophy (GO:0010614),0.3821676367729394,0.8411753387141953,0.6623093681917211,0.8495334018877041,1.0,2/10,8.96%,PPARG;LMNA
prerank,Negative Regulation Of Protein Catabolic Process (GO:0042177),0.26749765462722197,0.8410168338942953,0.7258426966292135,0.8494492185095388,1.0,8/48,13.35%,ALAD;GABARAPL2;SIRT2;RGP1;SNCA;SNX12;DAB2IP;F8A1
prerank,Regulation Of Excitatory Synapse Assembly (GO:1904889),-0.459821512155582,-0.8405121536227336,0.6830188679245283,0.9325797707722846,1.0,2/5,18.70%,VSTM5;SEMA4A
prerank,Respiratory System Development (GO:0060541),-0.3084127208484799,-0.8402381041956444,0.7160714285714286,0.9325683161222963,1.0,11/29,18.74%,SHH;BMP4;SPEF2;SMCHD1;CCDC39;FGF9;STRA6;FGF7;BASP1;CCDC40;ITGA3
prerank,Purine Ribonucleoside Monophosphate Metabolic Process (GO:0009167),-0.4088940847359362,-0.8398709606723204,0.6742857142857143,0.9327614554946884,1.0,3/9,14.81%,HPRT1;GMPS;AMPD2
prerank,Response To Estrogen (GO:0043627),-0.30494911719481166,-0.8393060223889495,0.7097378277153558,0.9333244942105904,1.0,3/30,4.03%,ZNF366;BCAS3;SFRP1
prerank,Positive Regulation Of Chromosome Condensation (GO:1905821),0.4187010295926958,0.8379997235964292,0.6481481481481481,0.8541181727155032,1.0,7/7,58.15%,NCAPG2;NCAPD3;SMC4;NCAPH;SMC2;NCAPH2;NCAPG
prerank,Regulation Of Chromosome Condensation (GO:0060623),0.4187010295926958,0.8379997235964292,0.6481481481481481,0.8541181727155032,1.0,7/7,58.15%,NCAPG2;NCAPD3;SMC4;NCAPH;SMC2;NCAPH2;NCAPG
prerank,Regulation Of Establishment Of Planar Polarity (GO:0090175),0.30419959360923854,0.8379516174066717,0.7124735729386892,0.8538192273082725,1.0,4/27,10.18%,CELSR2;RHOA;DAAM1;DVL1
prerank,Branched-Chain Amino Acid Transport (GO:0015803),-0.3946886893250554,-0.8376521347866401,0.6767317939609236,0.9359294321770948,1.0,3/10,18.89%,SLC6A15;SLC7A8;SLC43A1
prerank,"Nuclear-Transcribed mRNA Catabolic Process, Deadenylation-Dependent Decay (GO:0000288)",-0.28747590383407673,-0.8375308961949706,0.7385159010600707,0.9356130620251003,1.0,12/38,23.39%,EXOSC9;RC3H2;DCP1B;PARN;DIS3;CNOT4;NLRP6;CNOT6L;CNOT6;TUT4;PAN2;TUT7
prerank,Polysaccharide Biosynthetic Process (GO:0000271),0.3727376092814172,0.8370378343828316,0.6622807017543859,0.855062001563462,1.0,3/11,13.38%,HS2ST1;CSGALNACT2;NDST1
prerank,Regulation Of Macromolecule Metabolic Process (GO:0060255),0.23012454919871697,0.837005957996777,0.852803738317757,0.854732679705119,1.0,9/127,6.38%,APOE;TREM2;SIRPA;AIF1;SLC8A1;FUBP3;TAPBP;TCF19;NPC1
prerank,Growth Hormone Receptor Signaling Pathway (GO:0060396),0.35362572904163714,0.8369977481823649,0.6517094017094017,0.8543680501646133,1.0,3/14,8.61%,LYN;PTK2;PTPN1
prerank,Protein K63-linked Ubiquitination (GO:0070534),0.26510102119759416,0.8368245057701095,0.7389277389277389,0.8543078492021202,1.0,9/48,13.22%,ZFP91;TRIM56;RNF135;RNF126;TRIM27;TRAF3IP2;TRIM8;ARRDC4;RNF167
prerank,Nucleobase-Containing Compound Biosynthetic Process (GO:0034654),0.4100824560998404,0.8364645250940833,0.6716417910447762,0.8545678369844083,1.0,4/8,20.17%,DCK;POLD2;POLL;TYMS
prerank,Glycerophospholipid Catabolic Process (GO:0046475),0.3146766987695038,0.8363939019348332,0.6883408071748879,0.854305585476858,1.0,3/22,8.16%,PLA2G7;PNPLA8;PLA2G15
prerank,Regulation Of Attachment Of Spindle Microtubules To Kinetochore (GO:0051988),0.42981513374545105,0.8358005699748465,0.6573875802997858,0.8549611147368815,1.0,1/6,3.06%,SIRT2
prerank,Positive Regulation Of Helicase Activity (GO:0051096),0.46475110821282034,0.8356766235843288,0.6483516483516484,0.8548087198905239,1.0,2/5,15.00%,SSBP1;MSH6
prerank,Long-Term Synaptic Depression (GO:0060292),-0.4627848225992845,-0.8354637782558243,0.7032590051457976,0.9389196474580199,1.0,1/5,7.66%,PRRT1
prerank,Positive Regulation Of Sprouting Angiogenesis (GO:1903672),-0.35713918887656604,-0.8353063064645541,0.7057761732851986,0.9386812737491061,1.0,2/14,4.12%,KLF4;TJP1
prerank,Spleen Development (GO:0048536),0.4121608942158621,0.8349918253286005,0.6599552572706935,0.855653348557461,1.0,1/7,6.10%,FADD
prerank,Intracellular Estrogen Receptor Signaling Pathway (GO:0030520),-0.35733205445491234,-0.8349242446633274,0.708041958041958,0.9389000240385542,1.0,1/14,0.35%,RBFOX2
prerank,Cellular Response To Interferon-Beta (GO:0035458),0.33282719968521746,0.8348953929157864,0.6879120879120879,0.8554297984609571,1.0,5/18,20.37%,NDUFA13;UBE2G2;IFI16;OAS1;HTRA2
prerank,Negative Regulation Of Myoblast Differentiation (GO:0045662),-0.36685360202848094,-0.8347080512266051,0.6951871657754011,0.9387807971721503,1.0,5/13,17.49%,BMP4;PRICKLE1;DLL1;MSTN;EID2B
prerank,Regulation Of Microtubule Depolymerization (GO:0031114),-0.3165070569710343,-0.8342546866928761,0.6881720430107527,0.9391246415815693,1.0,5/24,16.73%,STMN2;KATNB1;TTBK2;NAV3;CLASP2
prerank,Mitochondrion Disassembly (GO:0061726),-0.29756524480739255,-0.8341352182565585,0.7360861759425493,0.9388164893696253,1.0,10/32,21.22%,FBXL4;CTSK;ATG2B;FUNDC1;WDR45;ATG5;MARK2;MAP1LC3C;MAP1LC3A;WIPI1
prerank,Recombinational Repair (GO:0000725),0.23911189103021513,0.8341185698701882,0.8231132075471698,0.8564324988836726,1.0,25/92,21.07%,YY1;NUCKS1;INO80;NSMCE4A;NPC1;NSMCE1;PPP4C;FSCN1;CHD4;EXD2;PSMD14;SFR1;XRCC3;RAD51D;SAMHD1;PALB2;POLL;POLN;STON1;RBBP8;TOP3A;AP5S1;XRCC6;RECQL4;BLM
prerank,mRNA Export From Nucleus (GO:0006406),0.2583309012560315,0.8337002175125865,0.7603686635944701,0.8567938840011361,1.0,10/55,20.84%,NCBP2;RBM8A;POLDIP3;GLE1;ALKBH5;CHTOP;ENY2;EIF4A3;HNRNPA2B1;SMG7
prerank,Positive Regulation Of Myotube Differentiation (GO:0010831),0.45205634477431067,0.8335588400200952,0.6522727272727272,0.8566624932720885,1.0,2/5,5.51%,PIEZO1;MMP14
prerank,Leucine Transport (GO:0015820),-0.4021179204204277,-0.8333813567431264,0.6931216931216931,0.9397132186867964,1.0,3/9,18.89%,SLC6A15;SLC7A8;SLC43A1
prerank,Regulation Of Cellular Localization (GO:0060341),-0.26010062517484184,-0.8332330722674063,0.7572649572649572,0.9394432025610321,1.0,13/63,20.91%,TRIM58;ADCYAP1;MAP2;WDPCP;TRIM38;MAPK8;GSN;PARD6G;REEP5;ATCAY;HSP90AA1;TRIM67;KHDC3L
prerank,Peptidyl-Lysine Modification (GO:0018205),-0.24900400369416278,-0.8330266789837079,0.7897526501766784,0.9392689739045187,1.0,16/85,11.87%,SENP6;PIAS1;EYA1;NSMCE2;PIAS2;SENP7;SENP5;VIPAS39;UHRF2;LOXL4;CTH;P3H3;SENP1;LOXL1;NNAT;TOPORS
prerank,Regulation Of Histone Deacetylation (GO:0031063),0.32961566964955047,0.832754202135583,0.6840909090909091,0.8576477386863826,1.0,7/18,27.29%,RRP8;ING2;WDR5;CAMK2D;TADA3;BAZ2A;KAT14
prerank,Regulation Of Mitochondrial Gene Expression (GO:0062125),0.3947971339065387,0.8323673232568444,0.6617647058823529,0.8579775171839676,1.0,1/8,2.49%,SHMT2
prerank,Positive Regulation Of JNK Cascade (GO:0046330),0.24506570723761728,0.8323589707669934,0.7792792792792793,0.8576114075912861,1.0,12/72,13.20%,LTBR;PYCARD;MAPK8IP1;MAP3K5;MAP3K11;GADD45A;PTK2B;FCGR2B;TLR3;ZNF622;DAB2IP;BIRC7
prerank,Regulation Of Protein Dephosphorylation (GO:0035304),-0.29235523211196784,-0.8323516454850576,0.7258620689655172,0.939992345525995,1.0,5/35,13.62%,CDH5;PTBP1;PPP1R15A;PPP6R2;CNEP1R1
prerank,Positive Regulation Of Branching Involved In Ureteric Bud Morphogenesis (GO:0090190),-0.3828969488945153,-0.8322384685319251,0.6865384615384615,0.9396841033175152,1.0,1/10,3.51%,SIX1
prerank,Positive Regulation Of Axon Extension (GO:0045773),-0.34124045836232414,-0.8321103866280525,0.7003676470588235,0.9393917043163994,1.0,3/17,11.58%,NELL1;RUFY3;LIMK1
prerank,Neuronal Action Potential (GO:0019228),-0.41304238061030374,-0.8317217680955871,0.6757741347905283,0.9395806632912596,1.0,1/8,0.25%,KCNA1
prerank,Peptide Biosynthetic Process (GO:0043043),-0.3129176056474381,-0.8317084382091932,0.7219251336898396,0.9390691452708838,1.0,8/27,21.09%,DMD;EEF1A2;YARS2;FARSB;IGF2BP3;MRRF;GGT7;AGO2
prerank,Regulation Of Calcium Ion Import (GO:0090279),-0.3479618069504661,-0.8316943732807602,0.6955719557195572,0.9385661723308283,1.0,4/16,10.65%,PDGFRB;PLN;CXCL12;CTNNB1
prerank,Regulation Of Endoplasmic Reticulum Tubular Network Organization (GO:1903371),-0.46455517112474987,-0.8314087630117039,0.7005545286506469,0.9385585053319911,1.0,3/5,34.71%,LNPK;RAB3GAP2;ATL3
prerank,Regulation Of Transmembrane Receptor Protein Serine/Threonine Kinase Signaling Pathway (GO:0090092),-0.3052876723866724,-0.8313712115018969,0.6955719557195572,0.9380994634581332,1.0,7/27,12.82%,LATS2;SMAD4;SFRP4;SMURF2;LATS1;ENG;FST
prerank,Negative Regulation Of Chemotaxis (GO:0050922),-0.3052726245279912,-0.8313646918091856,0.7347670250896058,0.9375857163726208,1.0,5/30,6.39%,NRG1;SEMA6C;SEMA3C;SLIT2;ELANE
prerank,Regulation Of Myosin-Light-Chain-Phosphatase Activity (GO:0035507),-0.4435880785402429,-0.8313101197625653,0.699812382739212,0.9371586059129123,1.0,2/6,5.71%,ROCK2;PPP1R12A
prerank,Clathrin Coat Disassembly (GO:0072318),-0.44287279711373306,-0.8313035576536256,0.7094972067039106,0.936643159313562,1.0,3/6,20.30%,SYNJ1;SH3GL3;SH3GL2
prerank,Steroid Hormone Biosynthetic Process (GO:0120178),0.3808624529735307,0.8311248880342159,0.674468085106383,0.8593604276699209,1.0,3/10,14.15%,HSD17B11;CYP11A1;HSD17B8
prerank,Positive Regulation Of Ras Protein Signal Transduction (GO:0046579),0.2674982158980771,0.8310921804144642,0.7517401392111369,0.8590299297430213,1.0,8/47,10.59%,ADGRG1;RASGEF1A;LPAR1;GPR17;GPR65;RASGRP4;MAP4K4;P2RY8
prerank,Sodium Ion Export Across Plasma Membrane (GO:0036376),-0.3757987752279819,-0.8310195879060553,0.6847826086956522,0.936649674253763,1.0,5/10,24.11%,ATP1A2;ATP1B3;ATP1A3;FXYD2;ATP1B1
prerank,Positive Regulation Of Oxidoreductase Activity (GO:0051353),-0.32256728029226645,-0.8308234572549712,0.7053571428571429,0.9364964928260454,1.0,10/21,32.11%,EDN3;PDP2;PPM1H;AGTR1;TNF;PDP1;PPM1J;EDN1;FTMT;SIRT3
prerank,Phosphatidylinositol-3-Phosphate Biosynthetic Process (GO:0036092),-0.37491168770945293,-0.8307375276597947,0.6910420475319927,0.9361255504098848,1.0,2/11,15.28%,PIK3R4;PIK3CB
prerank,Stress Granule Assembly (GO:0034063),0.31381201624447946,0.8305768428885563,0.7272727272727273,0.8595181157177223,1.0,7/20,16.87%,DAZAP2;YTHDF1;CSDE1;ATXN2L;EIF2S1;OGFOD1;BICD1
prerank,Regulation Of Complement Activation (GO:0030449),-0.44259905139119093,-0.8305578458004448,0.7015209125475285,0.9359457828141199,1.0,1/6,1.97%,CFH
prerank,Dephosphorylation (GO:0016311),-0.23062973756778066,-0.8302206528442313,0.8647746243739566,0.936022128903428,1.0,28/134,17.98%,PTPRB;PTPRU;PTPRG;PPP2R1B;DUSP5;PPEF1;PPP3R1;PLPP3;PPP1R12A;PTPN12;PPM1L;MTMR7;PTPN13;SGPP2;PPM1D;PLPP1;PDP2;SSH2;ALPL;MTMR6;PPM1H;PLPPR4;PPP5C;PPP2R3B;EPHX2;PTPRM;PPEF2;ACP6
prerank,Regulation Of NLRP3 Inflammasome Complex Assembly (GO:1900225),0.2922648968432695,0.8301694963976551,0.754880694143167,0.8598104625062358,1.0,2/29,5.68%,TREM2;MYD88
prerank,Peptidyl-Proline Modification (GO:0018208),0.3201783125586182,0.8300957012367703,0.6864988558352403,0.8595508407824629,1.0,7/20,19.24%,NTMT1;PPIL6;PPIL1;P3H2;OGFOD1;PPIA;PPIE
prerank,Regulation Of Superoxide Metabolic Process (GO:0090322),0.4490156207240959,0.8298836080240702,0.6567164179104478,0.8595139606925607,1.0,1/5,0.46%,SYK
prerank,Regulation Of Reactive Oxygen Species Metabolic Process (GO:2000377),0.2645705579958825,0.8298798072526615,0.7730337078651686,0.8591386826104613,1.0,9/50,8.80%,MPV17;CDKN1A;SIRT2;ALOX5;AGT;SORD;GADD45A;SNCA;ROMO1
prerank,Negative Regulation Of Phosphatase Activity (GO:0010923),-0.35328951067286696,-0.8293054046486188,0.7094339622641509,0.9371848261656966,1.0,6/15,24.71%,PPP4R4;PPP1R15A;MASTL;GSK3B;FKBP1B;CRY2
prerank,Positive Regulation Of Wound Healing (GO:0090303),0.27944562116231564,0.8291905608917772,0.7565217391304347,0.8599837922156404,1.0,6/35,8.17%,XBP1;EMILIN1;EMILIN2;MYLK;PTK2;HPSE
prerank,Nuclear mRNA Surveillance (GO:0071028),0.38332087422176386,0.8291197395531681,0.6875,0.8597256221573992,1.0,3/9,12.43%,EXOSC4;EXOSC7;EXOSC6
prerank,Nerve Growth Factor Signaling Pathway (GO:0038180),-0.40959710039694075,-0.8290140571562621,0.6880907372400756,0.9372268691421014,1.0,2/8,7.04%,NGF;MAGI2
prerank,Mitral Valve Morphogenesis (GO:0003183),-0.4159794243562128,-0.8289611019316113,0.6862745098039216,0.9367918700070854,1.0,4/8,33.95%,BMPR2;SMAD6;AXIN2;DCHS1
prerank,Regulation Of TOR Signaling (GO:0032006),0.24792123079159345,0.8288065498328703,0.7937915742793792,0.8598958968998291,1.0,17/67,19.46%,TREM2;GNA12;LAMTOR4;LAMTOR5;MAPKAPK5;SEC13;LAMTOR2;GOLPH3;DDIT4;ENDOG;FNIP1;EPM2A;PDCD6;SMCR8;DEPDC5;WDR24;RFFL
prerank,Negative Regulation Of Macromolecule Biosynthetic Process (GO:0010558),0.2404903554415716,0.8287819411258209,0.824390243902439,0.8595494002927156,1.0,7/85,6.32%,TSPO;CAPRIN1;TGFB1;CDKN1A;SHMT1;AKR1B1;GSTP1
prerank,Cellular Response To Interferon-Alpha (GO:0035457),-0.4196245449439949,-0.8285760677427872,0.667910447761194,0.9369554769249377,1.0,1/7,2.43%,GAS6
prerank,Regulation Of Vascular Endothelial Growth Factor Receptor Signaling Pathway (GO:0030947),0.314772004703001,0.828199068800853,0.7123595505617978,0.8601586422198075,1.0,11/22,22.45%,EMILIN1;CADM4;PTPN1;PRKCB;DAB2IP;HGS;PDCD6;NIBAN2;NEDD4;MT3;HHEX
prerank,Postsynaptic Membrane Organization (GO:0001941),0.3391282989495501,0.8281629255915302,0.6765327695560254,0.8598341982054618,1.0,2/17,10.04%,NLGN2;NRXN2
prerank,Negative Regulation Of Tumor Necrosis Factor-Mediated Signaling Pathway (GO:0010804),0.3301242221182435,0.8281589435820546,0.6955602536997886,0.8594615388620633,1.0,3/17,6.32%,PPP2CB;PTPN2;GSTP1
prerank,Adherens Junction Maintenance (GO:0034334),-0.4535448257241913,-0.8280820539832182,0.7299813780260708,0.9373192477943433,1.0,2/6,17.80%,TJP1;MTSS1
prerank,"Synaptic Transmission, Glutamatergic (GO:0035249)",0.2981796993706919,0.8278202234733208,0.7165532879818595,0.8596699124903494,1.0,3/25,10.58%,SEPTIN9;GRID1;GRIK3
prerank,Regulation Of Transferase Activity (GO:0051338),-0.33052745136204387,-0.8277668545075948,0.7263157894736842,0.9373620510767858,1.0,4/20,15.80%,LDB2;LDB1;EMP2;SPTSSB
prerank,Establishment Of Protein Localization To Vacuole (GO:0072666),0.28937106142710645,0.8275654360021218,0.7276995305164319,0.8597162158717051,1.0,7/27,14.55%,SNF8;MVB12A;CACNG4;VPS37D;HGS;VPS13D;VPS37C
prerank,Peptidyl-Glutamic Acid Modification (GO:0018200),-0.33771504173483985,-0.827533328244653,0.7083333333333334,0.9372673670331025,1.0,10/18,33.07%,TTLL5;TTLL11;TTLL3;TTLL7;CFAP20;NAA20;AGBL5;TTLL9;NAA80;AGTPBP1
prerank,Negative Regulation Of Glucose Import (GO:0046325),-0.43687823831941464,-0.8273743747254314,0.6892138939670932,0.9370233599088772,1.0,3/6,24.29%,GRB10;PID1;SELENOS
prerank,Telomere Capping (GO:0016233),0.3538076718461279,0.8269079812246316,0.7060085836909872,0.8604789342354865,1.0,5/14,26.49%,TINF2;TERF2IP;STON1;TERF2;TFIP11
prerank,Pore Complex Assembly (GO:0046931),0.33028704412724474,0.8268732075328686,0.6916299559471366,0.8601619814239361,1.0,5/18,20.82%,TMEM170A;PLEKHA7;P2RX7;TSPAN33;BAD
prerank,Purine Nucleobase Transport (GO:0006863),0.4288396788396789,0.826839582469218,0.6616052060737527,0.8598415855263265,1.0,6/6,57.13%,SLC29A3;SLC29A1;SLC43A3;VDAC3;SLC29A2;SLC28A1
prerank,Response To Transforming Growth Factor Beta (GO:0071559),-0.288169819101687,-0.8268286999000042,0.7567567567567568,0.9375129012463872,1.0,10/35,21.77%,SFRP1;ROCK2;WNT4;PDE3A;SMAD4;ANKRD1;CLEC3B;NR3C1;MXRA5;ZFHX3
prerank,Vasoconstriction (GO:0042310),-0.4073360252368909,-0.8267625366623472,0.7172675521821632,0.9371174491614553,1.0,2/8,11.88%,EDN3;EDNRA
prerank,Very Long-Chain Fatty Acid Catabolic Process (GO:0042760),-0.44436166391042975,-0.826651154420157,0.7041984732824428,0.936784517975289,1.0,1/6,4.49%,ABCD2
prerank,Autophagosome Maturation (GO:0097352),0.27260466381551035,0.8260436516913511,0.7811764705882352,0.8608754092546128,1.0,9/43,12.77%,CHMP2A;LIX1L;VTI1B;VAMP8;BECN1;CLN3;RUBCNL;VPS33A;TECPR1
prerank,Regulation Of Receptor Internalization (GO:0002090),0.2860246011203653,0.8260214368919652,0.7482517482517482,0.8605369155523888,1.0,3/34,5.56%,CD63;ARRB2;ANKRD13B
prerank,Nucleotide Biosynthetic Process (GO:0009165),-0.3317206905310272,-0.8259920921848372,0.6931407942238267,0.9375048911851008,1.0,4/18,14.01%,NMNAT2;ME1;HPRT1;PRPSAP1
prerank,Regulation Of Cell Cycle Process (GO:0010564),-0.23677145721391774,-0.8259076925393821,0.82,0.9371369439156104,1.0,22/120,19.84%,CCNL2;CCP110;SFRP1;PIK3R4;DCUN1D3;MAP9;ARID1B;ZNF207;ACTL6B;BIRC6;FSD1;CTNNB1;ECT2;SMARCC2;SMARCA4;PHF10;INSM2;PIN1;ENTR1;AURKC;TXLNG;MYO19
prerank,Stress-Activated MAPK Cascade (GO:0051403),-0.2736360702621734,-0.8257341748720806,0.768695652173913,0.9369446994987897,1.0,7/41,12.96%,MAP2K4;MAP3K12;MAPK8;MAPK8IP2;MAP4K3;MAPK11;TAOK2
prerank,Regulation Of Protein Localization To Cilium (GO:1903564),-0.4198600004731464,-0.8248958145852582,0.7076923076923077,0.9379171025110546,1.0,3/7,22.89%,GSK3B;ENTR1;LZTFL1
prerank,Regulation Of RNA Export From Nucleus (GO:0046831),0.37771246864778785,0.8246557935391183,0.6787330316742082,0.8625494251478288,1.0,1/10,1.99%,NCBP2
prerank,Protein Localization To Organelle (GO:0033365),0.2282399646264426,0.8246105521664063,0.8768472906403941,0.8622423451528274,1.0,23/124,17.32%,SYS1;RCSD1;SORL1;LAMP1;GABARAPL2;CTDNEP1;FKBP8;RAB33B;ARF6;GBF1;LMNA;YWHAE;DVL1;MTCH2;CCDC47;MAVS;DDRGK1;YBX1;GAK;VAPA;ANK2;BICD1;PEX2
prerank,Negative Regulation Of Dendritic Cell Apoptotic Process (GO:2000669),-0.4415117081699509,-0.8244903889537073,0.7301587301587301,0.9381325879404545,1.0,2/6,9.81%,GAS6;CXCL12
prerank,Anterograde Synaptic Vesicle Transport (GO:0048490),0.34677575588343823,0.8234274271553216,0.6857798165137615,0.8634928627267839,1.0,5/14,17.20%,BLOC1S1;DTNBP1;BLOC1S6;BLOC1S3;SNAPIN
prerank,Synaptic Vesicle Transport Along Microtubule (GO:0099517),0.34677575588343823,0.8234274271553216,0.6857798165137615,0.8634928627267839,1.0,5/14,17.20%,BLOC1S1;DTNBP1;BLOC1S6;BLOC1S3;SNAPIN
prerank,Negative Regulation Of Axon Extension (GO:0030517),-0.3009020464077439,-0.8233677023579662,0.7486238532110092,0.9396559653758749,1.0,3/29,3.61%,SEMA6C;SEMA3C;MAP2
prerank,Purine Ribonucleoside Metabolic Process (GO:0046128),-0.4588404593391233,-0.822918641117189,0.7028985507246377,0.9399607003827467,1.0,3/5,42.21%,GNMT;ENPP4;ADA
prerank,Regulation Of Digestive System Process (GO:0044058),-0.4406219653513028,-0.8226728865363148,0.6821561338289963,0.9398767370225217,1.0,1/6,0.72%,FGF10
prerank,Positive Regulation Of Protein Exit From Endoplasmic Reticulum (GO:0070863),0.37030614129847234,0.8219849675174784,0.6822429906542056,0.8655662745357092,1.0,4/11,21.37%,SORL1;EDEM2;CD81;SLC51B
prerank,Positive Regulation Of Dephosphorylation (GO:0035306),-0.30083444789586156,-0.8219163542311996,0.743859649122807,0.9407111400149074,1.0,2/28,2.47%,CDH5;PTBP1
prerank,Cobalamin Transport (GO:0015889),-0.4417713172099941,-0.8217591325970778,0.7088607594936709,0.9404798828558111,1.0,1/6,2.95%,TCN2
prerank,Cellular Response To Nutrient Levels (GO:0031669),-0.24915463888238273,-0.8217435109463456,0.8006993006993007,0.9399841108751268,1.0,17/75,14.52%,UTS2;KCNB1;SFRP1;CREBBP;PRKAA1;WRN;RPTOR;ULK1;WDR45;PDK4;BMPR2;CLEC16A;MLST8;PRKAA2;RICTOR;USP33;TTC5
prerank,Interleukin-2-Mediated Signaling Pathway (GO:0038110),0.41060674739364106,0.8215036780736078,0.6593886462882096,0.8656177209537134,1.0,7/7,58.96%,JAK3;STAT5A;STAT3;JAK1;IL2RA;IL2RG;IL2RB
prerank,Cellular Response To Interleukin-2 (GO:0071352),0.41060674739364106,0.8215036780736078,0.6593886462882096,0.8656177209537134,1.0,7/7,58.96%,JAK3;STAT5A;STAT3;JAK1;IL2RA;IL2RG;IL2RB
prerank,Regulation Of Stem Cell Division (GO:2000035),0.41268049121440714,0.8214951594043004,0.6891891891891891,0.8652508008518436,1.0,1/7,1.95%,EVI2B
prerank,Regulation Of mRNA Metabolic Process (GO:1903311),-0.346535029447792,-0.8214146239688374,0.6857670979667283,0.9400650776048401,1.0,5/15,16.64%,SRPK1;PTCD2;CDK11B;NCBP1;IWS1
prerank,"Post-Translational Protein Targeting To Membrane, Translocation (GO:0031204)",-0.4241742348458377,-0.8213230171893218,0.7080979284369114,0.93970025182067,1.0,1/7,3.75%,SEC61A2
prerank,Positive Regulation Of Transcription Elongation By RNA Polymerase II (GO:0032968),0.2695084911606165,0.8212021054193365,0.7688888888888888,0.865373756892671,1.0,4/42,5.94%,NCBP2;CDC73;ELL2;MED9
prerank,Negative Regulation Of Peptidyl-Threonine Phosphorylation (GO:0010801),-0.35090216925121764,-0.8210127722818555,0.7142857142857143,0.9397380733343486,1.0,3/14,17.63%,PARD3;DMTN;PPEF2
prerank,Negative Regulation Of Cellular Response To Growth Factor Stimulus (GO:0090288),-0.2577133386816193,-0.8208599204459894,0.8157894736842105,0.939486856422237,1.0,10/65,10.05%,NBL1;SPRY4;CHRDL1;SPRY3;SLIT2;SKIL;SULF2;SMURF2;CRIM1;BMPER
prerank,Positive Regulation Of Arp2/3 Complex-Mediated Actin Nucleation (GO:2000601),0.4084258421529622,0.8208291676086414,0.6659619450317125,0.8656188075735353,1.0,2/7,9.09%,CYFIP1;WASF2
prerank,Regulation Of Nucleotide-Excision Repair (GO:2000819),-0.3112785016125976,-0.8204686524366867,0.7407407407407407,0.9396703205570218,1.0,11/26,26.51%,ARID1B;ACTL6B;SMARCC2;SMARCA4;PHF10;RAD52;SMARCD2;ARID2;KAT7;SMARCA2;SMARCC1
prerank,Mitotic DNA Integrity Checkpoint Signaling (GO:0044774),-0.37758531488182745,-0.820258114395261,0.7194899817850637,0.9395479233032062,1.0,2/11,18.78%,HUS1;NAE1
prerank,Cardioblast Differentiation (GO:0010002),-0.40794446983071564,-0.8197684845502025,0.7140115163147792,0.939876099169984,1.0,1/8,2.07%,NRG1
prerank,Histone Acetylation (GO:0016573),0.25586239782488074,0.819347345378018,0.837378640776699,0.8678201415658383,1.0,16/58,21.94%,TAF10;VPS72;POLE3;MRGBP;MAP3K7;TMEM98;ACTL6A;RUVBL1;SUPT7L;TAF12;WDR5;ENY2;MEAF6;TADA3;ING3;NAA40
prerank,T Cell Mediated Immunity (GO:0002456),-0.34869178140848284,-0.819050956259921,0.7388888888888889,0.9406444765329738,1.0,4/15,13.11%,CD46;JAG1;EMP2;SCART1
prerank,Regulation Of DNA Biosynthetic Process (GO:2000278),-0.2903203140695218,-0.8190418180754426,0.75,0.9401524442039569,1.0,7/33,13.40%,PDGFRB;ATM;DACH1;ING5;SMOC2;BMPR2;ANKRD1
prerank,Plasma Membrane Tubulation (GO:0097320),-0.36468200183388355,-0.8189673918365328,0.696526508226691,0.9397777273115638,1.0,1/13,0.81%,CAVIN2
prerank,Golgi To Plasma Membrane Transport (GO:0006893),-0.270555660787053,-0.8187878073170012,0.7815884476534296,0.9395828353651579,1.0,11/44,22.71%,EXOC6B;PREPL;GCC2;EXOC4;EXOC7;CCDC93;NSF;EXOC6;ARFGEF2;GGA3;ANK3
prerank,Reticulophagy (GO:0061709),0.33282785961766764,0.8186674386220522,0.6804347826086956,0.868573957071437,1.0,5/15,17.31%,UFC1;TEX264;DDRGK1;UBA5;UFL1
prerank,Positive Regulation Of Mitotic Cytokinesis (GO:1903490),0.4413501563785434,0.8185374740087844,0.6726546906187625,0.8684247415645757,1.0,2/5,20.58%,INCENP;NUP62
prerank,Regulation Of Anoikis (GO:2000209),-0.3303218051967508,-0.818172733719198,0.6968085106382979,0.9401722004947927,1.0,3/18,11.00%,TLE1;TLE5;PDK4
prerank,Cellular Response To Sterol Depletion (GO:0071501),0.4113101657121765,0.8179663511845604,0.6997742663656885,0.8686292226379012,1.0,1/7,3.26%,SREBF1
prerank,SREBP Signaling Pathway (GO:0032933),0.4113101657121765,0.8179663511845604,0.6997742663656885,0.8686292226379012,1.0,1/7,3.26%,SREBF1
prerank,Regulation Of MHC Class II Biosynthetic Process (GO:0045346),0.35234992460424097,0.8177537579059163,0.7202505219206681,0.8685946737455875,1.0,2/14,3.22%,XBP1;RFXANK
prerank,Histone Lysine Methylation (GO:0034968),-0.29574495147453556,-0.8177061661031275,0.7609841827768014,0.9404600916468902,1.0,10/30,32.94%,KDM6A;KMT2C;SMYD2;WDR5B;SETD1B;KMT2A;SUV39H2;SETD1A;PAXIP1;RBBP5
prerank,"Regulation Of Circadian Sleep/Wake Cycle, Sleep (GO:0045187)",-0.45837850280103304,-0.8173047806606043,0.702048417132216,0.9406645050711554,1.0,2/5,11.68%,CHRNB2;PTGDS
prerank,Endosomal Vesicle Fusion (GO:0034058),-0.38928506040233923,-0.8172065544044131,0.7214285714285714,0.9403243294930185,1.0,2/10,5.20%,VPS39;VPS11
prerank,Negative Regulation By Host Of Viral Transcription (GO:0043922),-0.38812752439392284,-0.8169267350247439,0.6985294117647058,0.9402857716758174,1.0,2/10,14.25%,CCL4;JUN
prerank,Regulation Of Chondrocyte Differentiation (GO:0032330),0.3095944275708656,0.8166059453627358,0.7228637413394919,0.8701913891540607,1.0,7/23,16.40%,EFEMP1;TGFBR1;BMPR1B;SCIN;SOX6;LOXL2;GREM1
prerank,Positive Regulation Of Blood Vessel Endothelial Cell Proliferation Involved In Sprouting Angiogenesis (GO:1903589),0.42329226712811024,0.8164571288625694,0.66,0.8700502272811343,1.0,3/6,16.95%,HMOX1;APLNR;PPP1R16B
prerank,Regulation Of Nucleic Acid-Templated Transcription (GO:1903506),-0.20198032233340898,-0.8160617764511071,0.9817073170731707,0.9412622596336078,1.0,75/398,19.37%,FOXC1;DMTF1;ELAVL2;SPIN4;PRRX2;SETBP1;ATF2;ZNF280D;ZNF280C;ESRRG;JMJD1C;NSD1;SIX1;ERC1;SFPQ;CREBBP;NAB1;PPARGC1A;HIC1;USP13;MLLT6;GPBP1L1;INSR;BNC2;PTP4A3;CHD3;CREM;AJUBA;ZBTB11;ING5;ZNF331;PRDM8;CDK11B;ZNF280B;ENG;GCFC2;PPARGC1B;APBB3;GPBP1;WTIP;CRABP2;ZNF680;ZBTB38;TRRAP;TAF5L;ACTR5;NR5A2;ZNF676;SCRT1;GON4L;EDF1;KAT2A;BMP2;NR2C2;ZSCAN21;AKAP17A;ZNF98;PRKCQ;ZNF33A;PSPC1;MIER1;NR3C1;ZNF718;ZNF682;HMG20A;ZSCAN26;ZBTB4;MLF1;ZNF281;HINFP;ASH1L;BAZ1A;POU6F2;ATF7;TULP3
prerank,Synaptonemal Complex Assembly (GO:0007130),0.38423443047990335,0.8159696119643122,0.6989010989010989,0.8700990438035312,1.0,3/9,17.92%,STAG3;TEX15;TRIP13
prerank,Synaptonemal Complex Organization (GO:0070193),0.38423443047990335,0.8159696119643122,0.6989010989010989,0.8700990438035312,1.0,3/9,17.92%,STAG3;TEX15;TRIP13
prerank,miRNA-mediated Gene Silencing By Inhibition Of Translation (GO:0035278),-0.35409047505618707,-0.8158962464734552,0.7036363636363636,0.9410340188098664,1.0,4/13,21.09%,AGO3;DDX6;EIF4ENIF1;AGO2
prerank,Mesenchymal To Epithelial Transition (GO:0060231),-0.4126123360628322,-0.8157606941256107,0.7186897880539499,0.9407449664539604,1.0,1/7,1.79%,BMP4
prerank,Negative Regulation Of Kinase Activity (GO:0033673),0.25395265072971646,0.8156001494208205,0.7736720554272517,0.8703261126628774,1.0,18/56,21.11%,SFN;IRS2;AKT1S1;TRIB3;GSTP1;DTNBP1;SNCA;TRIM27;DVL1;PPIA;TARBP2;CDKN1B;CHP1;WWTR1;SMCR8;PTPRC;EPHB2;GSKIP
prerank,Steroid Biosynthetic Process (GO:0006694),0.2683522511792365,0.8154492704011683,0.7476635514018691,0.8701951370916622,1.0,8/39,14.73%,PMVK;CYP27A1;DHRS11;HSD3B7;FDXR;CH25H;SLC27A5;OSBP
prerank,Intracellular Potassium Ion Homeostasis (GO:0030007),-0.36875252534314173,-0.8152919353052791,0.696588868940754,0.941051025455065,1.0,7/11,31.99%,ATP1A2;ATP1B3;ATP1A3;FXYD2;ATP1B1;KCNMA1;KCNJ2
prerank,Regulation Of Vesicle-Mediated Transport (GO:0060627),-0.24207275036823853,-0.81527529147196,0.8476702508960573,0.9405647301544179,1.0,12/86,11.17%,RAB3D;NELL1;PLD1;CPLX1;SYT1;RAB3A;RAB3C;SEPTIN5;CDH13;CD177;RIMS2;RNF139
prerank,Oligosaccharide-Lipid Intermediate Biosynthetic Process (GO:0006490),0.35910961439073885,0.8151610926536783,0.6598639455782312,0.8703109767588026,1.0,3/12,18.78%,ALG11;ALG3;PDCD6
prerank,Regulation Of mRNA Stability (GO:0043488),-0.2504492806466878,-0.8150393210087873,0.8216783216783217,0.9404547426010744,1.0,23/67,28.46%,CSDC2;ROCK2;TENT5A;RBM24;ZC3H14;FMR1;FASTKD1;EIF4ENIF1;RIDA;FASTKD5;NOCT;METTL3;THRAP3;YTHDF3;FASTKD2;FXR1;TENT5C;METTL16;E2F1;AXIN2;CARHSP1;LARP1;FUS
prerank,Dendrite Self-Avoidance (GO:0070593),-0.3716406198808261,-0.814846937172784,0.7106227106227107,0.9402716706609572,1.0,6/11,37.72%,CNTN4;ROBO4;TNN;EMB;DSCAM;ROBO3
prerank,Bile Acid Metabolic Process (GO:0008206),-0.3080966174266593,-0.8147331030148197,0.7308377896613191,0.9399483771444214,1.0,4/24,7.28%,OSBPL9;GBA2;OSBPL6;ACOX2
prerank,Positive Regulation Of Epithelial Tube Formation (GO:1905278),0.4071453436754183,0.8144467043952967,0.6939252336448598,0.8711365257004581,1.0,2/7,6.04%,FGF2;GATA3
prerank,mRNA Splice Site Recognition (GO:0006376),0.288162679872879,0.8137992491069854,0.7580645161290323,0.8718599225461525,1.0,7/27,20.05%,NOL3;SLU7;PUF60;SF3A1;SRSF9;LUC7L3;HNRNPC
prerank,"Heparan Sulfate Proteoglycan Biosynthetic Process, Polysaccharide Chain Biosynthetic Process (GO:0015014)",0.4170087403557481,0.8135171291137013,0.6937901498929336,0.8719491443586141,1.0,2/6,13.38%,HS2ST1;NDST1
prerank,Positive Regulation Of Transcription Initiation By RNA Polymerase II (GO:0060261),0.25869465344431936,0.8123717408191365,0.8136792452830188,0.8734529035805745,1.0,3/51,5.94%,TAF10;ZNHIT1;MED9
prerank,Diacylglycerol Metabolic Process (GO:0046339),-0.3125837280759868,-0.8123148997422733,0.7491039426523297,0.9437054286104392,1.0,12/22,30.08%,PLCE1;DGKB;DGKE;DGKK;DGAT2;DGKH;MOGAT1;DGKG;GPAM;PNPLA2;DGKI;PGS1
prerank,Positive Regulation Of T Cell Differentiation (GO:0045582),-0.2628187331615258,-0.8122523556173435,0.796875,0.9433057148201224,1.0,6/56,6.91%,LEF1;CD46;GLI3;SHH;ARID1B;ACTL6B
prerank,Late Endosome To Lysosome Transport (GO:1902774),-0.3426669256405561,-0.8119497396124291,0.7216117216117216,0.9432993368628434,1.0,2/15,4.60%,CHMP1B;VPS39
prerank,Double-Strand Break Repair (GO:0006302),0.21535207957383304,0.8119114259920079,0.9195121951219513,0.8738746465335867,1.0,32/158,18.78%,YY1;PAXX;NUCKS1;INO80;NSMCE4A;NPC1;NSMCE1;SIRT6;PARP1;PPP4C;CIB1;TDP2;FSCN1;ACTR8;CHD4;EXD2;PSMD14;SFR1;XRCC3;EYA3;RAD51D;SAMHD1;PALB2;POLL;POLM;POLN;CYREN;TRIP13;STON1;RBBP8;TOP3A;AP5S1
prerank,Histone H4-K16 Acetylation (GO:0043984),-0.3833551428050148,-0.8118926291302831,0.7106690777576854,0.9428866762261321,1.0,1/10,0.96%,OGT
prerank,Nucleotide Metabolic Process (GO:0009117),-0.3712639326434868,-0.8117398951708982,0.7321428571428571,0.9426403365795346,1.0,2/11,6.23%,NMNAT2;ME1
prerank,Epoxygenase P450 Pathway (GO:0019373),-0.446863979326232,-0.8116688550302625,0.7327433628318584,0.9422411662523508,1.0,2/5,13.42%,CYP1B1;CYP2J2
prerank,Neurotrophin TRK Receptor Signaling Pathway (GO:0048011),0.42517336074223594,0.8114811625423686,0.6946902654867256,0.874210505884614,1.0,3/6,21.09%,DDIT4;BCAR1;SORT1
prerank,Regulation Of Transcription Elongation By RNA Polymerase II (GO:0034243),0.240638023101325,0.8109623914161557,0.838479809976247,0.8747065434979344,1.0,11/76,11.89%,NCBP2;CDC73;ELL2;LARP7;MED9;SIRT6;PARP1;NELFCD;INTS7;LEO1;INTS14
prerank,Positive Regulation Of Protein Tyrosine Kinase Activity (GO:0061098),-0.2862812357301801,-0.810902471334671,0.7676579925650557,0.943024904708452,1.0,2/34,2.43%,ADRA2A;GAS6
prerank,Positive Regulation Of T-helper 2 Cell Cytokine Production (GO:2000553),-0.4153336850639357,-0.8108699418553147,0.7359855334538878,0.9425612571219317,1.0,2/7,17.91%,IL6;IL4
prerank,Peroxisome Organization (GO:0007031),-0.30693830466997063,-0.8108251892613336,0.75,0.9421288639632257,1.0,5/24,12.60%,TMEM135;ABCD2;PEX11A;PEX3;DNM1L
prerank,Regulation Of Lysosomal Protein Catabolic Process (GO:1905165),-0.43338067892209164,-0.8107694344830562,0.72568093385214,0.9417095954807804,1.0,4/6,41.02%,LAPTM4B;LRP2;LRP1;LDLR
prerank,Regulation Of Ventricular Cardiac Muscle Cell Membrane Depolarization (GO:0060373),-0.45662665024039073,-0.8107609710328435,0.7309833024118738,0.9412099230331097,1.0,2/5,11.95%,GJA5;GPD1L
prerank,snRNA Processing (GO:0016180),-0.3324022788141941,-0.8103670725202747,0.7069271758436945,0.9413812418249584,1.0,6/17,26.37%,INTS6;INTS8;INTS4;INTS9;INTS6L;INTS2
prerank,Positive Regulation Of Tyrosine Phosphorylation Of STAT Protein (GO:0042531),0.2740018732728043,0.8103579307647244,0.7735849056603774,0.875320091444185,1.0,4/37,6.24%,HCLS1;LYN;CLCF1;TNFRSF1A
prerank,Embryonic Organ Development (GO:0048568),-0.25395389188638134,-0.8101038749542071,0.8306595365418895,0.9413443549702164,1.0,30/68,31.16%,KDR;GLI3;TBX2;COL18A1;CXCL8;KIT;COL2A1;STRA6;PKDCC;TGFBR2;NDRG4;PBX4;RNF112;PKD2;RARRES2;TNF;RARB;RBPJ;FGF8;PBX3;KMT2A;NKX2-5;PKD1;TAL1;TEAD3;PDGFB;TEAD4;SH2B3;TEAD1;THPO
prerank,Positive Regulation Of Protein Localization To Centrosome (GO:1904781),0.4250842351905707,0.8099118832945047,0.6877551020408164,0.8756868461279315,1.0,4/6,23.65%,BICD1;NUP62;MARK4;PARD6A
prerank,Regulation Of Dosage Compensation By Inactivation Of X Chromosome (GO:1900095),-0.3748169119187875,-0.8098450546385151,0.7103825136612022,0.9412493301293868,1.0,1/11,0.96%,OGT
prerank,Positive Regulation Of ERAD Pathway (GO:1904294),-0.3654849229815352,-0.809697242102724,0.7277882797731569,0.9409754613534356,1.0,5/12,17.72%,USP13;HERPUD1;RNFT1;UBQLN2;CAV1
prerank,Positive Regulation Of Cilium Assembly (GO:0045724),0.29659201136376245,0.8095174181902293,0.7662921348314606,0.8759412039981355,1.0,1/22,0.38%,SEPTIN9
prerank,Regulation Of Glucose Import (GO:0046324),-0.2936814402343904,-0.8091659911233214,0.743859649122807,0.9413627780107879,1.0,7/29,18.05%,RTN2;OCLN;INSR;APLP2;GRB10;PID1;PLA2G1B
prerank,Long-Chain Fatty Acid Catabolic Process (GO:0042758),-0.44334787643835893,-0.8091332888778745,0.7170818505338078,0.9409171447440167,1.0,1/5,4.93%,ACADL
prerank,Regulation Of Proteolysis (GO:0030162),-0.27274739350806976,-0.8090519426627923,0.8050541516245487,0.9405583964578448,1.0,6/45,11.17%,OGT;SHH;PERP;CYFIP2;TRIM32;RNF139
prerank,Endothelial Tube Morphogenesis (GO:0061154),-0.3842584411294216,-0.808741661382273,0.7031539888682746,0.9405679506220899,1.0,5/9,23.98%,BMP4;CTNNB1;STARD13;RBPJ;PRKD2
prerank,Regulation Of Defense Response To Virus (GO:0050688),0.326200962896526,0.80819850452616,0.7244444444444444,0.8777443844907682,1.0,7/17,22.29%,ZMPSTE24;PPM1B;IFNLR1;HERC5;RNF216;TRAF3;ELMOD2
prerank,Histone Deacetylation (GO:0016575),0.2765384173062767,0.8081614991700519,0.7862068965517242,0.8774293517157901,1.0,17/33,29.62%,SIRT2;SIRT6;CHD4;BRMS1L;HDAC2;MTA2;MBD3;SIRT7;MIER2;MBD2;GATAD2A;MTA1;HDAC11;SIRT4;RBBP4;HDAC3;TBL1X
prerank,Alpha-Amino Acid Metabolic Process (GO:1901605),0.30042821168737055,0.8077815954067094,0.7142857142857143,0.8776679772189335,1.0,2/24,1.33%,DDAH1;DDAH2
prerank,Protein Polyubiquitination (GO:0000209),0.2046026758674274,0.8076190276043131,0.9425587467362925,0.8775524457290917,1.0,45/208,19.70%,ANAPC11;CBFB;TNFSF13B;ZFP91;PEX10;RNF185;TRIM56;RNF135;RNF126;UBE2L6;CDC23;RNF34;RNF19A;RNF146;TRIM27;ZNRF1;TTC3;RMND5A;TRAF3IP2;TRIM8;MKRN3;ARRDC4;TMEM129;ANAPC13;UBE2G2;RNF167;KBTBD7;RNF6;RNF166;RNF31;RBCK1;UBE2E1;RNF114;UBE2D2;RNF41;SHARPIN;RNF187;BCL2;FBXL7;UBE2J2;RNF216;TRIM34;PEX12;RFFL;DTX3L
prerank,Synaptic Vesicle Uncoating (GO:0016191),-0.45102948513485885,-0.80729006722029,0.7443181818181818,0.9425491364043677,1.0,3/5,20.30%,SYNJ1;SH3GL3;SH3GL2
prerank,SRP-dependent Cotranslational Protein Targeting To Membrane (GO:0006614),-0.37498589759752154,-0.8072534290252247,0.7155963302752294,0.9421074191777956,1.0,1/10,3.75%,SEC61A2
prerank,Cell Part Morphogenesis (GO:0032990),0.36616321205137503,0.8070606083685095,0.6907894736842105,0.8781064582000416,1.0,2/10,7.23%,NUBPL;FIS1
prerank,Gonad Development (GO:0008406),-0.28001589227889456,-0.806859281855691,0.8010849909584087,0.9422517342211277,1.0,7/37,10.17%,WNT4;NR2F2;KIT;WNT2B;FGF9;MSH2;LHCGR
prerank,Sensory Organ Development (GO:0007423),0.25462420251967377,0.8067354583881524,0.8009259259259259,0.8782353051899259,1.0,5/53,6.04%,MAFB;SMOC1;TGFB2;HIPK1;GATA3
prerank,Skin Morphogenesis (GO:0043589),0.4019098467383058,0.8064825040431134,0.7178947368421053,0.8782502136119338,1.0,1/7,1.31%,ITGB4
prerank,Golgi Disassembly (GO:0090166),0.4317663016231533,0.8057011443987716,0.6643835616438356,0.8790860829941142,1.0,1/5,7.17%,GBF1
prerank,Negative Regulation Of Protein Localization To Plasma Membrane (GO:1903077),0.30867561983928044,0.8054922483753267,0.7647058823529411,0.8790176616358258,1.0,5/18,13.16%,TGFB1;BCL2L1;TMBIM1;LRPAP1;DAB2
prerank,Negative Regulation Of Transforming Growth Factor Beta Receptor Signaling Pathway (GO:0030512),-0.246630170829273,-0.8054580140064651,0.815742397137746,0.9441008991573796,1.0,16/74,17.86%,OGT;ASPN;WFIKKN1;HSPA1A;LTBP1;TGFB1I1;SMURF2;PMEPA1;WFIKKN2;ADAMTSL2;ARID4B;SMAD6;TET1;BMP2;CAV1;PIN1
prerank,"Wnt Signaling Pathway, Planar Cell Polarity Pathway (GO:0060071)",-0.302545278242953,-0.8053422045683757,0.7598425196850394,0.94379407698091,1.0,5/25,12.06%,FZD6;MAGI2;SMURF2;WNT11;PRICKLE1
prerank,Coenzyme A Metabolic Process (GO:0015936),-0.33798872454534507,-0.8053009605447897,0.7514231499051234,0.9433521924938925,1.0,5/15,26.45%,ACOT7;PANK1;COASY;PANK3;PPCDC
prerank,Positive Regulation Of Neurogenesis (GO:0050769),-0.24799096657950467,-0.805269763056255,0.8394415357766143,0.9429040624763689,1.0,13/69,13.73%,CAPRIN2;SLIT2;IFNG;PLXNA2;HAPLN4;AMIGO1;CDKL3;CTNNB1;TRIM32;NCAN;SS18L1;PLXNA4;SLITRK1
prerank,Regulation Of Programmed Necrotic Cell Death (GO:0062098),0.3655462646137346,0.8052395909216811,0.7302631578947368,0.8790572426202735,1.0,1/10,0.55%,NUPR1
prerank,"Base-Excision Repair, Gap-Filling (GO:0006287)",-0.36819538031853855,-0.8051890535276073,0.7398523985239852,0.9425271729937533,1.0,4/11,23.77%,LIG3;PARG;NEIL1;POLE
prerank,Tryptophan Metabolic Process (GO:0006568),0.4055620089999017,0.8050347702474873,0.6991341991341992,0.8790102636949486,1.0,1/6,12.66%,KYNU
prerank,Signal Complex Assembly (GO:0007172),-0.44686089592189404,-0.8046133899608224,0.7235621521335807,0.9430127611673639,1.0,1/5,10.01%,MAPK8IP2
prerank,Regulation Of Glutamate Receptor Signaling Pathway (GO:1900449),0.43718627076905314,0.8042491966891093,0.7105263157894737,0.8798917719858302,1.0,2/5,17.31%,FRRS1L;FYN
prerank,Intermembrane Lipid Transfer (GO:0120009),-0.4544724854599778,-0.8033572415569343,0.7580071174377224,0.9445969831045594,1.0,3/5,22.90%,CERT1;TTPA;CPTP
prerank,Regulation Of Viral Transcription (GO:0046782),0.3311448224160261,0.8030417955124398,0.7046979865771812,0.8814802706278365,1.0,7/16,24.17%,LARP7;TRIM27;RSF1;TARBP2;TRIM11;MDFIC;TRIM62
prerank,Detection Of Bacterium (GO:0016045),0.4281377942771313,0.8026259172122251,0.7130977130977131,0.8817644261028365,1.0,1/5,5.97%,NLRC4
prerank,Response To Fatty Acid (GO:0070542),-0.3438368178260611,-0.802573955219391,0.7137404580152672,0.9453916840829638,1.0,4/16,17.90%,KCNK4;PDK4;PPP5C;PID1
prerank,Organic Cyclic Compound Biosynthetic Process (GO:1901362),-0.31676109180983936,-0.8020407098638809,0.7417102966841187,0.9458114962639079,1.0,4/20,13.55%,FDFT1;LIAS;CYP51A1;SRD5A1
prerank,sno(s)RNA 3'-End Processing (GO:0031126),-0.36426304833865064,-0.801576640645624,0.7269372693726938,0.946086147682569,1.0,3/11,14.80%,FBLL1;TENT4B;PARN
prerank,Regulation Of Carbohydrate Biosynthetic Process (GO:0043255),-0.4191006471905975,-0.8015617619421623,0.7345454545454545,0.9456029683394447,1.0,1/7,0.96%,OGT
prerank,Regulation Of Transcription By RNA Polymerase I (GO:0006356),0.2749873225744117,0.8015324825020457,0.7803203661327232,0.8831504147552255,1.0,7/30,18.60%,MAF1;POLR2L;ATF4;POLR2K;BAZ1B;DDX21;SIRT7
prerank,Negative Regulation Of Macrophage Activation (GO:0043031),0.3287662905265751,0.8013478528238073,0.7176724137931034,0.8830700443454057,1.0,2/14,9.02%,GRN;FCGR2B
prerank,Regulation Of Histone Acetylation (GO:0035065),-0.31358099329903794,-0.801152863672341,0.7522935779816514,0.9457480512917448,1.0,2/20,6.63%,PPARGC1A;TWIST1
prerank,Transcription-Coupled Nucleotide-Excision Repair (GO:0006283),0.38154169386055453,0.8010521757740051,0.7185501066098081,0.8831373921388703,1.0,2/8,11.99%,USP7;POLR2I
prerank,Regulation Of Histone Methylation (GO:0031060),0.37669437201152156,0.8010071673939679,0.7075268817204301,0.8828336400914216,1.0,2/9,8.68%,RRP8;EHMT2
prerank,Mitotic Cell Cycle Phase Transition (GO:0044772),-0.2322444877599083,-0.8004747558224726,0.8905982905982905,0.946364761243356,1.0,18/103,18.96%,USH1C;TPD52L1;CUL1;CUL2;LATS2;ANAPC2;EPS8;LATS1;MASTL;USP37;BRSK1;PIM2;CCNE2;CLASP2;KHDRBS1;PHF8;KDM8;HINFP
prerank,Microtubule Polymerization (GO:0046785),-0.2804903029806369,-0.8004139550336825,0.7825311942959001,0.9459615398436827,1.0,9/34,20.98%,SLAIN2;CENPJ;ZNF207;NDE1;TUBGCP5;CLASP2;PIN1;TUBGCP2;FGF13
prerank,Intracellular Zinc Ion Homeostasis (GO:0006882),0.33940698716058115,0.8002901132528817,0.7180043383947939,0.8836064345725823,1.0,6/14,21.59%,SLC39A14;SLC39A7;SLC39A8;TMC8;SLC30A5;MT3
prerank,Granulocyte Activation (GO:0036230),0.372198651946626,0.8002635493749921,0.7242888402625821,0.8832663968423048,1.0,2/10,10.58%,PREX1;PRKCD
prerank,Golgi Organization (GO:0007030),0.22361454662956337,0.8000954854294446,0.892018779342723,0.8831404779113896,1.0,16/112,11.42%,TMED9;RAB1B;LMAN1;MYO18A;VPS51;VTI1B;TMED1;RAB29;SURF4;GBF1;NSFL1C;ARHGAP21;TMED2;ATP8B4;TMED10;GOLPH3
prerank,Bile Acid And Bile Salt Transport (GO:0015721),0.33575216469925706,0.7994148904223841,0.7645687645687645,0.8838203201480767,1.0,5/15,13.15%,ABCC3;SLCO1C1;SLCO2B1;SLC27A5;ABCC4
prerank,Positive Regulation Of DNA Repair (GO:0045739),-0.23996840775118988,-0.7992776644404288,0.851602023608769,0.9473222545491804,1.0,18/83,16.86%,FGF10;EYA1;EGFR;SMCHD1;ARID1B;ACTL6B;BABAM2;SMARCC2;SPIRE2;EYA2;EYA4;SMARCA4;NPAS2;ACTR5;PHF10;INO80E;RNF8;INO80C
prerank,Regulation Of Neuroblast Proliferation (GO:1902692),-0.3001496871115098,-0.7992289773848542,0.7509025270758123,0.9468922401499758,1.0,5/24,12.58%,PTN;HAPLN4;NF1;CTNNB1;NCAN
prerank,C4-dicarboxylate Transport (GO:0015740),-0.37500233146860695,-0.7992030069522083,0.7246891651865008,0.9464288680140257,1.0,3/10,11.61%,SLC25A12;SLC25A11;SLC13A5
prerank,Mitochondrial Transcription (GO:0006390),-0.36701715368945886,-0.799193846910041,0.726078799249531,0.9459433098013916,1.0,3/11,25.56%,MTERF3;SLC25A33;MTERF4
prerank,TORC2 Signaling (GO:0038203),0.44734425934768696,0.7990453177780793,0.7039473684210527,0.8840276981662966,1.0,1/5,5.36%,PRR5L
prerank,Histone H4-K8 Acetylation (GO:0043982),-0.3382034479051544,-0.7988871962848495,0.75,0.9454015640698714,1.0,3/15,13.68%,OGT;ING5;KAT8
prerank,Histone H4-K5 Acetylation (GO:0043981),-0.3382034479051544,-0.7988871962848495,0.75,0.9454015640698714,1.0,3/15,13.68%,OGT;ING5;KAT8
prerank,Negative Regulation Of Meiotic Nuclear Division (GO:0045835),0.43502751699579156,0.798734666767871,0.7136563876651982,0.8841530023849925,1.0,5/5,56.51%,TRIP13;FBXO43;HORMAD1;ERCC4;FBXO5
prerank,Regulation Of Proteolysis Involved In Protein Catabolic Process (GO:1903050),0.3058295009212692,0.798594363509086,0.7697228144989339,0.8840020499448843,1.0,5/22,13.00%,PSME2;PSME1;PTK2B;CTSC;PSMD14
prerank,Negative Regulation Of Cardiac Muscle Cell Differentiation (GO:2000726),-0.4538009295026346,-0.7985867510467068,0.7435424354243543,0.9453955364389774,1.0,1/5,6.67%,SMAD4
prerank,Serine Family Amino Acid Biosynthetic Process (GO:0009070),-0.37175053653529566,-0.7982071344759881,0.7239583333333334,0.9455439506179141,1.0,3/10,23.83%,CTH;SERINC3;PSPH
prerank,Hypotonic Response (GO:0006971),-0.428459746234236,-0.7981120456462524,0.7398523985239852,0.945204308908194,1.0,3/6,18.38%,STK39;SLC12A5;CAB39
prerank,Response To Light Stimulus (GO:0009416),0.255744984521611,0.797959265695881,0.8227272727272728,0.8846694784847771,1.0,5/49,7.62%,TNFSF13B;TP53I13;USP1;RRH;SIRT6
prerank,Regulation Of Protein Deacetylation (GO:0090311),-0.3317938017070788,-0.7979515269584386,0.7269503546099291,0.9449545769645891,1.0,5/17,27.31%,IFNG;KAT2A;DYRK1A;EP300;MBIP
prerank,Maintenance Of Protein Localization In Organelle (GO:0072595),0.3202973660274269,0.7974878976821158,0.7522727272727273,0.8850148681332375,1.0,5/16,18.32%,HK2;ARL2;SUPT7L;CHCHD10;ARL2BP
prerank,Post-Translational Protein Modification (GO:0043687),0.2558874916056724,0.7972808846297516,0.8534278959810875,0.8849599832554057,1.0,10/46,18.16%,PARP10;FAM20C;PARP1;FN3K;PRKCD;PRKCB;PRKCA;STT3A;AURKB;BAZ1B
prerank,Positive Regulation Of Double-Strand Break Repair (GO:2000781),0.23219532002824778,0.7972391737505499,0.8623024830699775,0.8846522277964454,1.0,9/80,9.75%,WAS;SPIRE1;VPS72;DPF3;MRGBP;SIRT6;SMARCB1;PARP1;DPF2
prerank,snRNA 3'-End Processing (GO:0034472),0.30651150322157683,0.7970366860365431,0.7572383073496659,0.8846135722560271,1.0,6/20,12.43%,EXOSC4;INTS7;EXOSC7;USB1;INTS14;EXOSC6
prerank,Negative Regulation Of Morphogenesis Of An Epithelium (GO:1905331),-0.44328479568650087,-0.796343578306015,0.738404452690167,0.9470759853730728,1.0,2/5,4.59%,NKD1;TBX2
prerank,NAD Biosynthetic Process (GO:0009435),-0.338288732958707,-0.7962121338862573,0.7173076923076923,0.9467838969803128,1.0,2/15,4.80%,PTGIS;NMNAT2
prerank,Sterol Biosynthetic Process (GO:0016126),-0.2964614142131975,-0.7957320717547851,0.7975133214920072,0.9470652864142103,1.0,5/26,13.14%,FDFT1;INSIG1;HMGCR;DHCR7;CYP51A1
prerank,Negative Regulation Of Blood Pressure (GO:0045776),0.3512072322502764,0.795717491283045,0.734341252699784,0.8863319701123376,1.0,2/12,8.09%,APLN;SCPEP1
prerank,Response To X-ray (GO:0010165),-0.3614239603834385,-0.7956959105963293,0.723826714801444,0.9466169168896239,1.0,3/11,14.51%,ATM;MSH2;NIPBL
prerank,B Cell Differentiation (GO:0030183),0.25483921606727866,0.7955699363778116,0.8169014084507042,0.8862037815400728,1.0,5/50,6.38%,PTPRJ;PTPN2;LYL1;CLCF1;SLC39A7
prerank,Negative Regulation Of Transcription By RNA Polymerase I (GO:0016479),-0.40371612119055905,-0.7955438658701864,0.7345454545454545,0.9463586974065471,1.0,2/7,9.90%,CREBBP;FLNA
prerank,Protein Monoubiquitination (GO:0006513),0.2606180332783301,0.7955286677024194,0.839622641509434,0.8858924063131607,1.0,16/46,24.54%,TNFSF13B;TRIM56;FANCF;RNF126;RNF10;OBI1;PEX2;UHRF1;PEX12;RNF220;FAAP20;RNF40;RBX1;TRIM41;HUWE1;RNF20
prerank,Nucleoside Diphosphate Metabolic Process (GO:0009132),-0.4031695967576048,-0.7946510323341981,0.7269439421338155,0.947300940010719,1.0,2/7,21.11%,ENTPD3;RRM2
prerank,Positive Regulation Of Transcription From RNA Polymerase II Promoter In Response To Stress (GO:0036003),0.32041636396613815,0.7945320473746872,0.7450110864745011,0.8870924589804662,1.0,3/16,7.33%,CEBPB;ATF4;MUC1
prerank,Purine Ribonucleotide Metabolic Process (GO:0009150),0.24401049156916604,0.7944313661219271,0.8794326241134752,0.8868758930174075,1.0,5/63,5.85%,GNAI3;AMPD3;TPST1;TPST2;GPAT4
prerank,Regulation Of mRNA Processing (GO:0050684),-0.28318528525178754,-0.7943112812515821,0.8011049723756906,0.947351352659598,1.0,8/34,16.64%,SRRM1;SRPK1;PTCD2;CDK11B;NCBP1;RBM20;RBM39;IWS1
prerank,Negative Regulation Of Alpha-Beta T Cell Differentiation (GO:0046639),-0.4049333473304012,-0.7942286564468946,0.7588126159554731,0.9469739692628953,1.0,1/7,1.55%,GLI3
prerank,Mitochondrial tRNA Modification (GO:0070900),0.3964903192384899,0.7932027409365285,0.7057613168724279,0.8883957580803278,1.0,7/7,60.37%,METTL8;PUS1;TRMT61B;TRIT1;RPUSD4;TRMT5;TRMT10C
prerank,Ceramide Metabolic Process (GO:0006672),0.259449262733063,0.7931421303424728,0.8235294117647058,0.8881221211370394,1.0,10/46,13.32%,SPTSSA;PLA2G15;CLN6;CERS4;ABCA2;ASAH1;SPTLC2;PLPP2;NSMAF;ORMDL2
prerank,Response To Interleukin-6 (GO:0070741),0.37323060688362675,0.7930809187226806,0.6971677559912854,0.8878368679017896,1.0,5/9,16.48%,ST3GAL6;RELA;CITED1;SBNO2;SELPLG
prerank,Bile Acid Biosynthetic Process (GO:0006699),-0.31201526695327997,-0.7928678173816297,0.7851985559566786,0.9486569154359844,1.0,3/21,7.28%,OSBPL9;OSBPL6;ACOX2
prerank,Negative Regulation Of Excitatory Postsynaptic Potential (GO:0090394),-0.4414895595614803,-0.7926270965675511,0.7336956521739131,0.9485623361130222,1.0,4/5,43.51%,PTEN;LRRK2;TMEM25;MTMR2
prerank,Defense Response To Protozoan (GO:0042832),0.33380962245860224,0.7925367571770372,0.6855895196506551,0.8882811049978585,1.0,2/13,5.68%,SLC11A1;MYD88
prerank,Negative Regulation Of Ossification (GO:0030279),0.3115677433031466,0.792299826087552,0.772093023255814,0.8882740112591622,1.0,5/20,16.40%,CCR1;PTK2B;MEF2C;TMEM53;GREM1
prerank,Cell Cycle G1/S Phase Transition (GO:0044843),0.25283970528777294,0.7921594689133755,0.8604118993135011,0.8881305638320823,1.0,11/48,16.88%,EIF4EBP1;CDKN1A;CCND2;MAP3K11;CDKN3;RCC1;CCNE1;E2F3;CDK4;CDKN1B;GPR132
prerank,Regulation Of Skeletal Muscle Satellite Cell Proliferation (GO:0014842),0.4284434773334209,0.791670025622594,0.698744769874477,0.8885350168069194,1.0,2/5,9.40%,FGF2;EPHB1
prerank,Vesicle Organization (GO:0016050),-0.23516626840730545,-0.7915577656207419,0.8941798941798942,0.949798408022497,1.0,23/86,23.06%,CD34;VAMP1;SYT4;VPS11;DNM1;STX16;TRAPPC13;AP2M1;HOOK3;HOOK1;SNX10;RNF26;TSNARE1;ZFYVE16;CHMP5;STX17;CAV1;CHMP2B;STX1B;ARFGEF2;ALS2;LAPTM4B;PHETA1
prerank,Regulation Of Cellular Respiration (GO:0043457),0.3262431557202538,0.79131430440837,0.7804878048780488,0.888733474348968,1.0,4/14,15.20%,SHMT2;NOA1;ARL2;IFNLR1
prerank,Epithelial Cell Morphogenesis (GO:0003382),0.365123414201763,0.7912845920277054,0.703862660944206,0.8883967854548328,1.0,3/9,12.96%,RILPL1;RAB25;SIPA1
prerank,O-glycan Processing (GO:0016266),0.26524148173671697,0.7911691895902513,0.8220338983050848,0.8881918876231217,1.0,8/38,17.26%,GALNT3;GALNT2;B3GNT5;B4GALT5;ST6GAL1;ST6GALNAC2;B3GNT7;GCNT1
prerank,Adiponectin-Activated Signaling Pathway (GO:0033211),-0.43448485238909773,-0.7909320294911211,0.7332123411978222,0.9502878584733334,1.0,1/5,6.30%,APLP2
prerank,Mesodermal Cell Differentiation (GO:0048333),-0.39726084441789866,-0.7909119005941724,0.753199268738574,0.9498218681045412,1.0,1/8,0.95%,ITGA8
prerank,"Positive Regulation Of mRNA Splicing, Via Spliceosome (GO:0048026)",0.31033706711009745,0.7909059376043183,0.7607223476297968,0.8882171985757701,1.0,5/19,15.82%,CLNS1A;WDR77;RBM3;SF3B4;STH
prerank,Phosphate Ion Homeostasis (GO:0055062),-0.43050673691287267,-0.7906358326011181,0.7550274223034735,0.9497572348714486,1.0,1/6,6.83%,SFRP4
prerank,3'-UTR-mediated mRNA Destabilization (GO:0061158),-0.3421865570972207,-0.7904715092095019,0.7445652173913043,0.9495145531548902,1.0,2/13,11.81%,RBM24;MOV10
prerank,RNA Polyadenylation (GO:0043631),0.29800551937461206,0.7897525569674133,0.7593360995850622,0.8896241589375325,1.0,8/23,17.32%,CDC73;GRSF1;CPSF3;LEO1;PCF11;CSTF3;PAPOLG;PEX2
prerank,Regulation Of Telomere Capping (GO:1904353),-0.31274081176164903,-0.7892181515947577,0.7653631284916201,0.9510224647401632,1.0,1/20,0.51%,MAP3K4
prerank,Regulation Of DNA Replication (GO:0006275),0.23620687135763488,0.7891505471416389,0.8555045871559633,0.89017418397089,1.0,19/71,21.42%,YY1;TFPT;NUCKS1;INO80;POLE3;GTPBP4;EHMT2;S100A11;ACTR8;OBI1;ORC5;RUVBL1;CDT1;STON1;PCNA;MEAF6;GLI2;BLM;RBBP6
prerank,Negative Regulation Of T-helper 17 Cell Differentiation (GO:2000320),-0.4069861261439369,-0.78912957608085,0.7577413479052824,0.9506664635895611,1.0,3/7,19.40%,RC3H2;IL4;TBX21
prerank,Microtubule Anchoring (GO:0034453),-0.37933154127027746,-0.7885697550241276,0.7271062271062271,0.9510507191364644,1.0,4/9,27.39%,GCC2;CLASP2;CAMSAP3;MBD1
prerank,Long-Chain Fatty Acid Import Into Cell (GO:0044539),0.38143022380072,0.7885491643731884,0.7139784946236559,0.8907222026546316,1.0,3/8,16.96%,SLC27A5;SLC27A1;SLC2A1
prerank,Adenosine Metabolic Process (GO:0046085),0.42214308837811576,0.7883576779553487,0.7266811279826464,0.890650539281883,1.0,5/5,57.80%,ADAL;NT5C1A;TADA2A;NT5C2;ADA
prerank,Purine Ribonucleoside Triphosphate Metabolic Process (GO:0009205),0.2903624953873852,0.7882977227431146,0.7872860635696821,0.8903709112627454,1.0,1/27,0.21%,GNAI3
prerank,Positive Regulation Of Viral Genome Replication (GO:0045070),0.2927143135036875,0.7882194093177058,0.7676537585421412,0.8901073977978955,1.0,12/26,25.14%,RAD23A;DDB1;TOP2A;STAU1;TOP2B;PPIA;TARBP2;PPIE;CNOT7;CCL5;PDE12;IFIT1
prerank,Fatty Acid Derivative Biosynthetic Process (GO:1901570),0.31589858702355,0.7880349011774004,0.7466367713004485,0.8899976910484956,1.0,4/17,12.76%,ALOX5;PPT1;FAR2;SLC27A5
prerank,Regulation Of Actin Filament Bundle Assembly (GO:0032231),0.29709757455864055,0.7878827173263863,0.8016359918200409,0.8898614676877147,1.0,3/23,6.60%,PFN1;WAS;PLEK
prerank,Regulation Of Blood Vessel Remodeling (GO:0060312),-0.4371813226365671,-0.7878537356188399,0.7458866544789763,0.95163820392017,1.0,2/5,5.97%,NRG1;FLT4
prerank,Regulation Of Phosphate Metabolic Process (GO:0019220),-0.35154086373379667,-0.787581134089295,0.7632508833922261,0.9515460612423927,1.0,4/13,20.89%,SRPX2;IL4;PSEN1;GNB3
prerank,Translational Elongation (GO:0006414),-0.2781718432589141,-0.7872774305759007,0.8037542662116041,0.9515123234647159,1.0,5/32,10.06%,EEF2K;EEF1A2;PELO;EIF5A2;DROSHA
prerank,Neurotransmitter Biosynthetic Process (GO:0042136),-0.37375036909678694,-0.7871280852428707,0.7509225092250923,0.9512630394948778,1.0,5/9,22.60%,CHAT;PAH;SLC5A7;SLC44A4;MOXD1
prerank,Insulin Receptor Signaling Pathway (GO:0008286),0.26097109743833,0.7871267655037872,0.8130434782608695,0.8906245921776494,1.0,4/43,3.83%,BAIAP2;IRS2;SLC39A14;PTPN2
prerank,Negative Regulation Of Delayed Rectifier Potassium Channel Activity (GO:1902260),0.4299278751849976,0.786901281644362,0.7391304347826086,0.8906119511018032,1.0,1/5,3.33%,KCNE3
prerank,Cell Differentiation In Spinal Cord (GO:0021515),-0.39418678779265115,-0.786737161198958,0.7485822306238186,0.9513578035970278,1.0,3/8,10.89%,ISL1;ZC4H2;MDGA1
prerank,Positive Regulation Of DNA Replication (GO:0045740),-0.31884888855880356,-0.7860656442891732,0.7642980935875217,0.9519335151310755,1.0,2/17,7.88%,EGFR;NPM2
prerank,Membrane Fission (GO:0090148),-0.2743464008721759,-0.7859019230153362,0.8243478260869566,0.9517005897037442,1.0,11/38,19.46%,EXOC6B;CHMP1B;VPS36;EXOC4;STAM2;DNM1L;EXOC7;EXOC6;CHMP5;CHMP2B;TSG101
prerank,Xenobiotic Catabolic Process (GO:0042178),-0.3831204506490785,-0.7858985636823322,0.7414721723518851,0.9512055567473591,1.0,4/8,38.06%,CYP3A5;GSTM3;TPMT;NOS1
prerank,Kinetochore Organization (GO:0051383),0.35461775035882764,0.7858014813329262,0.7259100642398287,0.8919081838561079,1.0,1/10,6.38%,NPC1
prerank,Double-Strand Break Repair Via Homologous Recombination (GO:0000724),0.22060099606289102,0.7857598109679075,0.9341176470588235,0.891589516240636,1.0,23/108,18.78%,YY1;NUCKS1;INO80;NSMCE4A;XRCC1;NPC1;NSMCE1;PPP4C;FSCN1;CHD4;EXD2;PSMD14;SFR1;XRCC3;RAD51D;SAMHD1;PALB2;POLL;POLN;STON1;RBBP8;TOP3A;AP5S1
prerank,"Mitochondrial Electron Transport, Ubiquinol To Cytochrome C (GO:0006122)",0.35188369593180885,0.7856570866319034,0.7379912663755459,0.8913706937744236,1.0,4/11,22.21%,UQCR11;UQCC3;UQCRB;UQCR10
prerank,Lipid Catabolic Process (GO:0016042),0.3267813111539182,0.7856489849192271,0.759493670886076,0.8910081164920617,1.0,5/14,11.35%,SIRT2;LIPE;HSD17B14;PPT1;LCP1
prerank,Lymphocyte Chemotaxis (GO:0048247),0.2729687322154121,0.7854743295569405,0.811965811965812,0.890911155229034,1.0,6/30,13.85%,CCL2;CCL20;CXCL16;HSD3B7;CH25H;CCL18
prerank,Negative Regulation Of DNA-templated DNA Replication (GO:2000104),-0.40957867235368933,-0.7853125399242584,0.7435897435897436,0.9516222388318476,1.0,4/7,35.40%,LIG3;SLFN11;TIPIN;GMNN
prerank,Purine Nucleoside Bisphosphate Metabolic Process (GO:0034032),-0.32945799199284764,-0.7852663048366623,0.7528089887640449,0.9507006071817706,1.0,3/16,12.19%,ACOT7;ACOT12;ACSF2
prerank,Ribonucleoside Bisphosphate Metabolic Process (GO:0033875),-0.32945799199284764,-0.7852663048366623,0.7528089887640449,0.9507006071817706,1.0,3/16,12.19%,ACOT7;ACOT12;ACSF2
prerank,Multivesicular Body Assembly (GO:0036258),0.2815863734480083,0.7850898450540682,0.7915690866510539,0.8911019126478508,1.0,7/28,16.67%,SNF8;CHMP2A;MVB12A;VPS37D;HGS;VPS37C;CHMP7
prerank,Translational Termination (GO:0006415),0.3916400968424802,0.7850775588328553,0.7280334728033473,0.8907475556201914,1.0,3/7,17.92%,APEH;ETF1;GSPT2
prerank,Positive Regulation Of Lamellipodium Assembly (GO:0010592),0.3041001338935407,0.7848116836454126,0.7760869565217391,0.8907644599673528,1.0,5/20,9.11%,CYFIP1;ACTR3;TWF2;WASF2;FSCN1
prerank,Positive Regulation Of Actin Nucleation (GO:0051127),0.35534904587616833,0.7846795170249817,0.7121535181236673,0.8905990035615268,1.0,4/10,16.30%,CYFIP1;WASF2;SCIN;WHAMM
prerank,Protein Deubiquitination (GO:0016579),0.22509283960443022,0.7841984135493104,0.900990099009901,0.89093670989267,1.0,6/90,4.78%,OTUD7B;USP47;SHMT2;USP7;USP1;STAMBPL1
prerank,Semaphorin-Plexin Signaling Pathway Involved In Axon Guidance (GO:1902287),0.38715812778644787,0.7841383688734953,0.7235772357723578,0.8906522337267267,1.0,3/7,10.75%,PLXND1;PLXNB1;PLXNC1
prerank,Regulation Of Extracellular Matrix Constituent Secretion (GO:0003330),0.38591566086607354,0.7841305521801103,0.731651376146789,0.8902901660757517,1.0,2/7,15.48%,TNFRSF1A;RGCC
prerank,Positive Regulation Of Protein Maturation (GO:1903319),-0.38850945765388323,-0.7840795305704628,0.7618147448015122,0.9520925482640494,1.0,2/8,10.28%,NKD2;BAG2
prerank,Positive Regulation Of Erythrocyte Differentiation (GO:0045648),0.2955394185640332,0.7840637600141078,0.7714932126696833,0.8900006091888427,1.0,2/24,3.69%,NCKAP1L;INHBA
prerank,Negative Regulation Of Viral Genome Replication (GO:0045071),0.24679519249020748,0.7837800435127122,0.8632286995515696,0.8900630220649984,1.0,9/51,14.13%,LTF;APOBEC3C;TNIP1;PROX1;OASL;MAVS;PLSCR1;IFI16;BANF1
prerank,Nuclear-Transcribed mRNA Catabolic Process (GO:0000956),0.22706065324928398,0.7832149631069472,0.9078014184397163,0.8905135400433761,1.0,14/84,12.43%,NCBP2;RBM8A;EXOSC4;POLR2G;SAMD4A;XRN2;CSDE1;MRTO4;PNRC2;SAMD4B;PATL1;EXOSC7;CNOT11;EXOSC6
prerank,Positive Regulation Of Execution Phase Of Apoptosis (GO:1900119),0.3935343702822338,0.7830653074704171,0.7270588235294118,0.8903507085822024,1.0,3/7,14.04%,SIRT2;DYNLL1;TP53
prerank,Positive Regulation Of Protein K63-linked Ubiquitination (GO:1902523),-0.44328432351819513,-0.78259225158237,0.7717391304347826,0.9538838146924032,1.0,3/5,37.92%,DDX3X;NOD2;UBE2N
prerank,Regulation Of Heterochromatin Formation (GO:0031445),-0.42145794055032204,-0.7819775190751915,0.7574626865671642,0.954378205693851,1.0,3/6,29.55%,SIN3A;L3MBTL3;CDK2
prerank,Peptidyl-Lysine Acetylation (GO:0018394),-0.378916279964665,-0.781573588384517,0.7452667814113597,0.9545013394250781,1.0,5/9,26.89%,CREBBP;KAT2A;KAT5;KAT7;EP300
prerank,Negative Regulation Of DNA Recombination (GO:0045910),-0.2908264815687327,-0.781536708117107,0.8003802281368821,0.954065695169435,1.0,5/28,13.64%,SMCHD1;TRAPPC13;MSH2;ZRANB3;RMI2
prerank,Sphingolipid Biosynthetic Process (GO:0030148),-0.24069146092644275,-0.7814441618961573,0.8606701940035273,0.9537144993022203,1.0,16/66,18.27%,TLCD3B;SGMS2;PLPP3;ST6GALNAC5;PPM1L;B4GALT6;SGPP2;ELOVL4;ORMDL3;PLPP1;SGMS1;SPTLC3;SPTSSB;ELOVL7;FUT9;ST8SIA3
prerank,Regulation Of Embryonic Development (GO:0045995),-0.252245426971448,-0.7812883889226536,0.8460207612456747,0.9534606685340629,1.0,12/57,16.86%,PHLDB2;RBM19;WDPCP;INSR;ACTR5;NIPBL;INO80E;OTX2;KAT2A;NR2C2;CLASP2;INO80C
prerank,Regulation Of Receptor Binding (GO:1900120),0.37190424733298755,0.7808672604363058,0.7126436781609196,0.8932424358845384,1.0,1/8,0.85%,PTPRF
prerank,Protein Localization To Basolateral Plasma Membrane (GO:1903361),-0.4160005381875963,-0.7807740712510775,0.7696737044145874,0.9537513998780119,1.0,2/6,17.72%,LIN7A;CAV1
prerank,Regulation Of Tubulin Deacetylation (GO:0090043),-0.3276113661049388,-0.7806344578974082,0.7565674255691769,0.9534660952057014,1.0,4/16,15.74%,FNTA;PRKAA1;PRKAA2;KAT2A
prerank,Embryonic Placenta Development (GO:0001892),0.3865252255248723,0.7806162714756142,0.710239651416122,0.8932323407166793,1.0,1/7,4.39%,TFEB
prerank,Coronary Vasculature Development (GO:0060976),-0.402702977327441,-0.7802735524582973,0.7624521072796935,0.9535228732085125,1.0,3/7,19.02%,BMP4;GATA6;GPC3
prerank,Protein Sumoylation (GO:0016925),0.2551583290584563,0.7800739843528941,0.8470066518847007,0.893662000659264,1.0,6/42,9.13%,SUMO3;UBE2I;NSMCE4A;SUMO2;NSMCE1;TRIM27
prerank,Regulation Of Multicellular Organismal Development (GO:2000026),0.24771854132871152,0.7799758802668622,0.8308457711442786,0.8934337311696329,1.0,9/54,12.69%,YY1;TFPT;BAG6;INO80;GATA3;ALOX15B;HPSE;ACTR8;RAB14
prerank,Positive Regulation Of Macromolecule Biosynthetic Process (GO:0010557),-0.22273597670138895,-0.779912377910111,0.9182608695652174,0.9535709107652628,1.0,13/107,10.99%,PDGFRB;OGT;KDR;KLF4;PLD1;IFNG;INSR;AZU1;SLC25A37;LDB1;IL6;FMR1;SMOC2
prerank,Positive Regulation Of Transcription From RNA Polymerase II Promoter Involved In Cellular Response To Chemical Stimulus (GO:1901522),0.33669020458513355,0.7798398025877925,0.7330316742081447,0.8932578517652657,1.0,2/13,8.10%,XBP1;RELA
prerank,Positive Regulation Of Sodium Ion Transmembrane Transport (GO:1902307),0.3630172190689761,0.7794888840241136,0.7315436241610739,0.8933992301800898,1.0,2/9,4.65%,GLRX;ATP1B2
prerank,Lipid Biosynthetic Process (GO:0008610),-0.24992762686034625,-0.7793825495915527,0.8664259927797834,0.9538831042833744,1.0,10/57,13.55%,AGPAT4;FDFT1;PDSS2;LIPC;PRKAA1;ELOVL4;HMGCR;PRKAA2;CYP51A1;SRD5A1
prerank,G-quadruplex DNA Unwinding (GO:0044806),-0.4090526344822659,-0.77918517000752,0.7359855334538878,0.9536945867939638,1.0,1/6,8.57%,WRN
prerank,Negative Regulation Of Voltage-Gated Potassium Channel Activity (GO:1903817),-0.40193485566706477,-0.7782335665775602,0.7395437262357415,0.9546087948851637,1.0,3/7,17.72%,KCNAB1;GRP;CAV1
prerank,Intracellular Sodium Ion Homeostasis (GO:0006883),0.3331474225599742,0.7781875691769155,0.7219730941704036,0.8949557458485673,1.0,2/13,4.65%,SLC8A1;ATP1B2
prerank,Atrial Cardiac Muscle Cell To AV Node Cell Signaling (GO:0086026),0.38128975838552714,0.7781074353242886,0.7336244541484717,0.8946923928751156,1.0,2/7,6.30%,KCNA5;KCNQ1
prerank,Anoikis (GO:0043276),0.37429139215416257,0.7779562275720979,0.7393258426966293,0.8945370235505915,1.0,2/8,11.49%,MAP3K7;BMF
prerank,Short-Chain Fatty Acid Catabolic Process (GO:0019626),0.4188363695854871,0.7777632810664573,0.7249466950959488,0.8944586533387128,1.0,1/5,4.15%,PCK2
prerank,Positive Regulation Of Histone Acetylation (GO:0035066),-0.33545579597606623,-0.777197913926888,0.7654545454545455,0.9556671598239689,1.0,2/13,6.67%,PPARGC1A;SMAD4
prerank,Cellular Response To Gamma Radiation (GO:0071480),-0.31907907124344964,-0.7771690278097964,0.7692307692307693,0.9552204132995294,1.0,4/15,15.94%,ATR;WRN;TSPYL5;YAP1
prerank,Chondroitin Sulfate Biosynthetic Process (GO:0030206),0.3372163978922692,0.7771498759207746,0.7876106194690266,0.894957633896885,1.0,4/12,13.13%,CHST11;CSGALNACT2;CHST3;CHST9
prerank,Steroid Catabolic Process (GO:0006706),-0.37062744516804424,-0.7767539146914617,0.7649253731343284,0.9553526623100369,1.0,2/9,4.19%,HSD11B1;STS
prerank,Nucleoside Phosphate Catabolic Process (GO:1901292),0.345677017137204,0.7767287175682459,0.7288888888888889,0.895198497438863,1.0,1/10,3.77%,ITPA
prerank,acyl-CoA Metabolic Process (GO:0006637),-0.30781226707007037,-0.7762562321428672,0.8053571428571429,0.9555846776362096,1.0,4/21,15.50%,ACOT7;ACOT12;ACSF2;MCEE
prerank,Positive Regulation Of Locomotion (GO:0040017),0.28294473238256085,0.7762462776589616,0.8076062639821029,0.8955457310480568,1.0,5/27,13.61%,TREM2;TGFB1;STX4;P2RY12;CSF1R
prerank,Positive Regulation Of Adaptive Immune Response Based On Somatic Recombination Of Immune Receptors Built From Immunoglobulin Superfamily Domains (GO:0002824),0.3625753073416951,0.7758165870752156,0.75054704595186,0.8958179533049574,1.0,2/9,11.06%,SLC11A1;IL12RB1
prerank,Negative Regulation Of Cytokinesis (GO:0032466),-0.43781905768845975,-0.775200346077738,0.7553956834532374,0.9566852927718462,1.0,1/5,10.10%,E2F8
prerank,Toxin Transport (GO:1901998),-0.3835701582610506,-0.7750861832313783,0.75,0.9563508422391976,1.0,2/8,6.72%,SLC22A2;SLC22A3
prerank,Negative Regulation Of B Cell Apoptotic Process (GO:0002903),-0.41061106430506966,-0.7749525989376821,0.7601476014760148,0.9560581924715142,1.0,2/6,11.75%,FOXP1;ORMDL3
prerank,Negative Regulation Of DNA Binding (GO:0043392),-0.2850505073888603,-0.7747147786798987,0.8199643493761141,0.9559315754641661,1.0,1/26,0.19%,LEF1
prerank,Positive Regulation Of Chromosome Segregation (GO:0051984),0.30544998196810647,0.7744850046511189,0.7767220902612827,0.8973798513713436,1.0,1/18,3.06%,SIRT2
prerank,Nuclear Chromosome Segregation (GO:0098813),-0.3325975635576909,-0.7743142145988925,0.768642447418738,0.9560526921432358,1.0,3/15,10.43%,GEM;SPICE1;LATS1
prerank,Digestive System Development (GO:0055123),-0.3801299029646172,-0.7742651184705392,0.7490974729241877,0.9556364831720497,1.0,3/8,14.51%,KIT;CLMP;NIPBL
prerank,Positive Regulation Of Blood Pressure (GO:0045777),-0.39270367233556447,-0.7739439405863313,0.7527881040892194,0.9556244739645019,1.0,4/7,35.69%,SPX;TAC3;QRFP;ID2
prerank,Regulation Of Endothelial Cell Chemotaxis To Fibroblast Growth Factor (GO:2000544),-0.4363126714092356,-0.7739253478809802,0.7490706319702602,0.9551555111366054,1.0,2/5,6.28%,FGF18;FGFR1
prerank,Negative Regulation Of Nitric Oxide Biosynthetic Process (GO:0045019),-0.3950792534550196,-0.7737076242933416,0.7462406015037594,0.9544918172205314,1.0,2/7,4.67%,PTGIS;ROCK2
prerank,Negative Regulation Of Nitric Oxide Metabolic Process (GO:1904406),-0.3950792534550196,-0.7737076242933416,0.7462406015037594,0.9544918172205314,1.0,2/7,4.67%,PTGIS;ROCK2
prerank,Negative Regulation Of RNA Splicing (GO:0033119),-0.3210349737453143,-0.7736055846379674,0.7849056603773585,0.9541505938825379,1.0,3/16,13.07%,PTBP1;PTBP2;RBM20
prerank,Endosome To Lysosome Transport Via Multivesicular Body Sorting Pathway (GO:0032510),0.3200378928632879,0.7735826607269072,0.7510822510822511,0.8983401516601761,1.0,2/15,4.49%,CHMP2A;MVB12A
prerank,succinyl-CoA Catabolic Process (GO:1901289),-0.42456237654816886,-0.7732640512980647,0.7619047619047619,0.9541656008468651,1.0,2/5,36.29%,SUCLA2;NUDT7
prerank,Fatty Acid Beta-Oxidation Using acyl-CoA Dehydrogenase (GO:0033539),-0.3583504473845195,-0.7723719492649374,0.7832167832167832,0.9549925033388064,1.0,4/10,27.53%,ACADL;ETFDH;ETFA;ACADVL
prerank,Negative Regulation Of calcineurin-NFAT Signaling Cascade (GO:0070885),0.3522341459182183,0.7714805352596965,0.7924944812362031,0.900624265049345,1.0,1/11,0.91%,HOMER3
prerank,Negative Regulation Of Calcineurin-Mediated Signaling (GO:0106057),0.3522341459182183,0.7714805352596965,0.7924944812362031,0.900624265049345,1.0,1/11,0.91%,HOMER3
prerank,Positive Regulation Of Fatty Acid Beta-Oxidation (GO:0032000),-0.38206796251424785,-0.7712682199820229,0.762962962962963,0.9561551719374775,1.0,2/8,6.63%,ABCD2;TWIST1
prerank,Regulation Of Intracellular Protein Transport (GO:0033157),0.2625447531877701,0.770995672843943,0.8248337028824834,0.9009416585644571,1.0,7/35,11.35%,TGFB1;OAZ2;PRR5L;RAB29;PTPN1;ERGIC3;LCP1
prerank,Regulation Of DNA Repair (GO:0006282),0.2135096437531609,0.7708788881429521,0.9538461538461539,0.9007476297168802,1.0,13/125,8.30%,TAF10;RADX;YY1;TFPT;INO80;USP1;VPS72;DPF3;PPP4R2;MRGBP;SMARCB1;PARP1;PPP4C
prerank,Nuclear-Transcribed mRNA poly(A) Tail Shortening (GO:0000289),-0.30516177534525146,-0.7708260414971536,0.8036036036036036,0.9563171755967022,1.0,8/20,23.39%,PARN;CNOT4;NLRP6;CNOT6L;CNOT6;TUT4;PAN2;TUT7
prerank,ESCRT Complex Disassembly (GO:1904896),-0.37662479909161606,-0.7705290207265845,0.7704918032786885,0.9557704260123844,1.0,3/8,19.17%,CHMP1B;CHMP5;CHMP2B
prerank,ESCRT III Complex Disassembly (GO:1904903),-0.37662479909161606,-0.7705290207265845,0.7704918032786885,0.9557704260123844,1.0,3/8,19.17%,CHMP1B;CHMP5;CHMP2B
prerank,Medium-Chain Fatty Acid Metabolic Process (GO:0051791),0.3347916475251869,0.7705146082970588,0.7425531914893617,0.9009318109542895,1.0,3/11,15.65%,ACAD9;ABHD2;OXSM
prerank,Adenosine To Inosine Editing (GO:0006382),-0.4150183639576544,-0.7687999908893186,0.7645985401459854,0.9578528118505387,1.0,2/6,18.20%,ADARB1;METTL3
prerank,DNA-templated Transcription Termination (GO:0006353),0.3203904738595792,0.7683165452238386,0.7718120805369127,0.9037424526040272,1.0,4/13,21.64%,XRN2;PCF11;POLR2A;POLR3K
prerank,Constitutive Heterochromatin Formation (GO:0140719),-0.3990158425721198,-0.7678834044952053,0.7541899441340782,0.958684258850999,1.0,2/7,4.85%,EZH1;SMCHD1
prerank,Substrate-Dependent Cell Migration (GO:0006929),-0.3341224482283637,-0.7675188663290891,0.7771739130434783,0.9587319721492218,1.0,5/13,25.64%,NELL1;ITGB1BP1;ITGA2;ITGA11;SDCBP
prerank,Ionotropic Glutamate Receptor Signaling Pathway (GO:0035235),-0.33618279826543995,-0.7670727076757192,0.779783393501805,0.9588840236446597,1.0,5/12,17.46%,CDK5R1;GRIN1;GRIN3B;GRIN2B;GRIN2D
prerank,Response To Ionizing Radiation (GO:0010212),-0.23702660183225674,-0.7665516362608633,0.8956521739130435,0.9591706119427428,1.0,17/68,27.09%,HUS1;EYA1;DCUN1D3;ATM;PRKAA1;MSH2;BABAM2;ECT2;BRSK1;RNF8;KAT5;USP28;MAPK14;MYC;BRCA1;CLK2;BARD1
prerank,Negative Regulation Of Alpha-Beta T Cell Activation (GO:0046636),0.370173252305162,0.7662926524904508,0.7516483516483516,0.9062670724245389,1.0,2/9,6.09%,LILRB1;CD300A
prerank,Cytoskeleton-Dependent Cytokinesis (GO:0061640),0.22769637433481887,0.7660352307434006,0.9263657957244655,0.9062742627551561,1.0,6/76,6.71%,SEPTIN9;SPIRE1;RHOA;JTB;RHOC;CFL1
prerank,Negative Regulation Of JNK Cascade (GO:0046329),0.26621368965742265,0.7656922492271623,0.8465116279069768,0.9063754246046689,1.0,4/33,9.85%,SIRPA;MAPK8IP1;GSTP1;DUSP3
prerank,Positive Regulation Of Dendritic Spine Development (GO:0060999),-0.3059353961761119,-0.7656853600227849,0.7982142857142858,0.9599347138217496,1.0,6/18,21.42%,CAPRIN2;DBN1;FMR1;LRP8;PSEN1;FOXO6
prerank,Triglyceride Catabolic Process (GO:0019433),0.34847003235848234,0.7649905197160877,0.7734204793028322,0.9069753298935281,1.0,3/10,11.35%,LIPE;GPIHBP1;LCP1
prerank,interleukin-17A-mediated Signaling Pathway (GO:0038173),0.41744837720763506,0.7648835784819528,0.7597535934291582,0.906747719244674,1.0,3/5,17.77%,MAP3K7;TRAF3IP2;IL17RA
prerank,Regulation Of Transforming Growth Factor Beta2 Production (GO:0032909),0.40367656266749796,0.7648265389194261,0.739406779661017,0.9064530400457275,1.0,1/6,2.71%,TGFB2
prerank,Regulation Of Leukocyte Cell-Cell Adhesion (GO:1903037),0.3460183653110403,0.7648254637148723,0.7620087336244541,0.9060778296686129,1.0,2/11,5.03%,FUT4;AKT1
prerank,Positive Regulation Of Response To Stimulus (GO:0048584),-0.24119810745638112,-0.7647775552744738,0.8791208791208791,0.9607744928896311,1.0,15/65,18.05%,FGF10;EYA1;EGFR;SMCHD1;BABAM2;HOMER1;EYA2;EYA4;NPAS2;ACTR5;INO80E;RNF8;ADIPOQ;INO80C;PLA2G1B
prerank,Maintenance Of Gastrointestinal Epithelium (GO:0030277),0.34628138179243606,0.7646385185036015,0.7439824945295405,0.9059551901228454,1.0,2/11,10.41%,SERPINA3;STRAP
prerank,Medium-Chain Fatty Acid Biosynthetic Process (GO:0051792),-0.4307824925702577,-0.7646191107131736,0.7627737226277372,0.9605110542443672,1.0,1/5,3.96%,ACOT7
prerank,Regulation Of Protein Binding (GO:0043393),0.2155714426278534,0.764242651064227,0.9326923076923077,0.906142957125202,1.0,17/105,13.16%,DNAJB2;SORL1;CDKN1A;TTBK1;DERL1;CRK;TRIB3;AKT1;BAX;GTF2F1;DVL1;STK4;PRKCD;NES;LRPAP1;DISC1;DAB2
prerank,Sphingomyelin Metabolic Process (GO:0006684),-0.3476512923108268,-0.7639384262279929,0.7822878228782287,0.9609664823558859,1.0,2/11,13.08%,SGMS2;SGMS1
prerank,Regulation Of Dephosphorylation (GO:0035303),-0.33239943834029845,-0.7639218389763373,0.7809694793536804,0.9604967885338689,1.0,1/14,2.66%,PPP1R17
prerank,Regulation Of Insulin Receptor Signaling Pathway (GO:0046626),-0.26500513625155486,-0.763894602578119,0.8300536672629696,0.9600514475650793,1.0,3/38,4.52%,VWA2;OGT;TNS2
prerank,Regulation Of NK T Cell Proliferation (GO:0051140),0.4140360169067076,0.7638386301492287,0.7549668874172185,0.9063135309369352,1.0,3/5,26.84%,ZBTB7B;RASAL3;TYK2
prerank,Regulation Of Lipoprotein Metabolic Process (GO:0050746),-0.39340143062487165,-0.7636908606155508,0.7771535580524345,0.9598481412666436,1.0,1/7,9.80%,ULK1
prerank,Regulation Of Cellular Senescence (GO:2000772),-0.27643521120846004,-0.7636793073249197,0.8277777777777777,0.9593754817734174,1.0,4/29,6.63%,MAP3K3;TBX2;RBL1;TWIST1
prerank,Protein Autoubiquitination (GO:0051865),-0.2350560502486487,-0.7631486010452575,0.8921739130434783,0.9596383674316162,1.0,15/67,21.88%,RNF115;UHRF2;UBE3A;BABAM2;SH3RF2;RNFT1;RNF11;KLHL24;CNOT4;RNF8;RNF157;TRAF6;RNF112;TRIM52;RNF183
prerank,Negative Regulation Of Interleukin-17 Production (GO:0032700),0.387716200873169,0.7629827509254399,0.7304147465437788,0.9071240917985496,1.0,1/7,2.65%,NCKAP1L
prerank,Protein Deacetylation (GO:0006476),0.253288270765432,0.7622353565928187,0.8383371824480369,0.9077832761918759,1.0,18/37,29.62%,SIRT2;SIRT6;CHD4;BRMS1L;HDAC2;MTA2;MBD3;SIRT7;MIER2;MBD2;GATAD2A;HDAC10;MTA1;HDAC11;SIRT4;RBBP4;HDAC3;TBL1X
prerank,Regulation Of DNA Damage Checkpoint (GO:2000001),-0.3052604302207701,-0.7616227643865585,0.8110091743119267,0.9613027164509551,1.0,6/18,28.12%,TTI1;ETAA1;BRCA1;BARD1;THOC1;TELO2
prerank,Histone H2A Monoubiquitination (GO:0035518),-0.3185534394810241,-0.7612522677121336,0.7716390423572744,0.9613530275935561,1.0,5/14,30.91%,PCGF2;BRCA1;BARD1;PCGF1;RNF2
prerank,ncRNA Metabolic Process (GO:0034660),-0.31673516168349325,-0.7611356398573124,0.7901234567901234,0.9610233574621996,1.0,8/16,33.47%,TENT4B;PARN;ZCCHC7;TUT4;TUT7;DICER1;TRIM71;MEPCE
prerank,Vacuole Fusion (GO:0097576),-0.35453157834350457,-0.7610425056086383,0.7794117647058824,0.9606557952657088,1.0,1/10,1.29%,CHMP1B
prerank,Locomotor Rhythm (GO:0045475),-0.40110131013368133,-0.7609444586721211,0.7752808988764045,0.9603026178966693,1.0,3/6,35.69%,EGR1;PTEN;ID2
prerank,Regulation Of Transposition (GO:0010528),0.33517175548212447,0.7605713926115018,0.7389277389277389,0.9096630537662921,1.0,1/11,3.51%,APOBEC3C
prerank,Cellular Response To Prostaglandin E Stimulus (GO:0071380),-0.3971014429211952,-0.7600935081939099,0.768796992481203,0.9610428687393398,1.0,2/6,12.61%,SFRP1;PTGER2
prerank,Protein Heterotetramerization (GO:0051290),0.3404733506888684,0.7598408596715319,0.7692307692307693,0.910308631373813,1.0,1/11,0.91%,NUDT21
prerank,Mitotic Spindle Assembly (GO:0090307),-0.2572865171337845,-0.7597967380994923,0.8532423208191127,0.9609714640906074,1.0,13/42,27.00%,PIBF1;MAP9;ZNF207;STAG1;SPICE1;FLNA;CLASP2;STAG2;AURKC;KIF23;KIF4B;BCCIP;KIFC1
prerank,Proton Transmembrane Transport (GO:1902600),0.24500156567712728,0.7595224176877183,0.855036855036855,0.9103576111798595,1.0,4/42,7.64%,HVCN1;UCP2;ATP6V1F;ATP5MF
prerank,Sulfur Amino Acid Catabolic Process (GO:0000098),0.41398874370187533,0.7587094328965298,0.7758241758241758,0.9110918377650687,1.0,1/5,10.69%,MPST
prerank,Vitamin A Metabolic Process (GO:0006776),0.3914141414141414,0.757643958008674,0.7545871559633027,0.9121477221583727,1.0,6/6,60.87%,RPE65;BCO1;RLBP1;LRAT;KDM5A;ARID4A
prerank,Chromatin Remodeling (GO:0006338),-0.20179676853418196,-0.7575820970953053,0.9825949367088608,0.9635838152587796,1.0,42/210,19.41%,EZH1;BAZ2B;JARID2;SFPQ;ARID1B;BICRAL;GATAD1;PER1;MTHFR;ACTL6B;CHD3;KDM6A;NPM2;NFAT5;CHD1;CHD6;TTI1;KDM4C;SS18;GLMN;MECOM;SMARCC2;SMARCA4;ACTR5;PHF10;TOP1;INO80E;ZBTB1;WAC;HDAC4;TET1;KAT2A;RNF8;IWS1;INO80C;MIER1;PCGF2;SF3B1;CTCF;BAZ1A;KDM4B;KAT5
prerank,Regulation Of Cellular Response To Insulin Stimulus (GO:1900076),0.40271772134639744,0.7574274750574802,0.756198347107438,0.912077514150547,1.0,1/6,2.53%,PPARG
prerank,Negative Regulation Of Membrane Potential (GO:0045837),0.39256013376227905,0.7570386278419335,0.7398720682302772,0.9118629189047753,1.0,1/6,5.39%,BAX
prerank,Negative Regulation Of Mitochondrial Membrane Potential (GO:0010917),0.39256013376227905,0.7570386278419335,0.7398720682302772,0.9118629189047753,1.0,1/6,5.39%,BAX
prerank,Positive Regulation Of Protein Processing (GO:0010954),-0.31568694627122634,-0.7564849023329432,0.7939508506616257,0.9646585153165981,1.0,6/16,16.79%,NKD2;BAG2;GSN;MYH9;CLEC3B;KLKB1
prerank,Long-Term Memory (GO:0007616),0.2903700839023129,0.7562911699645126,0.8173913043478261,0.912513697632266,1.0,2/19,4.87%,RGS14;NOL3
prerank,Positive Regulation Of Heterochromatin Formation (GO:0031453),-0.3366057071605076,-0.7562279833408372,0.8084291187739464,0.964537529064088,1.0,7/13,34.07%,TASOR;SIN3A;MPHOSPH8;CDK2;TRIM28;ATF7IP2;PPHLN1
prerank,Regulation Of Pentose-Phosphate Shunt (GO:0043456),-0.4207586325637649,-0.7559704711285856,0.7605893186003683,0.9644043916037351,1.0,1/5,8.63%,RPTOR
prerank,Ribosome Disassembly (GO:0032790),-0.3387725191319049,-0.7555602114679583,0.7831541218637993,0.9644867137684793,1.0,3/12,16.08%,PELO;EIF2D;MRRF
prerank,Post-Translational Protein Targeting To Endoplasmic Reticulum Membrane (GO:0006620),-0.32459636425966654,-0.7548228810305274,0.7818181818181819,0.9650091070874545,1.0,1/13,3.75%,SEC61A2
prerank,Negative Regulation Of Anoikis (GO:2000811),-0.32531150736903647,-0.7544589493977268,0.7915129151291513,0.9650259576124706,1.0,3/14,17.72%,TLE1;PDK4;CAV1
prerank,Cellular Response To Peptide (GO:1901653),0.24389813847696207,0.754215171199657,0.8741865509761388,0.914961407719476,1.0,7/51,14.14%,TREM2;XBP1;LGMN;FCGR2B;CYP11A1;TP53;ICAM1
prerank,Neuron Cell-Cell Adhesion (GO:0007158),0.3292562105152563,0.7537471988956626,0.793859649122807,0.9152589965552909,1.0,3/13,10.04%,NLGN2;ASTN2;NRXN2
prerank,Aspartate Family Amino Acid Catabolic Process (GO:0009068),-0.34284306258804714,-0.7536268911662523,0.776173285198556,0.9656548343599921,1.0,4/11,12.17%,GOT1;CRYM;HYKK;ASPA
prerank,Intracellular Protein Transmembrane Transport (GO:0065002),0.24727014562782718,0.7536180194836842,0.8820754716981132,0.9150496776312551,1.0,18/43,26.99%,PEX5;PEX10;HSPD1;ROMO1;TIMM17B;SEC62;TOMM20;PEX2;PEX12;ZFAND2B;PEX16;SEC61G;TIMM50;PEX6;GRPEL2;TIMM21;TIMM44;SEC61A1
prerank,Myeloid Dendritic Cell Differentiation (GO:0043011),0.37430549423716014,0.7533918352983224,0.7653276955602537,0.9149804659077836,1.0,2/7,8.30%,BATF3;DHRS2
prerank,Protein Heterooligomerization (GO:0051291),0.3040175357206427,0.7531259676581848,0.8252212389380531,0.9149347070511823,1.0,1/17,0.91%,NUDT21
prerank,Regulation Of Immune Effector Process (GO:0002697),-0.382269613119695,-0.7530674027849386,0.7628676470588235,0.9659710852730993,1.0,1/7,1.97%,CFH
prerank,Negative Regulation Of RIG-I Signaling Pathway (GO:0039536),-0.3985215589035674,-0.75302798898797,0.7893738140417458,0.9655295938621006,1.0,1/6,6.87%,RNF125
prerank,Phosphatidylinositol Biosynthetic Process (GO:0006661),-0.22107487892785557,-0.7520833482491938,0.945750452079566,0.9663677120944287,1.0,12/91,15.57%,CDS1;PITPNM2;PI4KA;PGAP3;SOCS2;SYNJ1;MTMR7;SYNJ2;PIP5K1C;MTMR6;PIK3CB;PITPNM3
prerank,Positive Regulation Of Macroautophagy (GO:0016239),0.23660277424379952,0.7517661793403018,0.8959276018099548,0.9163269797842127,1.0,2/55,0.65%,GNAI3;HSPB8
prerank,Rescue Of Stalled Ribosome (GO:0072344),-0.29942073027154115,-0.7516750777218786,0.8242530755711776,0.9664095456736029,1.0,8/19,30.64%,PELO;KLHDC10;TCF25;MTRES1;NEMF;ASCC2;USP10;RNF14
prerank,Signal Transduction In Response To DNA Damage (GO:0042770),-0.24243128401634148,-0.7516544609350712,0.8806509945750453,0.9659478579042854,1.0,5/53,8.43%,CASP9;HUS1;ATR;ATM;MDM4
prerank,Motile Cilium Assembly (GO:0044458),-0.32513083949145716,-0.7506528642305044,0.7849462365591398,0.9668122859118993,1.0,6/14,29.04%,CCDC39;CFAP221;CCDC40;SPAG17;BBS5;RSPH9
prerank,Mesoderm Morphogenesis (GO:0048332),0.3333332718172842,0.7503017994357184,0.7583892617449665,0.9178807439130372,1.0,1/11,1.03%,CRB2
prerank,Cellular Response To Platelet-Derived Growth Factor Stimulus (GO:0036120),0.3687972445746932,0.7502365634065845,0.7399103139013453,0.9176031609546604,1.0,1/7,6.39%,MTSS2
prerank,Negative Regulation Of Receptor Internalization (GO:0002091),-0.3313213592770953,-0.7501424285631799,0.8059701492537313,0.9669880968960752,1.0,8/13,34.41%,ATXN2;NECAB2;UBQLN2;WDR54;SDCBP;DLG4;PCSK9;ANXA2
prerank,Peptidyl-Lysine Hydroxylation (GO:0017185),-0.37101403576202513,-0.749993213929751,0.789568345323741,0.9666955104071239,1.0,2/7,8.91%,VIPAS39;P3H3
prerank,Negative Regulation Of Potassium Ion Transport (GO:0043267),-0.34166316989689427,-0.7493055263038447,0.7969639468690702,0.9671188597241094,1.0,5/11,18.38%,STK39;CASQ2;KCNH2;CAV1;CAB39
prerank,Negative Regulation Of Insulin Receptor Signaling Pathway (GO:0046627),0.2733485188168566,0.749226212323322,0.8340807174887892,0.9185438568064681,1.0,6/24,18.65%,PTPN2;PTPN1;PRKCD;PRKCB;SOCS1;PIP4K2B
prerank,Phosphatidylinositol 3-Kinase Signaling (GO:0014065),-0.26641898011084025,-0.7491559318884502,0.8333333333333334,0.9668302849408331,1.0,7/32,15.28%,MYO16;HTR2A;NYAP2;NF1;PLEKHA1;IGF1R;PIK3CB
prerank,Autophagy Of Peroxisome (GO:0030242),-0.35093480507681585,-0.7487751116235261,0.7890772128060264,0.9668700572022432,1.0,3/9,15.79%,PIK3R4;ATM;PJVK
prerank,Positive Regulation Of Lymphocyte Chemotaxis (GO:0140131),-0.32451058222024143,-0.7487017023362881,0.8028673835125448,0.9664802990884905,1.0,2/14,9.33%,CCL4;STK39
prerank,Regulation Of Ribonuclease Activity (GO:0060700),-0.41843747816525534,-0.7486211967664621,0.7873134328358209,0.9660984870804901,1.0,1/5,6.57%,PDE3A
prerank,Positive Regulation Of Cytokine Production Involved In Inflammatory Response (GO:1900017),0.29959858311849186,0.7485554387051534,0.803921568627451,0.9190828956573273,1.0,5/17,19.67%,MYD88;CD6;IL17RA;CLEC7A;TICAM1
prerank,Regulation Of Immunoglobulin Mediated Immune Response (GO:0002889),-0.420993500278329,-0.7485529468386881,0.7909604519774012,0.9657065744929391,1.0,3/5,27.93%,IL4;TNFSF4;IL10
prerank,Cell Differentiation Involved In Metanephros Development (GO:0072202),-0.37263881551850353,-0.7484815931948545,0.779245283018868,0.9653158949804783,1.0,1/8,5.73%,WNT4
prerank,"Negative Regulation Of mRNA Splicing, Via Spliceosome (GO:0048025)",-0.32937000111674164,-0.7481623435186333,0.7977099236641222,0.965251582080547,1.0,2/13,13.07%,PTBP1;RBM20
prerank,Glutamate Metabolic Process (GO:0006536),-0.30944353068679836,-0.7481288809177243,0.8288288288288288,0.9648175527687184,1.0,2/17,7.39%,NAGS;GOT1
prerank,Regulation Of Dopamine Uptake Involved In Synaptic Transmission (GO:0051584),0.4108578463095247,0.7478196462287771,0.7489082969432315,0.9196542628589477,1.0,3/5,29.42%,SNCA;TOR1A;GDNF
prerank,mRNA Modification (GO:0016556),0.2764568688911472,0.7467483324250445,0.8296460176991151,0.920693710822896,1.0,6/24,19.84%,DKC1;CMTR1;ZC3H13;TRMT61A;RPUSD2;PCIF1
prerank,Regulation Of Transcription Initiation By RNA Polymerase II (GO:0060260),0.22848409613093384,0.7458160215089163,0.9229024943310657,0.9215224350514764,1.0,3/56,5.94%,TAF10;ZNHIT1;MED9
prerank,Positive Regulation Of Epidermal Growth Factor Receptor Signaling Pathway (GO:0045742),-0.2742354556635626,-0.7455458319261727,0.8425047438330171,0.9677182694704887,1.0,1/26,0.70%,ADRA2A
prerank,Regulation Of Cellular Metabolic Process (GO:0031323),-0.25402140396475,-0.7453070891937514,0.8863636363636364,0.9675298492625096,1.0,7/43,13.22%,BCO2;OGT;SLC2A6;CYP1B1;PDK4;COQ7;NCOR2
prerank,Protein Acetylation (GO:0006473),-0.27581134261071283,-0.7451109776051442,0.8413547237076648,0.9672956221398901,1.0,11/27,31.22%,CREBBP;ING5;KAT5;NAA35;NAA15;ING4;NAA20;KAT6A;EP300;NAA16;NAA80
prerank,Regulation Of PERK-mediated Unfolded Protein Response (GO:1903897),0.3624942265202171,0.7449641789553236,0.7668997668997669,0.922267655790237,1.0,3/8,19.61%,PTPN1;BOK;NCK2
prerank,Glutathione Catabolic Process (GO:0006751),-0.41859201629403125,-0.7435870947788183,0.8051470588235294,0.9687563656828319,1.0,3/5,42.39%,GGT7;GGT1;DPEP1
prerank,Regulation Of JUN Kinase Activity (GO:0043506),0.24995915857605866,0.7430340633994683,0.8837209302325582,0.9244791416497691,1.0,8/40,12.67%,MAPK8IP1;GSTP1;MAP3K5;MAP3K11;PTPN1;MAP3K7;TNFRSF11A;DAB2IP
prerank,Metaphase Plate Congression (GO:0051310),-0.2466866148935229,-0.7430128861455267,0.9016697588126159,0.969037233975861,1.0,5/49,8.15%,CHMP1B;GEM;PIBF1;PDCD6IP;SPICE1
prerank,Vesicle Fusion With Vacuole (GO:0051469),-0.3546370825308787,-0.7427226163081702,0.7777777777777778,0.9684367555651147,1.0,1/9,1.29%,CHMP1B
prerank,Multivesicular Body-Lysosome Fusion (GO:0061763),-0.3546370825308787,-0.7427226163081702,0.7777777777777778,0.9684367555651147,1.0,1/9,1.29%,CHMP1B
prerank,"Phototransduction, Visible Light (GO:0007603)",0.3977373161968966,0.7424153275338596,0.7411504424778761,0.9248969709361266,1.0,2/5,22.46%,PDE6B;GNAQ
prerank,RNA Export From Nucleus (GO:0006405),0.22898825788748442,0.7422331405338981,0.9287356321839081,0.9247458214794767,1.0,6/58,12.90%,NCBP2;RBM8A;GLE1;NUP188;ALKBH5;CHTOP
prerank,Antifungal Innate Immune Response (GO:0061760),0.36438726375295144,0.7416846276700286,0.7814569536423841,0.9250745709361768,1.0,3/8,19.07%,CLEC4A;CX3CR1;CLEC7A
prerank,Positive Regulation Of Protein Kinase A Signaling (GO:0010739),-0.3832513428414046,-0.7415828337500507,0.8029197080291971,0.96943435620014,1.0,2/7,16.54%,TCIM;ADIPOQ
prerank,DNA Repair (GO:0006281),0.18527189042870287,0.7414555294847023,0.9975062344139651,0.9249863275533422,1.0,28/268,11.61%,USP47;NUDT1;UNG;NUCKS1;INO80;ALKBH2;NSMCE4A;XRCC1;NEIL2;RAD23A;REXO4;FANCF;BACH1;DDB1;SIRT6;GADD45A;PARP1;CIB1;TDP2;EXO5;SMUG1;FSCN1;ASCC3;ZNF668;APEX1;ACTR8;TEX264;EXD2
prerank,Meiosis I (GO:0007127),-0.31334486836808495,-0.7407593669002248,0.8234234234234235,0.970014900692816,1.0,7/15,33.77%,FOXJ2;ZSCAN21;FOXJ3;MOV10L1;TDRD9;CCNA1;DDX4
prerank,Alpha-Beta T Cell Activation (GO:0046631),0.3154197165805286,0.7406293931745802,0.777120315581854,0.9256862411835589,1.0,6/12,29.45%,TRBC2;CLEC4A;CD3G;CD247;CD3D;CD3E
prerank,Protein O-linked Mannosylation (GO:0035269),-0.3104904081932524,-0.7405775644803138,0.7929759704251387,0.9697673332689665,1.0,1/15,1.15%,TMTC1
prerank,Cellular Response To Amyloid-Beta (GO:1904646),-0.26175224009955894,-0.7403916394248103,0.8787878787878788,0.9695345901167732,1.0,13/32,25.51%,CACNA2D1;GRIN1;ATP1A3;APP;IGF1R;GSK3B;CACNB1;PSEN1;CDK5;AGER;GRIN2A;VCAM1;TLR6
prerank,Positive Regulation Of Circadian Rhythm (GO:0042753),-0.3674907135951989,-0.7402641481041415,0.7961335676625659,0.96922340553041,1.0,3/8,32.31%,KAT5;THRAP3;RORC
prerank,Lymphocyte Migration Into Lymphoid Organs (GO:0097021),0.38732291073540337,0.7402111259266935,0.7626373626373626,0.9258302410401203,1.0,2/6,16.21%,FUT4;WNK1
prerank,Regulation Of Activin Receptor Signaling Pathway (GO:0032925),0.3195032750553276,0.7399852392791506,0.810126582278481,0.925749211043691,1.0,6/13,19.12%,IGSF1;CSNK2B;SKI;SMAD7;FSTL3;ACVR2B
prerank,Lamellipodium Organization (GO:0097581),0.2555473311146512,0.7398813274567286,0.9023861171366594,0.9255096384763113,1.0,13/30,23.98%,CYFIP1;PTPRO;GOLPH3;P2RY12;SNX1;MYO9B;WHAMM;ARFIP2;ARHGEF6;CTTN;SPEF1;ARHGEF4;CCDC88A
prerank,RNA Stabilization (GO:0043489),0.2572999080202649,0.7395573523033953,0.8961038961038961,0.9255325265930016,1.0,7/32,17.23%,SLC11A1;DKC1;TNIP1;ZCCHC17;YBX1;PHAX;METTL1
prerank,Negative Regulation Of Organelle Assembly (GO:1902116),0.25889150895686486,0.7389669390025271,0.880184331797235,0.9259148127123688,1.0,2/33,4.01%,NUPR1;LIMK2
prerank,Megakaryocyte Differentiation (GO:0030219),-0.321260755324095,-0.738936281400492,0.8139963167587477,0.9704432073675303,1.0,3/13,9.90%,GP1BB;KIT;FLNA
prerank,cGMP Biosynthetic Process (GO:0006182),-0.38526077661740676,-0.7388684965826289,0.7824497257769653,0.9700416404284812,1.0,1/6,8.33%,NPR1
prerank,Regulation Of Microtubule Binding (GO:1904526),-0.3914916610730719,-0.7383789809553881,0.7783783783783784,0.9701870437183756,1.0,3/6,16.98%,MAP2;TTBK2;MARK2
prerank,Intracellular pH Elevation (GO:0051454),-0.4130939844022211,-0.7383700074168886,0.8022181146025879,0.9697157969202554,1.0,2/5,21.20%,OCA2;TMEM175
prerank,Positive Regulation Of DNA-templated Transcription Initiation (GO:2000144),0.22816012114403947,0.7381740550567852,0.920704845814978,0.9265242903975368,1.0,3/55,5.94%,TAF10;ZNHIT1;MED9
prerank,Myoblast Fusion (GO:0007520),0.3187792846755789,0.737822561638114,0.821917808219178,0.9265970518905093,1.0,3/14,13.90%,CD9;PTGFRN;ADAMTS5
prerank,Monocyte Differentiation (GO:0030224),-0.3519905784480524,-0.7374361073930966,0.8067375886524822,0.9704226051566694,1.0,3/9,12.59%,PDE1B;MT1G;MYH9
prerank,Regulation Of Inclusion Body Assembly (GO:0090083),0.3473997621841278,0.7373679180054679,0.7974137931034483,0.9268117662478786,1.0,3/9,14.28%,DNAJB2;DNAJB6;HSPA2
prerank,Regulation Of Skeletal Muscle Cell Differentiation (GO:2001014),0.3497910997905701,0.7361318440994337,0.7884187082405345,0.9278942965850435,1.0,2/8,15.61%,MEF2C;GPC1
prerank,Negative Regulation Of Protein Dephosphorylation (GO:0035308),-0.2980171437122343,-0.7360771119840285,0.8275229357798165,0.9716516344371964,1.0,4/18,15.29%,PPP4R4;PPP1R15A;MASTL;GSK3B
prerank,Spinal Cord Development (GO:0021510),-0.33812836686712977,-0.7359899491112766,0.8146167557932263,0.9712670583535055,1.0,5/11,26.69%,NF1;DLL1;PKD2;VIT;PKD1
prerank,Positive Regulation Of DNA Recombination (GO:0045911),0.23897831917608225,0.7355737203401541,0.9121621621621622,0.9282324645870687,1.0,7/47,16.05%,WAS;VPS72;MRGBP;PARP1;ACTL6A;RUVBL1;KMT5C
prerank,IMP Biosynthetic Process (GO:0006188),0.36150984825677174,0.7355296951767293,0.7690631808278867,0.9279158314303341,1.0,1/7,2.85%,AMPD3
prerank,Mitotic DNA Damage Checkpoint Signaling (GO:0044773),0.23077253170571543,0.7349801437693028,0.9284064665127021,0.9281833165482809,1.0,3/54,2.59%,TNFSF13B;FOXN3;CDKN1A
prerank,Positive Regulation Of Inositol Phosphate Biosynthetic Process (GO:0060732),-0.3782581531434571,-0.7349270782850379,0.8051470588235294,0.9721051269273,1.0,2/7,10.17%,PTH1R;LHCGR
prerank,Mitotic intra-S DNA Damage Checkpoint Signaling (GO:0031573),-0.31602275596505164,-0.7346003959550851,0.8209764918625678,0.9720223916653612,1.0,6/14,35.77%,HUS1;EME1;TIPIN;EME2;FANCD2;HUS1B
prerank,Regulation Of Vitamin D Biosynthetic Process (GO:0060556),-0.4083688071767682,-0.7345688850090074,0.8260869565217391,0.9715744191640443,1.0,1/5,4.32%,IFNG
prerank,Gas Transport (GO:0015669),-0.35364780984603916,-0.7344679395508446,0.814748201438849,0.9712014101241169,1.0,2/10,10.41%,HBD;HBB
prerank,Nucleic Acid Transport (GO:0050657),0.38002492112891206,0.7343482164699665,0.7947019867549668,0.9285834482127271,1.0,3/6,20.31%,CKAP5;YBX1;HNRNPA2B1
prerank,Detection Of Molecule Of Bacterial Origin (GO:0032490),0.39477428460345243,0.7339877545699635,0.7614678899082569,0.9286581131196093,1.0,1/5,5.55%,LY96
prerank,Cellular Response To Growth Hormone Stimulus (GO:0071378),-0.3569482339039628,-0.7339269892657546,0.8223062381852552,0.9713782754159371,1.0,4/8,30.10%,SOCS2;JAK2;GH2;PIK3R1
prerank,Regulation Of Cell Fate Commitment (GO:0010453),0.31952502426741175,0.733890895387946,0.8177676537585421,0.9284037759477994,1.0,7/12,29.18%,CHD4;HDAC2;MTA2;MBD3;GATAD2A;MTA1;RBBP4
prerank,Cellular Response To Leucine Starvation (GO:1990253),0.3204211025062094,0.7338014580767848,0.8057259713701431,0.9281407993169869,1.0,2/11,13.22%,ATF4;RNF167
prerank,Brain Morphogenesis (GO:0048854),-0.3360022999518696,-0.733756822942832,0.8278388278388278,0.9710929992115614,1.0,2/10,11.28%,SPEF2;CTNNA2
prerank,T Cell Chemotaxis (GO:0010818),0.34079638945428903,0.7325731765465836,0.7903930131004366,0.9292310500075625,1.0,1/9,5.92%,CXCL16
prerank,Peroxisome Fission (GO:0016559),0.355554975112872,0.7325003210953746,0.7756410256410257,0.9289630397391138,1.0,2/8,7.23%,PEX11G;FIS1
prerank,Negative Regulation Of Single Stranded Viral RNA Replication Via Double Stranded DNA Intermediate (GO:0045869),0.30223760892711604,0.7320205110811693,0.8125,0.929191046669356,1.0,1/14,3.51%,APOBEC3C
prerank,"Retrograde Transport, Vesicle Recycling Within Golgi (GO:0000301)",-0.36665262547156297,-0.7317171495957794,0.8007312614259597,0.9731419039646323,1.0,1/8,8.03%,COG7
prerank,Protein Methylation (GO:0006479),-0.2615562721748132,-0.7316438649426024,0.8568904593639576,0.9727453069771478,1.0,10/31,24.76%,N6AMT1;CAMKMT;PRMT8;PRMT3;EEF1AKMT1;EEF2KMT;BHMT;RAB6A;METTL22;FAM98A
prerank,Positive Regulation Of Blood Coagulation (GO:0030194),0.29029568574971654,0.7316012020249707,0.834070796460177,0.9293182764992198,1.0,3/19,8.17%,EMILIN1;EMILIN2;HPSE
prerank,Heterophilic Cell-Cell Adhesion Via Plasma Membrane Cell Adhesion Molecules (GO:0007157),-0.2513765348720366,-0.7315628636620222,0.8835978835978836,0.9723627311782619,1.0,3/38,6.49%,HMCN1;SCARF2;AMIGO1
prerank,SA Node Cell Action Potential (GO:0086015),-0.3800957813682455,-0.7311273202246827,0.8120300751879699,0.9724143423939411,1.0,3/6,19.31%,CACNA1D;HCN4;CACNA1G
prerank,Regulation Of Cell-Cell Adhesion Mediated By Integrin (GO:0033632),-0.36126370888958204,-0.7309006607778831,0.8121645796064401,0.9722059943737861,1.0,2/8,8.65%,PODXL;DPP4
prerank,Regulation Of Protein Export From Nucleus (GO:0046825),-0.2840484182685512,-0.7304720487699212,0.850828729281768,0.9722708272366349,1.0,4/21,18.49%,GAS6;IFI27;GSK3B;UHMK1
prerank,Negative Regulation Of Viral Life Cycle (GO:1903901),-0.3038719862633173,-0.7302050619692085,0.8315972222222222,0.9721216931476196,1.0,3/16,14.04%,LY6E;GSN;MID2
prerank,Mitotic DNA Replication (GO:1902969),0.3381865348033303,0.730155489231061,0.8074245939675174,0.9307231308879721,1.0,6/10,36.14%,TK1;MCM4;MCM2;MCM3;LIG1;POLA1
prerank,Termination Of RNA Polymerase II Transcription (GO:0006369),0.3630539485189634,0.730063239462479,0.7914798206278026,0.9304583818403092,1.0,2/7,12.49%,XRN2;PCF11
prerank,Negative Regulation Of Protein Ubiquitination (GO:0031397),0.23696771462171032,0.7296749362804494,0.9050925925925926,0.9305643574770942,1.0,13/48,21.05%,ARRB2;AKT1;UBXN1;GTPBP4;SMAD7;CHP1;UFL1;SVBP;SIRT7;SOX4;DTX3L;GNL3L;SQSTM1
prerank,Peptidyl-Lysine Dimethylation (GO:0018027),-0.3614432747713473,-0.7295810054158939,0.8065099457504521,0.972401124364993,1.0,2/8,12.91%,SETBP1;SMYD2
prerank,Chondroitin Sulfate Metabolic Process (GO:0030204),0.2998809692010458,0.7290340196440045,0.8396436525612472,0.9309681017576477,1.0,4/15,13.13%,CHST11;CSGALNACT2;CHST3;CHST9
prerank,Negative Regulation Of RNA Biosynthetic Process (GO:1902679),0.29658785409908867,0.7288510551931826,0.8333333333333334,0.9307975970075333,1.0,1/16,3.51%,APOBEC3C
prerank,Negative Regulation Of Protein Modification By Small Protein Conjugation Or Removal (GO:1903321),-0.24254709405764885,-0.7285806911243878,0.9113475177304965,0.9731183667085016,1.0,9/45,17.72%,OGT;DCUN1D3;HSPA1A;BAG2;CTNNB1;SH3RF2;PIAS3;PRMT3;CAV1
prerank,Negative Regulation Of mRNA Processing (GO:0050686),-0.3156383815570249,-0.7282692102527939,0.8164435946462715,0.9730134803744573,1.0,2/14,13.07%,PTBP1;RBM20
prerank,Kidney Morphogenesis (GO:0060993),0.38970540628034955,0.7282059922364252,0.7869955156950673,0.9311955342991913,1.0,5/5,61.04%,SOX4;PPP3CA;PRKX;NPHP3;WNT7B
prerank,Definitive Hemopoiesis (GO:0060216),-0.38445209537808833,-0.7281864207814108,0.7759562841530054,0.9726215896682557,1.0,2/6,5.72%,MFAP5;TGFBR3
prerank,Dermatan Sulfate Proteoglycan Metabolic Process (GO:0050655),0.39075113535244166,0.7281396212685876,0.7960088691796009,0.9309061766548868,1.0,3/5,23.94%,CSGALNACT2;CHST14;DSEL
prerank,Nucleoside Diphosphate Catabolic Process (GO:0009134),-0.41190396358067133,-0.7279590797431682,0.8056603773584906,0.9724101593814707,1.0,1/5,6.78%,ENTPD3
prerank,Autonomic Nervous System Development (GO:0048483),-0.31215485732313125,-0.7275928045374422,0.8075539568345323,0.9723596088935815,1.0,3/14,11.79%,NELL1;NF1;KIF26A
prerank,DNA-templated DNA Replication (GO:0006261),0.22039146367113496,0.7270264389163423,0.9088785046728972,0.9318735459096255,1.0,14/67,21.07%,CDK2AP1;SSBP1;POLE3;WDR18;HMGA1;RFC1;ORC5;PURA;POLD2;LRWD1;POLE4;RECQL4;GINS4;BLM
prerank,acetyl-CoA Biosynthetic Process (GO:0006085),-0.32920339871267496,-0.7265751834178458,0.8351254480286738,0.9730861919574314,1.0,5/11,32.08%,DIP2A;PDHX;ACSS1;MLYCD;ACLY
prerank,Intracellular Monoatomic Ion Homeostasis (GO:0006873),-0.29730155539611547,-0.7263043711628672,0.8588850174216028,0.9729113814662679,1.0,4/18,13.48%,SLC39A12;SLC4A1;RHCG;SLC39A10
prerank,Cell Surface Pattern Recognition Receptor Signaling Pathway (GO:0002752),0.3881515053415344,0.7262854638382907,0.7708779443254818,0.9323649203665202,1.0,5/5,61.20%,FCN3;COLEC10;FFAR2;COLEC11;EHHADH
prerank,Dolichol Metabolic Process (GO:0019348),0.3157122606093925,0.7260718726899443,0.7850678733031674,0.9322284040729648,1.0,4/13,19.29%,ALG3;DPM3;PDCD6;DPM2
prerank,ATP Metabolic Process (GO:0046034),0.25741034343098185,0.7258533806735423,0.8761904761904762,0.9320876018794697,1.0,5/29,15.24%,TGFB1;NUDT2;PARP1;ATP5F1C;NUDT5
prerank,Response To Purine-Containing Compound (GO:0014074),0.26977202273751294,0.7257767779198006,0.8674157303370786,0.9318033519630872,1.0,3/23,4.45%,TLR7;CLU;KCNJ11
prerank,Negative Regulation Of T Cell Apoptotic Process (GO:0070233),-0.39035746783191366,-0.7255126654012564,0.8121546961325967,0.9733715019964606,1.0,1/6,2.55%,TSC22D3
prerank,tRNA Processing (GO:0008033),-0.23951501892296173,-0.7250444905941802,0.9222423146473779,0.9734678083953022,1.0,12/44,30.30%,FARS2;POP1;NSUN2;NSUN6;TRMT1;TSEN54;RPP30;DDX1;FAM98A;TRUB1;TRMT9B;TRDMT1
prerank,Axonal Transport (GO:0098930),-0.2502384228411327,-0.7249682674363904,0.8777589134125636,0.9730795041454197,1.0,2/38,2.41%,NEFL;AP3B2
prerank,Peroxisomal Membrane Transport (GO:0015919),0.2892609291194108,0.7249257190338738,0.8222222222222222,0.9324638205617416,1.0,2/17,4.94%,PEX5;PEX10
prerank,Regulation Of Astrocyte Differentiation (GO:0048710),-0.3313917139706104,-0.7247389715127049,0.829443447037702,0.9728775904821698,1.0,5/11,28.59%,HES5;IL6;BMP2;NOG;F2
prerank,"Pentose-Phosphate Shunt, Non-Oxidative Branch (GO:0009052)",0.3928506173135207,0.7246515238218907,0.7743271221532091,0.9323928651923461,1.0,2/5,16.72%,SHPK;TALDO1
prerank,Cellular Response To Corticosteroid Stimulus (GO:0071384),-0.3102879213271186,-0.7245841754489404,0.8186714542190305,0.9725829170036507,1.0,2/14,7.42%,SSTR2;ISL1
prerank,Double-Strand Break Repair Via Classical Nonhomologous End Joining (GO:0097680),0.39015862738750395,0.7235422983927484,0.802660753880266,0.9333017821789684,1.0,5/5,61.00%,XRCC6;ZBTB7A;UVRAG;LIG4;ERCC8
prerank,rRNA Catabolic Process (GO:0016075),0.29332287136897095,0.723443284246558,0.8268398268398268,0.9330487020485934,1.0,4/16,12.43%,EXOSC4;TRIR;EXOSC7;EXOSC6
prerank,Regulation Of Hepatocyte Proliferation (GO:2000345),0.397095137087022,0.7225471408596412,0.7917570498915402,0.9337300160674875,1.0,1/5,1.15%,XBP1
prerank,Regulation Of Telomere Maintenance Via Telomerase (GO:0032210),-0.2391085828743792,-0.7223669510377537,0.9097345132743363,0.9747713911422246,1.0,5/46,10.65%,MAP3K4;ATR;TENT4B;ATM;CTNNB1
prerank,Autophagosome Membrane Docking (GO:0016240),0.37882653376136005,0.7223481336536767,0.7977272727272727,0.9335851084177018,1.0,1/6,7.04%,VAMP8
prerank,Protein Mannosylation (GO:0035268),-0.2904362529602247,-0.7222720376209599,0.853309481216458,0.9743979373834589,1.0,1/18,1.15%,TMTC1
prerank,Positive Regulation Of T-helper 1 Type Immune Response (GO:0002827),0.358774035559108,0.7219704886191582,0.8129032258064516,0.9336487216589159,1.0,2/8,11.06%,SLC11A1;IL12RB1
prerank,Store-Operated Calcium Entry (GO:0002115),-0.3649841639814794,-0.721717206613007,0.8048327137546468,0.9745711478156216,1.0,1/7,4.14%,STIM2
prerank,Induction Of Positive Chemotaxis (GO:0050930),-0.34180866118944414,-0.7216983471700862,0.8333333333333334,0.9741176442524299,1.0,2/10,9.81%,CXCL8;CXCL12
prerank,Negative Regulation Of Viral Entry Into Host Cell (GO:0046597),-0.303861476990701,-0.7216943534012816,0.8465608465608465,0.9736445690451047,1.0,3/15,14.04%,LY6E;GSN;MID2
prerank,Establishment Of Vesicle Localization (GO:0051650),-0.2958147800701892,-0.7216102268591337,0.8421985815602837,0.9732687258102919,1.0,3/18,8.13%,SYNJ1;KIF5A;SPG11
prerank,GDP-mannose Metabolic Process (GO:0019673),-0.41141559886730716,-0.721246016370942,0.8248175182481752,0.973205858269017,1.0,3/5,19.82%,PMM2;GMDS;MPI
prerank,Transcription Initiation At RNA Polymerase I Promoter (GO:0006361),-0.40030434827737615,-0.7210772955046792,0.8173431734317343,0.9729293109154726,1.0,1/5,10.14%,TAF1B
prerank,Positive Regulation Of Endothelial Cell Apoptotic Process (GO:2000353),-0.3041999348599368,-0.7207943527223917,0.8293135435992579,0.9727769763492453,1.0,2/14,4.94%,PLCG1;ECSCR
prerank,Positive Regulation Of Translation (GO:0045727),0.2063171812347108,0.7203843327497917,0.9623529411764706,0.935137910681283,1.0,24/88,23.86%,POLDIP3;MPV17L2;POLR2G;CNBP;SAMD4A;YTHDF1;CSDE1;NGRN;LARP6;RBM3;GUF1;YBX1;JMJD4;YBX3;EEF2;EIF4A3;SOX4;PCIF1;PLXNB2;NAT10;EIF3D;CCL5;YTHDF2;METTL8
prerank,Mitotic Cytokinetic Process (GO:1902410),-0.29326291515392744,-0.7200713051811367,0.8519924098671727,0.9731243909983286,1.0,2/18,5.44%,CHMP1B;PDCD6IP
prerank,Regulation Of Hair Cycle (GO:0042634),-0.3693576683961296,-0.7195685135979187,0.8339483394833949,0.9732254536222753,1.0,2/7,14.51%,PER1;NIPBL
prerank,Positive Regulation Of Macrophage Chemotaxis (GO:0010759),0.3156134628512881,0.7186399712342143,0.8523489932885906,0.9367382866361281,1.0,3/12,13.61%,PTK2;IL34;CSF1R
prerank,Regulation Of Actin Filament Length (GO:0030832),-0.34490383191699453,-0.7186318772154869,0.8455598455598455,0.9738243075711942,1.0,7/9,31.22%,EPS8;CXCL12;MYO3B;TMSB4Y;BRK1;MYO3A;NAA80
prerank,Nucleic Acid Phosphodiester Bond Hydrolysis (GO:0090305),0.26480598195344734,0.718373429906247,0.8726851851851852,0.9366799397095387,1.0,3/23,11.61%,RNASE6;PNRC2;EXD2
prerank,Regulation Of DNA-templated DNA Replication (GO:0090329),0.2989184664295689,0.7175359687292413,0.8433179723502304,0.9372657746743418,1.0,7/15,31.08%,CDT1;BLM;WRNIP1;MCM4;MCM2;MCM7;MCM3
prerank,tRNA 3'-End Processing (GO:0042780),0.3964389770152152,0.7173610725449194,0.7851063829787234,0.9370940373233954,1.0,5/5,60.37%,TRNT1;HSD17B10;PTCD1;ELAC2;TRMT10C
prerank,Cellular Response To Cadmium Ion (GO:0071276),0.27935815448256374,0.7168116678629874,0.873589164785553,0.9373469819078276,1.0,3/20,6.45%,SLC11A1;AKT1;CHUK
prerank,Pyrimidine Ribonucleotide Biosynthetic Process (GO:0009220),-0.3916630897896977,-0.7165199001360703,0.8308823529411765,0.9757234566449556,1.0,1/6,4.01%,CTPS1
prerank,Mitochondrial Gene Expression (GO:0140053),0.2563850973553802,0.716368522710125,0.897196261682243,0.9374715369865938,1.0,6/27,17.70%,CHCHD1;DAP3;GADD45GIP1;QRSL1;TBRG4;POLRMT
prerank,Presynapse Assembly (GO:0099054),0.29358768139755387,0.7162418498634787,0.8623655913978494,0.9372460496228443,1.0,2/15,10.18%,NLGN2;DVL1
prerank,Negative Regulation Of Receptor Signaling Pathway Via JAK-STAT (GO:0046426),0.29696700507503954,0.7159737048792488,0.8344370860927153,0.9371701734342904,1.0,8/15,25.57%,PTPN2;HGS;SOCS1;VHL;SOCS3;NF2;PPP2R1A;BCL3
prerank,"RNA Phosphodiester Bond Hydrolysis, Endonucleolytic (GO:0090502)",-0.3177514942382996,-0.7159189020594197,0.8374558303886925,0.975952027850327,1.0,4/13,24.09%,POP1;ZC3H12B;NYNRIN;RPP30
prerank,G1/S Transition Of Mitotic Cell Cycle (GO:0000082),-0.22705754592721372,-0.7158473177771562,0.9302721088435374,0.9755539450625839,1.0,19/58,25.06%,CUL1;CUL2;LATS2;NPAT;LATS1;USP37;PIM2;CCNE2;KHDRBS1;PHF8;KLF11;HINFP;CDK5;ZNF324;CUL4B;POLE;EIF4E;MYC;E2F1
prerank,Regulation Of Transcription By RNA Polymerase III (GO:0006359),-0.2726722871432753,-0.7150622803950896,0.863063063063063,0.9759700915146731,1.0,6/25,19.20%,RPTOR;ICE2;ZC3H8;POLR3G;SF3B1;ZNF345
prerank,"Negative Regulation Of Nuclear-Transcribed mRNA Catabolic Process, Deadenylation-Dependent Decay (GO:1900152)",-0.34320016921081864,-0.714743701723705,0.8240917782026769,0.9758627588490929,1.0,3/9,29.93%,TENT4B;SYNCRIP;TOB1
prerank,Neurotransmitter-Gated Ion Channel Clustering (GO:0072578),-0.39498389802756856,-0.7140096109030607,0.8247011952191236,0.976245469847343,1.0,2/5,34.89%,GPHN;LHFPL4
prerank,Positive Regulation Of Mitochondrial Membrane Permeability Involved In Apoptotic Process (GO:1902110),0.35145729231915246,0.7139955107183352,0.796976241900648,0.9390531367486361,1.0,1/7,6.40%,BNIP3L
prerank,Positive Regulation Of Protein Autophosphorylation (GO:0031954),0.2717038967398616,0.713100244895731,0.8641686182669789,0.9396654548319749,1.0,7/21,17.88%,GPNMB;PDGFA;RAP2A;RASSF2;GREM1;TOM1L1;RAP2C
prerank,Protein Catabolic Process In The Vacuole (GO:0007039),-0.37935493426150524,-0.7125788320767343,0.8135593220338984,0.977362966765791,1.0,2/6,13.39%,CPA2;VPS13A
prerank,Regulation Of Microtubule Nucleation (GO:0010968),0.326297160890366,0.7124229559000664,0.8220720720720721,0.9400088254000714,1.0,2/9,9.54%,CKAP5;RANGRF
prerank,Microtubule Bundle Formation (GO:0001578),0.22758572921199863,0.7120464014084876,0.9180327868852459,0.9400574160064463,1.0,9/46,18.16%,TPPP;GAS2L1;MAP1S;PSRC1;RSPH1;NAV1;MTCL1;CHP1;LRRC43
prerank,Positive Regulation Of I-kappaB Phosphorylation (GO:1903721),0.38951503115608266,0.7118530011630909,0.7794117647058824,0.9399011564271871,1.0,2/5,18.07%,DDRGK1;CX3CR1
prerank,Aminoglycan Biosynthetic Process (GO:0006023),-0.28859173013330064,-0.7114780379533012,0.8637200736648251,0.9780653399037676,1.0,3/18,14.83%,EXT1;HS3ST1;XYLT2
prerank,Histone Ubiquitination (GO:0016574),-0.33643627553789623,-0.711411578259343,0.8324324324324325,0.977666175125636,1.0,2/9,15.13%,UBR2;WAC
prerank,Positive Regulation Of Protein Export From Nucleus (GO:0046827),-0.3188585403675546,-0.7111918487188845,0.8595825426944972,0.9774407921420023,1.0,1/12,2.43%,GAS6
prerank,Methylguanosine-Cap Decapping (GO:0110156),0.3225532496130575,0.7098626715415627,0.8364928909952607,0.9416461458601505,1.0,4/11,22.89%,PNRC2;PATL1;DCPS;LSM1
prerank,Regulation Of Post-Transcriptional Gene Silencing By RNA (GO:1900368),-0.39296437280503194,-0.709691122511312,0.8517179023508138,0.9786365190630877,1.0,1/5,10.34%,FMR1
prerank,Mature B Cell Differentiation Involved In Immune Response (GO:0002313),0.3092948534742986,0.709665978090913,0.8314087759815243,0.9414893741578195,1.0,3/12,9.07%,PTK2B;FCGR2B;DOCK11
prerank,Bone Morphogenesis (GO:0060349),-0.3170350914156749,-0.7095492583060795,0.8493647912885662,0.9783222474737547,1.0,4/12,12.16%,SFRP4;OSR2;BMPR2;CYP26B1
prerank,Regulation Of Glial Cell Differentiation (GO:0045685),-0.3755889491283149,-0.7085128489810234,0.8185328185328186,0.978967026884695,1.0,2/6,14.59%,NF1;TNFRSF21
prerank,ncRNA-mediated Post-Transcriptional Gene Silencing (GO:0035194),-0.29053925476195835,-0.7084314936361087,0.8586762075134168,0.9785878017004457,1.0,5/18,18.53%,AJUBA;MOV10;NCBP1;WTIP;CNOT6
prerank,Negative Regulation Of Double-Strand Break Repair Via Homologous Recombination (GO:2000042),-0.28597756149075904,-0.7083463410262327,0.8737864077669902,0.9782109654022415,1.0,5/20,22.82%,SMCHD1;TRAPPC13;RMI2;KAT5;KLHL15
prerank,Protein Deglycosylation (GO:0006517),-0.37409868400509505,-0.7081605976222057,0.8260869565217391,0.9779536586095193,1.0,2/6,15.81%,OGA;NGLY1
prerank,Negative Regulation Of Axon Extension Involved In Axon Guidance (GO:0048843),-0.283851418885472,-0.70731555461585,0.8677536231884058,0.9783785338893786,1.0,6/19,21.37%,SEMA6C;SEMA3C;SEMA3F;SEMA3G;SEMA4A;SEMA4F
prerank,Protein Localization To Phagophore Assembly Site (GO:0034497),-0.31698086090400796,-0.7072581313384085,0.8398576512455516,0.9779696591847625,1.0,5/12,21.22%,LRBA;ATG4B;WDR45;STX17;WIPI1
prerank,siRNA Processing (GO:0030422),0.36638343838008325,0.7070513042435842,0.8012295081967213,0.94401189702467,1.0,3/6,20.83%,TARBP2;PRKRA;TSN
prerank,Negative Regulation Of Cell Cycle Process (GO:0010948),0.25214408545482275,0.7064259901551395,0.9024943310657596,0.9443294950540038,1.0,9/28,18.32%,CHMP2A;NME6;DAB2IP;TP53;TOM1L1;AURKB;AURKAIP1;BAZ1B;ZFYVE19
prerank,Phosphatidylserine Metabolic Process (GO:0006658),-0.28938079684388374,-0.7058908521881162,0.8623853211009175,0.9790092360095449,1.0,7/18,24.36%,OSBPL10;PLA1A;ABHD16B;MBOAT2;MBOAT1;SERINC1;ABHD12B
prerank,Regulation Of Intrinsic Apoptotic Signaling Pathway By P53 Class Mediator (GO:1902253),-0.3758753007484287,-0.7057099169199179,0.843351548269581,0.9787270449727513,1.0,4/6,46.19%,MYC;PRKN;PTTG1IP;UBB
prerank,Engulfment Of Apoptotic Cell (GO:0043652),-0.3397879426708298,-0.7056952013394087,0.8288973384030418,0.9782706421591193,1.0,7/9,40.63%,RAC3;XKR6;THBS1;XKR4;XKR7;XKR9;RAC1
prerank,Sodium Ion Homeostasis (GO:0055078),-0.28953448470527504,-0.7054538467415705,0.8743169398907104,0.9780494973837999,1.0,7/17,24.11%,SLC9B2;ATP1A2;ATP1B3;ATP1A3;FXYD2;SCNN1A;ATP1B1
prerank,Lysosomal Membrane Organization (GO:0097212),-0.31862650954557503,-0.7054155432886628,0.8410351201478743,0.9776184208481227,1.0,4/11,22.33%,CHMP1B;CHMP5;CHMP2B;LAPTM4B
prerank,Positive Regulation Of Nuclear-Transcribed mRNA poly(A) Tail Shortening (GO:0060213),-0.3217557806235224,-0.7052620545920402,0.850091407678245,0.9773181331909397,1.0,6/11,32.41%,BTG2;EIF4ENIF1;CPEB3;TOB1;TNRC6B;CNOT1
prerank,tRNA Surveillance (GO:0106354),-0.3591690869453941,-0.7051797521949145,0.8345724907063197,0.9769320672469193,1.0,2/7,18.42%,EXOSC9;ZCCHC7
prerank,Radial Glial Cell Differentiation (GO:0060019),-0.3866464228732007,-0.7050207540373091,0.8186915887850468,0.9766235571114277,1.0,1/5,18.20%,METTL3
prerank,Negative Regulation Of Mitochondrial Fusion (GO:0010637),0.37766267400453224,0.7046667826496849,0.8055555555555556,0.9458345854333379,1.0,5/5,62.25%,HUWE1;TFRC;MUL1;OMA1;PRKN
prerank,Regulation Of Viral Life Cycle (GO:1903900),-0.2780680797766406,-0.7045481308490498,0.8763250883392226,0.9766464285132344,1.0,2/20,6.69%,TRIM58;TRIM38
prerank,Vesicle Transport Along Actin Filament (GO:0030050),-0.2955339134823277,-0.703923132040485,0.8587360594795539,0.9768399607555631,1.0,5/16,19.84%,MYO1C;MYO15A;MYO5A;MYO1B;MYO19
prerank,Innate Immune Response In Mucosa (GO:0002227),-0.339963881163181,-0.7037618154922503,0.8420107719928187,0.9765475963987594,1.0,6/9,27.94%,DEFB1;IL4;PLA2G1B;DEFA4;NOS2;DEFA3
prerank,Mitotic Sister Chromatid Segregation (GO:0000070),-0.20373911524847993,-0.702764967519129,0.9821109123434705,0.9771213460549597,1.0,10/105,10.68%,CHMP1B;PIBF1;MAP9;PDCD6IP;ZNF207;STAG1;DIS3L2;SPICE1;FLNA;KNTC1
prerank,Positive Regulation Of Vesicle Fusion (GO:0031340),-0.3923419363893666,-0.7025817192203764,0.8424778761061947,0.9768592048034962,1.0,1/5,6.92%,C2CD5
prerank,Receptor Guanylyl Cyclase Signaling Pathway (GO:0007168),-0.3860928593683108,-0.7018002504935508,0.8220973782771536,0.9772362444185562,1.0,1/5,8.33%,NPR1
prerank,Transport Along Microtubule (GO:0010970),0.2802626042497484,0.701503194818358,0.8672566371681416,0.948736822035831,1.0,3/18,9.29%,BLOC1S1;ARHGAP21;KXD1
prerank,Regulation Of Response To Oxidative Stress (GO:1902882),0.3141902405757039,0.7007811818718149,0.8251121076233184,0.949108154503388,1.0,1/10,3.50%,ALOX5
prerank,Regulation Of Centriole Elongation (GO:1903722),0.3639125377741327,0.7004493843423714,0.8043478260869565,0.9490834277427578,1.0,1/6,2.50%,CHMP2A
prerank,Nuclear Pore Complex Assembly (GO:0051292),0.32199811390744654,0.7000672637852082,0.8217213114754098,0.9491146842013607,1.0,1/10,6.66%,TMEM170A
prerank,Proximal/Distal Pattern Formation (GO:0009954),0.3457376475577025,0.6995411635346582,0.8207343412526998,0.9492814280126839,1.0,3/7,20.93%,HOXB9;GLI2;HOXA9
prerank,Regulation Of ERBB Signaling Pathway (GO:1901184),0.2954363582269967,0.6988345350738263,0.8514412416851441,0.949662072039341,1.0,3/13,13.49%,MVB12A;LGMN;PTPN18
prerank,Positive Regulation Of Mitotic Metaphase/Anaphase Transition (GO:0045842),-0.3321601422092646,-0.6986110137600691,0.8571428571428571,0.9795621944710857,1.0,4/10,33.31%,NSMCE2;ANAPC7;ANAPC5;CUL3
prerank,Positive Regulation Of Metaphase/Anaphase Transition Of Cell Cycle (GO:1902101),-0.3321601422092646,-0.6986110137600691,0.8571428571428571,0.9795621944710857,1.0,4/10,33.31%,NSMCE2;ANAPC7;ANAPC5;CUL3
prerank,Skeletal Muscle Thin Filament Assembly (GO:0030240),0.3852447647951368,0.6982685779473831,0.8061674008810573,0.949887733163854,1.0,1/5,7.88%,PROX1
prerank,Positive Regulation Of Transcription By RNA Polymerase I (GO:0045943),0.2468978528996917,0.6982569841202173,0.9097222222222222,0.9495193119348938,1.0,7/31,21.52%,ATF4;SMARCB1;PWP1;BAZ1B;DDX21;SIRT7;DDX11
prerank,Histone H4-K12 Acetylation (GO:0043983),-0.3775946815412994,-0.6980669030815875,0.8360071301247772,0.9796287939458836,1.0,4/6,38.72%,ING5;KAT7;JADE1;JADE2
prerank,Positive Regulation Of Cellular Metabolic Process (GO:0031325),-0.23254633991446783,-0.6979783445375369,0.9456521739130435,0.9792484591101537,1.0,11/49,18.83%,PDGFRB;RIPK1;IFNG;CXCL8;DHRS4;TGFBR2;AGTR1;ADIPOQ;PID1;IL4;PRKCE
prerank,rRNA Transcription (GO:0009303),0.28541993830071005,0.6977671563037733,0.873589164785553,0.9496312205479575,1.0,6/15,24.45%,SPIN1;POLR1E;SIRT7;GTF3C5;GTF3C4;GTF3A
prerank,Regulation Of Myoblast Fusion (GO:1901739),-0.3282843597571849,-0.6971992414246113,0.8582089552238806,0.9795638649269677,1.0,5/11,21.77%,RIPOR2;CFLAR;IL4;EHD1;MAPK14
prerank,Atrial Septum Morphogenesis (GO:0060413),0.345782598596972,0.6970731659434479,0.8340336134453782,0.9499495122825976,1.0,1/7,2.71%,TGFB2
prerank,Protein Alkylation (GO:0008213),0.2636579401457728,0.696853736917311,0.9105145413870246,0.9497811621860819,1.0,4/21,15.22%,METTL21A;SNRPB;CSKMT;ETF1
prerank,Regulation Of Respiratory System Process (GO:0044065),0.37732978347408525,0.6965134342505981,0.8016528925619835,0.9497576984533904,1.0,1/5,4.37%,NLGN2
prerank,Positive Regulation Of Neuron Migration (GO:2001224),-0.3248025028440521,-0.6961236542803597,0.8829981718464351,0.9802075038937689,1.0,4/11,27.88%,NIPBL;RAPGEF2;MDK;NSMF
prerank,Transcription By RNA Polymerase III (GO:0006383),0.24609148741859405,0.6958562713998452,0.8982300884955752,0.9500481584365071,1.0,11/27,25.72%,SNAPC2;POLR2L;POLR3GL;POLR2K;SNAPC5;GTF3C5;POLR2F;POLR3K;GTF3C4;GTF3A;POLR3H
prerank,Negative Regulation Of Catalytic Activity (GO:0043086),-0.2650554761675731,-0.6956250510240042,0.9057692307692308,0.9802161397562811,1.0,2/24,5.71%,PLN;PPP1R12A
prerank,Regulation Of Single Stranded Viral RNA Replication Via Double Stranded DNA Intermediate (GO:0045091),0.27437753211163096,0.6954643713854707,0.8798283261802575,0.9500769837276652,1.0,3/17,13.39%,APOBEC3C;TOP2A;TOP2B
prerank,Negative Regulation Of Appetite (GO:0032099),-0.37091150060455436,-0.6954368645194596,0.8333333333333334,0.9799404689869865,1.0,1/6,11.83%,SPX
prerank,Fatty Acid Beta-Oxidation (GO:0006635),0.22095743983271016,0.6949800429565862,0.9429280397022333,0.9501994502186594,1.0,13/47,23.39%,ECHDC1;ACAA1;HADHB;ACOX1;HADHA;HSD17B4;PEX2;IVD;ETFB;SCP2;ACADS;GCDH;PPARD
prerank,Vitamin D Metabolic Process (GO:0042359),0.37352880530854143,0.6944661114882527,0.8283898305084746,0.9503285410945423,1.0,1/5,8.27%,LGMN
prerank,Golgi Ribbon Formation (GO:0090161),0.3351760354812423,0.6942605623786424,0.8304347826086956,0.9501460438216617,1.0,2/8,11.42%,MYO18A;GOLPH3
prerank,Detection Of Muscle Stretch (GO:0035995),0.3746881002872534,0.694197101443579,0.7857142857142857,0.9498245626515227,1.0,1/5,6.30%,PTK2
prerank,Regulation Of Attachment Of Mitotic Spindle Microtubules To Kinetochore (GO:1902423),0.34773972895488203,0.6940490971073201,0.8076062639821029,0.9492288665558275,1.0,2/7,19.28%,BECN1;INCENP
prerank,Positive Regulation Of Attachment Of Mitotic Spindle Microtubules To Kinetochore (GO:1902425),0.34773972895488203,0.6940490971073201,0.8076062639821029,0.9492288665558275,1.0,2/7,19.28%,BECN1;INCENP
prerank,Positive Regulation Of RNA Biosynthetic Process (GO:1902680),0.3177464003666259,0.6939151495195435,0.8302325581395349,0.9489996573169712,1.0,4/9,26.04%,TOP2A;TOP2B;GINS4;NMD3
prerank,Regulation Of Alcohol Biosynthetic Process (GO:1902930),0.30955648228587734,0.6933382297743439,0.843956043956044,0.9492079510259974,1.0,4/11,20.60%,SEC14L2;H6PD;CLCN2;ERLIN2
prerank,Regulation Of RIG-I Signaling Pathway (GO:0039535),-0.28650934869547745,-0.6926903873108362,0.875222816399287,0.9821997721276539,1.0,2/17,6.87%,BIRC3;RNF125
prerank,Lamellipodium Assembly (GO:0030032),-0.2591997909476545,-0.692653954973051,0.9069767441860465,0.9817650466920038,1.0,8/25,17.83%,CDH13;RHOD;KIT;DMTN;PARVB;CARMIL1;ARHGEF7;ABLIM2
prerank,Mitotic Spindle Organization (GO:0007052),0.20343298659755688,0.6925792088471315,0.9851851851851852,0.9496032912651599,1.0,9/83,13.24%,NEK6;KPNB1;RHOA;MAP1S;CKAP5;RCC1;ARHGEF10;PRC1;SUN2
prerank,Protein Localization To Ciliary Membrane (GO:1903441),0.3596388307975615,0.6925613537461527,0.8269230769230769,0.949243066420908,1.0,1/6,5.64%,RAB29
prerank,Positive Regulation Of Endoplasmic Reticulum Stress-Induced Intrinsic Apoptotic Signaling Pathway (GO:1902237),0.35389967261005195,0.6917433383525314,0.7937915742793792,0.9496658274972919,1.0,2/6,19.61%,BOK;NCK2
prerank,Regulation Of Humoral Immune Response (GO:0002920),-0.32962754002749917,-0.6916959077534496,0.8444846292947559,0.9822529810267411,1.0,1/9,1.97%,CFH
prerank,Microtubule Nucleation (GO:0007020),-0.2678955362584605,-0.691478807248506,0.8960302457466919,0.9819983837445514,1.0,4/23,11.45%,SLAIN2;CENPJ;NDE1;TUBGCP5
prerank,Regulation Of Interleukin-23 Production (GO:0032667),-0.3745310685959323,-0.6912162706395484,0.8476702508960573,0.9817866524954235,1.0,1/6,4.32%,IFNG
prerank,Epithelial Cell Differentiation Involved In Kidney Development (GO:0035850),0.3741715434998346,0.6910648090014155,0.8043010752688172,0.9499677384094413,1.0,2/5,15.61%,MEF2C;SALL1
prerank,Zinc Ion Transmembrane Transport (GO:0071577),-0.28551333642585625,-0.6901145838662731,0.85451197053407,0.9824263677748599,1.0,2/18,2.76%,SLC39A12;SLC30A10
prerank,Purine Ribonucleotide Biosynthetic Process (GO:0009152),0.21740920946313086,0.6900848666209116,0.9488888888888889,0.9505753578039379,1.0,7/47,14.01%,TGFB1;NUDT2;AMPD3;IMPDH2;DCAKD;NPPC;ATP5F1C
prerank,Negative Regulation Of Cilium Assembly (GO:1902018),-0.30974942803997096,-0.6899771937787508,0.8513761467889909,0.9820980322724908,1.0,4/12,20.47%,MPHOSPH9;TBC1D30;YAP1;TBC1D7
prerank,Regulation Of Gene Expression By Genomic Imprinting (GO:0006349),0.3406294521435047,0.6897100392672231,0.8322295805739515,0.9505885228556354,1.0,8/8,65.95%,PCGF3;DIRAS3;ZFP57;MECP2;PRMT7;DNMT3A;PCGF5;KDM1B
prerank,Monoubiquitinated Histone Deubiquitination (GO:0035521),0.24921673549421253,0.6892524690603331,0.9095127610208816,0.950282498638886,1.0,5/27,17.01%,TAF10;TMEM98;SUPT7L;TAF12;ENY2
prerank,Monoubiquitinated Histone H2A Deubiquitination (GO:0035522),0.24921673549421253,0.6892524690603331,0.9095127610208816,0.950282498638886,1.0,5/27,17.01%,TAF10;TMEM98;SUPT7L;TAF12;ENY2
prerank,Regulation Of Complement-Dependent Cytotoxicity (GO:1903659),-0.3595597325939504,-0.6890645769758259,0.8314176245210728,0.9825253742647433,1.0,1/6,1.97%,CFH
prerank,Inclusion Body Assembly (GO:0070841),0.3776626740045322,0.6888240051140345,0.8055555555555556,0.9503559021050535,1.0,5/5,62.25%,UBD;HDAC6;TRIM37;MAPT;PRKN
prerank,Organelle Transport Along Microtubule (GO:0072384),0.22916919586570605,0.6886044711485964,0.9314159292035398,0.9501978550775688,1.0,5/37,9.29%,BLOC1S1;MAP1S;ARHGAP21;CLN3;KXD1
prerank,Positive Regulation Of mRNA Catabolic Process (GO:0061014),-0.23281076153419203,-0.688308519700437,0.9341637010676157,0.9827960594480523,1.0,13/42,24.60%,ROCK2;RBM24;BTG2;MOV10;EIF4ENIF1;RIDA;TTC5;METTL3;NANOS3;GTPBP1;YTHDF3;FXR1;METTL16
prerank,Sensory Perception Of Taste (GO:0050909),0.3265096476581532,0.6877265398445036,0.8481012658227848,0.9506942522395494,1.0,1/8,4.52%,PKD2L1
prerank,Megakaryocyte Development (GO:0035855),-0.33541850000264345,-0.687388987611044,0.8690036900369004,0.9832318002476125,1.0,2/8,7.24%,GP1BB;KIT
prerank,RNA Destabilization (GO:0050779),-0.2790864146859354,-0.6870209054938724,0.8745454545454545,0.9831356718063498,1.0,7/18,24.60%,ROCK2;RBM24;RIDA;METTL3;YTHDF3;FXR1;METTL16
prerank,Postsynaptic Neurotransmitter Receptor Diffusion Trapping (GO:0098970),0.3400299547687279,0.6860803529939837,0.8333333333333334,0.9515243249890595,1.0,1/7,8.02%,CACNG4
prerank,Neurotransmitter Receptor Diffusion Trapping (GO:0099628),0.3400299547687279,0.6860803529939837,0.8333333333333334,0.9515243249890595,1.0,1/7,8.02%,CACNG4
prerank,Aggrephagy (GO:0035973),-0.3693250976877007,-0.6858902866529388,0.8542056074766355,0.983767752267623,1.0,2/6,18.33%,ATG5;MAP1LC3C
prerank,Cellular Response To Interleukin-15 (GO:0071350),0.31470207253886007,0.6857710663989427,0.8561643835616438,0.9510550862624452,1.0,10/10,68.55%,JAK3;STAT5A;STAT3;MFAP3;JAK1;IL15RA;IL2RG;IL2RB;PLCB1;IL15
prerank,Interleukin-15-Mediated Signaling Pathway (GO:0035723),0.31470207253886007,0.6857710663989427,0.8561643835616438,0.9510550862624452,1.0,10/10,68.55%,JAK3;STAT5A;STAT3;MFAP3;JAK1;IL15RA;IL2RG;IL2RB;PLCB1;IL15
prerank,Positive Regulation Of Chromosome Separation (GO:1905820),0.2954009953388221,0.684856537873808,0.8678038379530917,0.9515825309365753,1.0,6/13,36.79%,PLSCR1;INCENP;NCAPG2;NCAPD3;SMC4;NCAPH
prerank,Regulation Of Double-Strand Break Repair Via Nonhomologous End Joining (GO:2001032),0.25580265464727797,0.6847073828573773,0.8909853249475891,0.951337368735337,1.0,4/22,17.64%,WAS;NUDT16L1;KMT5C;CYREN
prerank,RNA Methylation (GO:0001510),0.21323759666881026,0.6845626296819075,0.9659863945578231,0.9511157039685899,1.0,12/60,19.84%,SNRPF;SNRPB;SNRPD1;MTO1;TRMT112;CMTR1;THUMPD2;ZC3H13;FBL;METTL1;TRMT61A;PCIF1
prerank,Nuclear Polyadenylation-Dependent rRNA Catabolic Process (GO:0071035),-0.367455174651874,-0.6834749510850133,0.8498098859315589,0.9846795809835754,1.0,2/6,18.42%,EXOSC9;ZCCHC7
prerank,Nuclear Polyadenylation-Dependent tRNA Catabolic Process (GO:0071038),-0.367455174651874,-0.6834749510850133,0.8498098859315589,0.9846795809835754,1.0,2/6,18.42%,EXOSC9;ZCCHC7
prerank,Nuclear Polyadenylation-Dependent ncRNA Catabolic Process (GO:0071046),-0.367455174651874,-0.6834749510850133,0.8498098859315589,0.9846795809835754,1.0,2/6,18.42%,EXOSC9;ZCCHC7
prerank,"Positive Regulation Of DNA-templated Transcription, Elongation (GO:0032786)",0.21320079013997123,0.6830495313706813,0.9731543624161074,0.9522177403066352,1.0,5/55,8.05%,NCBP2;CDC73;ELL2;MED9;PARP1
prerank,Mitotic G1/S Transition Checkpoint Signaling (GO:0044819),0.3269263194134035,0.6830436662923259,0.8610526315789474,0.9518490611671521,1.0,2/9,14.04%,SDE2;TP53
prerank,Ear Development (GO:0043583),-0.3832559907504526,-0.6830415627678548,0.8268876611418048,0.9846269764832514,1.0,2/5,14.51%,STRA6;NIPBL
prerank,Regulation Of Peptide Hormone Secretion (GO:0090276),0.23139257247453365,0.6830323914874974,0.933806146572104,0.9514835227345397,1.0,5/41,12.62%,ALOX5;KCNA5;KCNJ11;GCK;HADHA
prerank,Regulation Of Hippo Signaling (GO:0035330),0.2578308159193885,0.6830225980906747,0.9094922737306843,0.9511187470836624,1.0,2/22,4.97%,WWC1;DLG5
prerank,Cellular Response To Zinc Ion (GO:0071294),-0.29973726193086037,-0.682800388107883,0.8790613718411552,0.9843759929103993,1.0,2/13,8.87%,GLRA1;MT1G
prerank,Positive Regulation Of Chondrocyte Differentiation (GO:0032332),0.3212299983774461,0.6827206902440112,0.8529411764705882,0.9510191166441619,1.0,3/9,15.52%,BMPR1B;SOX6;LOXL2
prerank,Stress-Activated Protein Kinase Signaling Cascade (GO:0031098),-0.27001634878025627,-0.68236589797552,0.9057301293900185,0.9843251663087828,1.0,4/20,14.05%,MAPK8;MAPK11;TAOK2;NLRP1
prerank,Regulation Of Morphogenesis Of A Branching Structure (GO:0060688),0.3679510961039619,0.6822208053208374,0.8445378151260504,0.9511288054920181,1.0,2/5,29.42%,FGFR2;GDNF
prerank,Negative Regulation Of Fatty Acid Oxidation (GO:0046322),0.3442846902321414,0.6821914465971469,0.8363636363636363,0.9507821483323717,1.0,1/7,5.03%,AKT1
prerank,Fructose Transmembrane Transport (GO:0015755),-0.37789778581246286,-0.6815983218783431,0.8735849056603774,0.9845968750681081,1.0,1/5,3.32%,SLC2A6
prerank,"Negative Regulation Of Retrograde Protein Transport, ER To Cytosol (GO:1904153)",0.3322797190196074,0.681507973985034,0.8432671081677704,0.9510449770841395,1.0,2/8,19.82%,UBE2G2;UBAC2
prerank,P-body Assembly (GO:0033962),-0.3172359888794066,-0.6809603254213049,0.8633975481611208,0.9847018194764515,1.0,3/11,21.45%,DDX6;EIF4ENIF1;LSM3
prerank,Exit From Mitosis (GO:0010458),-0.3167737122662242,-0.6807728157009566,0.8777777777777778,0.9844002815803664,1.0,2/10,16.73%,EPS8;CLASP2
prerank,Intracellular Lipid Transport (GO:0032365),-0.27603990080779306,-0.6800428394323031,0.8932384341637011,0.9846364015886244,1.0,5/17,17.00%,ABCD2;CPT1A;CERT1;GRAMD1C;GRAMD1A
prerank,Neuron Apoptotic Process (GO:0051402),0.2741320305269318,0.6798513712847195,0.875,0.9521976013921546,1.0,4/16,11.66%,FAS;BID;ATN1;ERBB3
prerank,Sphingoid Metabolic Process (GO:0046519),-0.3058047953081009,-0.6796080881112344,0.8666666666666667,0.9845638503762855,1.0,4/11,13.61%,PLPP3;SGPP2;PLPP1;SPTLC3
prerank,Negative Regulation Of Translation (GO:0017148),0.19222767963842835,0.6795534538189824,0.9879807692307693,0.9520972690555735,1.0,9/94,9.98%,EIF4EBP1;CAPRIN1;CPEB4;SHMT1;MEX3D;YTHDF1;GIGYF2;AGO4;EIF4EBP3
prerank,Replication Fork Processing (GO:0031297),-0.22477268024203856,-0.6792100873516929,0.9351851851851852,0.9844605773461288,1.0,13/45,27.76%,ATR;WRN;ZRANB3;ETAA1;FANCM;RAD50;KHDC3L;SMARCAL1;EME1;FAM111A;BRCA1;BARD1;THOC1
prerank,Quinone Biosynthetic Process (GO:1901663),-0.2973074668291619,-0.6782783633075099,0.8591800356506238,0.9848675740312626,1.0,2/12,12.28%,PDSS2;COQ7
prerank,Negative Regulation Of TOR Signaling (GO:0032007),-0.22244545637498092,-0.6777608004602427,0.9596330275229358,0.9848995264617885,1.0,14/48,28.79%,UBR2;NPRL3;ATM;PRKAA1;SESN1;PRKAA2;RNF152;NPRL2;TBC1D7;SPAAR;WDR59;TSC1;NUAK1;TSC2
prerank,Peptidyl-Diphthamide Biosynthetic Process From Peptidyl-Histidine (GO:0017183),-0.370759949780906,-0.677714880797907,0.856353591160221,0.9840074862851325,1.0,4/5,39.35%,DPH3;DPH6;DPH2;DPH7
prerank,Peptidyl-Diphthamide Metabolic Process (GO:0017182),-0.370759949780906,-0.677714880797907,0.856353591160221,0.9840074862851325,1.0,4/5,39.35%,DPH3;DPH6;DPH2;DPH7
prerank,RNA Secondary Structure Unwinding (GO:0010501),-0.3471996420667523,-0.6772006241725076,0.8701298701298701,0.9840051442523103,1.0,3/7,27.68%,AGO3;AGO2;DDX3X
prerank,Regulation Of G0 To G1 Transition (GO:0070316),0.23438144833859004,0.6745631187478939,0.9254807692307693,0.9564118037607628,1.0,6/31,14.41%,DPF3;CDKN2B;SMARCB1;DPF2;DAB2IP;ACTL6A
prerank,Regulation Of Cell Cycle Phase Transition (GO:1901987),0.24670959608757664,0.6744645849113229,0.9122401847575058,0.9561191350286123,1.0,6/25,16.70%,CDKN1A;DDB1;NEK11;TP53;CCNQ;CDKN1B
prerank,Cellular Hypotonic Response (GO:0071476),0.3441904299641767,0.6743684337097432,0.8383620689655172,0.9558309545111805,1.0,1/6,5.37%,MYLK
prerank,fatty-acyl-CoA Metabolic Process (GO:0035337),0.2726586521418806,0.6735021648730888,0.8816964285714286,0.9562434834514072,1.0,4/15,13.57%,PPT1;FAR2;NUDT19;HSD17B4
prerank,Negative Regulation Of Stem Cell Population Maintenance (GO:1902455),0.2607990370566309,0.6731368952469861,0.9008810572687225,0.9561928230298405,1.0,8/20,19.30%,SAP30;ING1;BRMS1L;HDAC2;LOXL2;ING2;BRMS1;SINHCAF
prerank,Regulation Of miRNA-mediated Gene Silencing (GO:0060964),0.27886741739641785,0.6728577665484498,0.8606194690265486,0.9560604409421781,1.0,1/14,2.53%,PPARG
prerank,Glycerol-3-Phosphate Metabolic Process (GO:0006072),0.3582889741489484,0.6722838892929938,0.8221709006928406,0.9561804369997878,1.0,2/5,15.69%,GCK;GPAT2
prerank,Regulation Of T Cell Chemotaxis (GO:0010819),-0.31348382683430376,-0.671929585277899,0.8622540250447227,0.9882406429674621,1.0,4/10,32.25%,STK39;CXCL10;WNT5A;OXSR1
prerank,Primary Alcohol Metabolic Process (GO:0034308),0.2921516677251877,0.6715620004233208,0.8704883227176221,0.9564391772955804,1.0,4/11,21.87%,CYP11A1;TKTL1;NAAA;GDE1
prerank,Cellular Modified Amino Acid Catabolic Process (GO:0042219),0.3000237521283285,0.6714574727045061,0.8547368421052631,0.9561624057201665,1.0,3/10,14.06%,GGACT;ALDH4A1;HOGA1
prerank,Apical Protein Localization (GO:0045176),-0.32162417670804266,-0.6713321006721953,0.860036832412523,0.9882850898611644,1.0,1/9,5.09%,ATP8B1
prerank,Regulation Of Translational Termination (GO:0006449),-0.3612360156140374,-0.6713110911177919,0.855098389982111,0.9878390998053862,1.0,1/6,8.72%,MTRF1
prerank,Response To Interferon-Beta (GO:0035456),0.24629512974872778,0.6712933161206999,0.9486607142857143,0.9559188816439075,1.0,6/25,20.37%,NDUFA13;UBE2G2;PLSCR1;IFI16;OAS1;HTRA2
prerank,Nucleotide-Sugar Metabolic Process (GO:0009225),-0.30504958848839636,-0.6709475044616207,0.8875,0.9876867641825259,1.0,5/11,22.35%,GMDS;FUT8;CSGALNACT1;GFPT1;PARG
prerank,Positive Regulation Of rRNA Processing (GO:2000234),0.3145931497297862,0.6709449602847407,0.8524945770065075,0.9558679954548828,1.0,3/9,22.95%,TRMT112;SIRT7;DIMT1
prerank,Response To Peptide Hormone (GO:0043434),-0.2203543520578212,-0.6707985981028665,0.9428571428571428,0.9873353778121098,1.0,13/46,26.46%,OGT;ROCK2;TGFBR3;STAT6;CREB1;EIF2B3;CAV1;STAT5B;MC4R;STAT4;GPER1;TSC1;EIF2B1
prerank,Purine Nucleotide Biosynthetic Process (GO:0006164),0.26090580553852005,0.6705490978082825,0.8827160493827161,0.9558468535786655,1.0,4/19,17.04%,PPAT;PRPS1;KYNU;PRPS2
prerank,Telomeric D-loop Disassembly (GO:0061820),-0.3563874567676786,-0.6698956382100172,0.8636363636363636,0.9877013991476657,1.0,3/6,31.81%,WRN;SLX4;TERF1
prerank,R-loop Processing (GO:0062176),-0.3881610369730102,-0.669868385356944,0.8813559322033898,0.9872561328636743,1.0,1/5,8.61%,NFAT5
prerank,Positive Regulation Of Protein Modification By Small Protein Conjugation Or Removal (GO:1903322),0.2002357075862599,0.6687422433241179,0.9933184855233853,0.9570337107715826,1.0,8/75,10.97%,LAPTM5;FAM107A;NDFIP1;DERL1;TNIP1;PSMD10;RASD2;BCL10
prerank,Fatty Acid Alpha-Oxidation (GO:0001561),0.3601384978760246,0.6685117999253062,0.8531746031746031,0.95686796359045,1.0,1/5,10.94%,ILVBL
prerank,Negative Regulation Of Viral Transcription (GO:0032897),0.2939134690499921,0.6682608392211444,0.8727272727272727,0.9567117648521141,1.0,2/12,9.13%,LARP7;TRIM27
prerank,Defense Response To Fungus (GO:0050832),-0.28103940837626395,-0.668029236170744,0.8949343339587242,0.9883751262435428,1.0,2/15,6.65%,NRG1;S100A12
prerank,Regulation Of Fertilization (GO:0080154),-0.3697629954098608,-0.6670211769154684,0.8448598130841122,0.9887762182514691,1.0,2/5,19.88%,CFAP69;RNASE10
prerank,Regulation Of rRNA Processing (GO:2000232),0.273273118323805,0.6666487017382796,0.8986175115207373,0.957738246632567,1.0,5/15,23.84%,NUDT16;TRMT112;SIRT7;DIMT1;YTHDF2
prerank,Histone Deubiquitination (GO:0016578),-0.239911875728879,-0.6662539654034594,0.946983546617916,0.988963312346751,1.0,13/34,29.57%,BABAM2;ATXN7L3;SUPT20H;TAF7;TRRAP;TAF5L;KAT2A;USP3;BRCA1;BARD1;TAF5;TAF6;ATXN7
prerank,ISG15-protein Conjugation (GO:0032020),0.358987535939996,0.665807976159236,0.828693790149893,0.9580848801602393,1.0,2/5,15.73%,UBE2L6;UBE2E1
prerank,Regulation Of Transcription Regulatory Region DNA Binding (GO:2000677),-0.2621500466615643,-0.6654747633459398,0.8922800718132855,0.9891396523128243,1.0,3/20,9.00%,NSD1;TWIST1;ZC4H2
prerank,Positive Regulation Of Gliogenesis (GO:0014015),-0.3545692464432821,-0.6649004118716401,0.8754789272030651,0.9891544892485882,1.0,5/6,36.63%,IL6;TNF;LRP2;PRKCH;PRKCI
prerank,Long-Chain fatty-acyl-CoA Metabolic Process (GO:0035336),-0.26421216813131926,-0.6648589096120663,0.9118165784832452,0.9887184068804858,1.0,4/20,17.08%,FAR1;ACSL5;ELOVL7;DGAT2
prerank,Nuclear Pore Organization (GO:0006999),0.28659085366310444,0.664735998049778,0.8830022075055187,0.9586226945301292,1.0,1/14,6.66%,TMEM170A
prerank,DNA Metabolic Process (GO:0006259),0.1672437848628473,0.6641929963295755,1.0,0.9587035126302245,1.0,38/264,16.05%,NUDT1;UNG;YY1;TFPT;INO80;LTO1;NSMCE4A;POLE3;REXO4;BACH1;CNBP;DDB1;SMARCB1;GADD45A;PARP1;DNASE2;TOP2A;FSCN1;ZNF668;APEX1;ACTR8;EXD2;ENDOG;TERF2IP;TOP2B;ORC5;XRCC3;DNASE1L2;PURA;RAD51D;POLD2;ACTL6A;DCTPP1;SAMHD1;MSH6;RUVBL1;POLL;KMT5C
prerank,Transferrin Transport (GO:0033572),-0.31694510167900625,-0.6640272095488851,0.8632326820603907,0.9889685552301176,1.0,1/9,2.87%,LMTK2
prerank,Cellular Response To Nitrogen Compound (GO:1901699),0.27862362127131934,0.6638136372773144,0.8796296296296297,0.9586470190669761,1.0,1/15,3.32%,RTF2
prerank,Regulation Of Golgi Organization (GO:1903358),0.2805495636590415,0.6634612936242741,0.9049881235154394,0.9585614390569686,1.0,3/14,12.07%,RAB33B;MAP2K2;RBSN
prerank,Protein Lipidation (GO:0006497),0.20399942003097382,0.6634210390299995,0.981651376146789,0.958222307485489,1.0,12/60,20.85%,PIGH;UGCG;SELENOK;GLUL;ZDHHC8;WDR45B;DPM3;PORCN;ZDHHC9;PGF;DPM2;SLC30A5
prerank,Positive Regulation Of Protein Ubiquitination (GO:0031398),0.19666856497721483,0.6626960795690201,0.9864864864864865,0.9584665348335094,1.0,10/76,14.38%,LAPTM5;FAM107A;NDFIP1;DERL1;TRIB3;PSMD10;BCL10;ARRDC4;BIRC7;SMAD7
prerank,Organelle Disassembly (GO:1903008),0.20565474852876664,0.6621591840315365,0.9787735849056604,0.9585660283355469,1.0,11/53,18.31%,PLIN3;UFC1;GBF1;RRP7A;ASCC3;TEX264;MTIF2;DDRGK1;UBA5;UFL1;HBS1L
prerank,Negative Regulation Of ERAD Pathway (GO:1904293),0.3657591877201387,0.6618752452393306,0.8466666666666667,0.958432294176476,1.0,1/5,5.17%,UBXN1
prerank,Negative Regulation Of Interleukin-12 Production (GO:0032695),0.296270251171127,0.6613103450468705,0.875,0.9585382886575455,1.0,1/12,2.12%,LILRB1
prerank,Arachidonic Acid Secretion (GO:0050482),-0.3366694724356976,-0.6608391839229701,0.867816091954023,0.9906547970730141,1.0,2/7,18.05%,PLA2G5;PLA2G1B
prerank,Arachidonate Transport (GO:1903963),-0.3366694724356976,-0.6608391839229701,0.867816091954023,0.9906547970730141,1.0,2/7,18.05%,PLA2G5;PLA2G1B
prerank,Peptidyl-Threonine Dephosphorylation (GO:0035970),0.26333092977559325,0.6605933838119985,0.9126637554585153,0.9587792008242583,1.0,5/17,17.95%,PPP2CB;PPM1A;PPM1B;PPM1G;PGAM5
prerank,Isotype Switching (GO:0045190),0.300024872653335,0.6602421935101687,0.8876146788990825,0.9587191049495577,1.0,4/10,18.23%,HSPD1;EXOSC6;MSH6;EXOSC3
prerank,Regulation Of Mitochondrial Membrane Potential (GO:0051881),-0.2293853705969192,-0.658977551216369,0.9598540145985401,0.9917241046044217,1.0,3/36,8.89%,BCO2;SLC25A36;PIP5KL1
prerank,In Utero Embryonic Development (GO:0001701),0.2421237162683636,0.6588807807156598,0.9227272727272727,0.9594932515092941,1.0,5/25,18.30%,TFEB;SOX8;TGFBR1;FGFR2;ZNF568
prerank,Peripheral Nervous System Development (GO:0007422),0.25800792073355483,0.6566967471163276,0.9292452830188679,0.9608969997190645,1.0,6/20,15.61%,ADGRB2;SOX10;SOX8;ERBB3;PMP22;GPC1
prerank,Fibrinolysis (GO:0042730),-0.317595821093317,-0.6566469547789637,0.8625954198473282,0.9931930548034154,1.0,2/8,28.59%,PLAT;F2
prerank,Positive Regulation Of Mitochondrial Membrane Potential (GO:0010918),-0.3689956088710451,-0.656417920684661,0.8629629629629629,0.9929276517731174,1.0,2/5,24.50%,AKT2;TCL1A
prerank,Excitatory Synapse Assembly (GO:1904861),0.30773215904675544,0.656045968068962,0.849609375,0.9610617385498672,1.0,8/8,69.24%,PLXNB2;SRGAP3;LRRC4;NLGN1;SHANK3;WNT7A;WNT5A;PTEN
prerank,ATP Synthesis Coupled Electron Transport (GO:0042773),0.3499492622551023,0.6558387202859797,0.8669724770642202,0.9608661120462711,1.0,3/5,26.71%,NDUFB6;NDUFS2;NDUFV1
prerank,Dicarboxylic Acid Biosynthetic Process (GO:0043650),-0.34205719298233744,-0.6556746599741007,0.8614232209737828,0.9930440416676192,1.0,1/7,7.39%,GOT1
prerank,DNA Replication Checkpoint Signaling (GO:0000076),-0.2713575699815299,-0.6550747849489353,0.9012797074954296,0.9930515280856061,1.0,1/16,4.00%,HUS1
prerank,Negative Regulation Of Keratinocyte Proliferation (GO:0010839),-0.3447250795940876,-0.654965808090724,0.8688524590163934,0.9926719741323605,1.0,4/6,38.43%,EPPK1;PTPRK;SNAI2;MED1
prerank,Positive Regulation Of Amide Metabolic Process (GO:0034250),0.1943920420055547,0.6543386327528582,0.988558352402746,0.9617036969462106,1.0,16/75,20.38%,ABCG1;CLU;POLDIP3;SAMD4A;RELA;YTHDF1;PRKCD;LARP6;RBM3;GUF1;EEF2;SLC2A13;EIF4A3;SOX4;PCIF1;PLXNB2
prerank,MyD88-independent Toll-Like Receptor Signaling Pathway (GO:0002756),0.31939956056429475,0.6533018206271374,0.8701298701298701,0.9621867513996956,1.0,3/8,20.89%,IRF3;TICAM1;TRAF3
prerank,Dicarboxylic Acid Catabolic Process (GO:0043649),-0.27350681368950475,-0.6532266720668267,0.9038112522686026,0.9935908536480533,1.0,3/15,15.24%,GOT1;ASPA;PM20D2
prerank,tRNA 5'-End Processing (GO:0099116),-0.2875600544426298,-0.6530521705224429,0.8899253731343284,0.9932717590417545,1.0,7/13,32.67%,POP1;RPP38;RPP14;POP4;RPP30;POP5;PRORP
prerank,TRIF-dependent Toll-Like Receptor Signaling Pathway (GO:0035666),0.3306503181646009,0.6529183602505908,0.8512931034482759,0.9621049367568996,1.0,3/7,20.89%,IRF3;TICAM1;TRAF3
prerank,Regulation Of Dendritic Spine Maintenance (GO:1902950),-0.35075088720929287,-0.6527831118963577,0.8888888888888888,0.9930043391798086,1.0,2/6,17.07%,HOMER1;GRIN2B
prerank,Integrin Activation (GO:0033622),0.31944910028950196,0.6525968120422246,0.8542600896860987,0.9619732041178161,1.0,2/8,12.32%,FERMT3;FN1
prerank,Neurotrophin Signaling Pathway (GO:0038179),-0.28073042565449935,-0.6523731501079326,0.9095940959409594,0.9928768321498488,1.0,2/13,7.04%,NGF;MAGI2
prerank,Histone H4 Acetylation (GO:0043967),-0.22899260059467702,-0.6521353961634163,0.9564459930313589,0.9925939036454744,1.0,11/37,26.45%,OGT;ACTL6B;ING5;KAT8;TRRAP;KAT5;MBTD1;RUVBL2;BRD8;KAT7;ING4
prerank,Response To Zinc Ion (GO:0010043),-0.25639671967491706,-0.6512170808253628,0.9241622574955908,0.9928588752361227,1.0,2/20,8.87%,GLRA1;MT1G
prerank,Positive Regulation Of NK T Cell Activation (GO:0051135),-0.36072578238231373,-0.6510030346031103,0.8819188191881919,0.9925700033431767,1.0,1/5,17.70%,JAK2
prerank,Regulation Of Organ Growth (GO:0046620),0.3158476694183551,0.6509541853189837,0.8765690376569037,0.9628697642087349,1.0,1/8,2.39%,WWC1
prerank,Ventricular Trabecula Myocardium Morphogenesis (GO:0003222),-0.33503318007619753,-0.6492377956488836,0.8912213740458015,0.9934723395892733,1.0,2/7,11.43%,NRG1;ENG
prerank,Regulation Of Vacuole Organization (GO:0044088),-0.2830284691980767,-0.6489165326850737,0.9209558823529411,0.9932432224981378,1.0,5/14,22.33%,IFT88;UBQLN2;TBC1D12;SCARB2;LAPTM4B
prerank,Positive Regulation Of Myeloid Cell Differentiation (GO:0045639),0.2263083177305078,0.6478368791719107,0.9439461883408071,0.9649539861554782,1.0,2/34,3.69%,NCKAP1L;INHBA
prerank,Regulation Of Nuclease Activity (GO:0032069),-0.3449607441961458,-0.6473069162615489,0.8476190476190476,0.9940043557739044,1.0,1/6,6.57%,PDE3A
prerank,Regulation Of Membrane Depolarization (GO:0003254),-0.26508856583771256,-0.6471854192019794,0.9074074074074074,0.9936309558204359,1.0,4/17,15.19%,GJA5;GPD1L;HCN4;SCN1B
prerank,mRNA Stabilization (GO:0048255),-0.22027922194239427,-0.6469950662837762,0.9706959706959707,0.9933148784244715,1.0,14/40,28.46%,ELAVL4;TENT5A;RBM24;EIF4ENIF1;IGF2BP3;NOCT;MAPK14;THRAP3;TENT5C;E2F1;AXIN2;SYNCRIP;LARP1;FUS
prerank,Response To cGMP (GO:0070305),-0.364057838882556,-0.6455133129881553,0.9115384615384615,0.9940082823452872,1.0,3/5,22.12%,PDE3A;HCN4;RAPGEF2
prerank,Telomere Maintenance Via Telomere Trimming (GO:0090737),-0.30799465476962984,-0.644514596822806,0.8843283582089553,0.9933611061315192,1.0,4/9,31.81%,WRN;SMARCAL1;SLX4;TERF1
prerank,Formation Of Extrachromosomal Circular DNA (GO:0001325),-0.30799465476962984,-0.644514596822806,0.8843283582089553,0.9933611061315192,1.0,4/9,31.81%,WRN;SMARCAL1;SLX4;TERF1
prerank,T-Circle Formation (GO:0090656),-0.30799465476962984,-0.644514596822806,0.8843283582089553,0.9933611061315192,1.0,4/9,31.81%,WRN;SMARCAL1;SLX4;TERF1
prerank,Positive Regulation Of Muscle Contraction (GO:0045933),-0.29436639056182967,-0.6443201503051053,0.9160714285714285,0.9930319674821866,1.0,3/10,17.34%,PROK2;NMU;CACNB1
prerank,Regulatory ncRNA Processing (GO:0070918),-0.22848036096065016,-0.6426262946092374,0.9690909090909091,0.993808151182164,1.0,17/31,36.38%,TDRKH;AGO3;TDRD1;PLD6;AGO2;ANKRD34A;HENMT1;MOV10L1;SNIP1;DICER1;MAEL;TDRD9;TRIM71;TDRD12;DDX4;ANKRD34B;TSNAX
prerank,Cardiocyte Differentiation (GO:0035051),0.2860338500851747,0.6419818929204905,0.9057017543859649,0.9690577913894405,1.0,2/11,7.62%,TGFB2;SIRT6
prerank,Insulin Metabolic Process (GO:1901142),0.3179481574905197,0.6413819390582028,0.8782608695652174,0.9691339161522199,1.0,1/7,3.34%,P4HB
prerank,"Positive Regulation Of Nuclear-Transcribed mRNA Catabolic Process, Deadenylation-Dependent Decay (GO:1900153)",-0.2860674889722232,-0.6412249726509884,0.895117540687161,0.9943707492971288,1.0,8/12,43.90%,NANOS3;CPEB3;TOB1;TNRC6B;CNOT1;ZFP36L1;DHX36;TNRC6C
prerank,Icosanoid Secretion (GO:0032309),-0.3059168215814583,-0.6411246926284044,0.9111111111111111,0.9939809754016925,1.0,3/9,25.46%,PLA2G5;PLA2G1B;NOS2
prerank,Pyrimidine Nucleotide-Sugar Transmembrane Transport (GO:0090481),-0.3382699468905049,-0.6407170714825556,0.8851851851851852,0.9938077044709692,1.0,4/6,49.90%,SLC35C2;SLC35A2;SLC35D1;SLC35A3
prerank,Venous Blood Vessel Development (GO:0060841),0.3340589090833175,0.6406576895238386,0.8764044943820225,0.9692808463660324,1.0,2/6,11.04%,PROX1;APLNR
prerank,Imitative Learning (GO:0098596),-0.3576847390862662,-0.6399996549752671,0.8835489833641405,0.9933802805295999,1.0,1/5,10.04%,STRA6
prerank,Vocal Learning (GO:0042297),-0.3576847390862662,-0.6399996549752671,0.8835489833641405,0.9933802805295999,1.0,1/5,10.04%,STRA6
prerank,Primary miRNA Processing (GO:0031053),0.29126800152991955,0.6399811835316807,0.8943965517241379,0.9694439741245559,1.0,1/11,1.99%,NCBP2
prerank,Sensory Perception Of Chemical Stimulus (GO:0007606),-0.2628861131017529,-0.6395945140542613,0.9355992844364938,0.9932198621446762,1.0,5/17,30.53%,ITPR3;NXNL2;OR5B21;OR10J5;GFY
prerank,Regulation Of Endothelial Cell Differentiation (GO:0045601),0.31529579761996707,0.6394882848203735,0.8794642857142857,0.9694360079948329,1.0,1/7,6.63%,SORD
prerank,Negative Regulation Of Notch Signaling Pathway (GO:0045746),-0.2396486014838185,-0.6393768581598736,0.9428571428571428,0.9929166634933568,1.0,7/26,23.13%,EGFL7;NRARP;GATA2;TCIM;METTL3;ARRB1;FBXW7
prerank,Interferon-Mediated Signaling Pathway (GO:0140888),0.22851857650348456,0.639250642446299,0.9379310344827586,0.9692254805054052,1.0,5/31,15.20%,HCK;MYD88;STAT2;MAVS;IFNLR1
prerank,Transcription By RNA Polymerase I (GO:0006360),0.2822413910995107,0.6389165042036916,0.896328293736501,0.9690975077842682,1.0,4/11,25.06%,POLR2L;POLR1E;POLR2F;TAF1C
prerank,pre-miRNA Processing (GO:0031054),-0.2903522788227026,-0.6358334300483022,0.9192100538599641,0.9949684756289864,1.0,5/11,28.92%,AGO3;TUT4;AGO2;TUT7;DICER1
prerank,Response To Platelet-Derived Growth Factor (GO:0036119),0.3044239888478962,0.6350183159901627,0.8868778280542986,0.9716535591780878,1.0,1/8,6.39%,MTSS2
prerank,Mitotic Chromosome Condensation (GO:0007076),0.2626498218334954,0.6349706538936921,0.9096916299559471,0.971311717312336,1.0,15/15,73.76%,PHF13;CHMP1A;KMT5A;NCAPD3;PLK1;SMC4;NCAPH;NCAPD2;SMC2;NUSAP1;NCAPH2;NCAPG;TENT4A;TTN;CDCA5
prerank,Positive Regulation Of Mitochondrial Membrane Permeability (GO:0035794),0.29468000222244434,0.6339395511407584,0.9004329004329005,0.9716787291475258,1.0,2/9,16.38%,BOK;CHCHD10
prerank,Protein Localization To Nucleolus (GO:1902570),0.32224528531238716,0.6336992238302682,0.8629856850715747,0.9714895872927967,1.0,3/6,24.93%,RRP7A;RRS1;RPF2
prerank,Protein K48-linked Deubiquitination (GO:0071108),0.24072563930733687,0.6328329108444246,0.9635535307517085,0.9717117584469984,1.0,1/23,0.97%,OTUD7B
prerank,Regulation Of Mesenchymal Cell Proliferation (GO:0010464),-0.2902310819967874,-0.632712821104797,0.8944337811900192,0.996628105594064,1.0,2/11,11.22%,PHF14;TGFBR2
prerank,Regulation Of T-helper 17 Type Immune Response (GO:2000316),-0.30883123559308207,-0.6321941708076532,0.8970588235294118,0.9965084172114337,1.0,3/8,17.70%,PRKCQ;JUNB;JAK2
prerank,Transcription Preinitiation Complex Assembly (GO:0070897),0.20108269871849357,0.6312504116939439,0.9821029082774049,0.9724576205643749,1.0,11/50,22.98%,TAF10;MED9;PTPN18;TAF12;POLR1E;GTF2B;MED28;ESR1;MED26;MED11;MED29
prerank,Golgi To Plasma Membrane Protein Transport (GO:0043001),0.23682180469827274,0.6312396783569503,0.9508928571428571,0.9720933795749842,1.0,1/25,0.94%,SYS1
prerank,Positive Regulation Of Spindle Assembly (GO:1905832),0.3265345765345765,0.6300173641245629,0.8919540229885058,0.9725545163525645,1.0,6/6,67.36%,SASS6;STIL;NUMA1;GPSM2;DYNC1H1;SPAG5
prerank,"Exonucleolytic Trimming To Generate Mature 3'-End Of 5.8S rRNA From Tricistronic rRNA Transcript (SSU-rRNA, 5.8S rRNA, LSU-rRNA) (GO:0000467)",-0.3077127666087821,-0.629840055218363,0.9198542805100182,0.9966970956591941,1.0,1/8,7.27%,EXOSC9
prerank,Exonucleolytic Trimming Involved In rRNA Processing (GO:0000459),-0.3077127666087821,-0.629840055218363,0.9198542805100182,0.9966970956591941,1.0,1/8,7.27%,EXOSC9
prerank,rRNA 3'-End Processing (GO:0031125),-0.3077127666087821,-0.629840055218363,0.9198542805100182,0.9966970956591941,1.0,1/8,7.27%,EXOSC9
prerank,Endosome Transport Via Multivesicular Body Sorting Pathway (GO:0032509),0.240250670110674,0.6296720209453794,0.9415730337078652,0.9724373029110116,1.0,3/23,10.60%,CHMP2A;MVB12A;TMEM50A
prerank,PERK-mediated Unfolded Protein Response (GO:0036499),-0.34679833433744395,-0.6294240412423511,0.9092592592592592,0.9965027145749767,1.0,3/5,34.66%,QRICH1;DDIT3;NFE2L2
prerank,Diol Metabolic Process (GO:0034311),0.2795506843143535,0.628654822738801,0.9004424778761062,0.9727620879181585,1.0,4/10,19.97%,SGPP1;PLPP2;NAAA;SPHK1
prerank,Negative Regulation Of Lipid Kinase Activity (GO:0090219),0.3270691339792935,0.6283360851485279,0.8685968819599109,0.9725920430640316,1.0,2/6,18.65%,PIK3IP1;PIP4K2B
prerank,Regulation Of Cell Cycle G2/M Phase Transition (GO:1902749),0.2581470087844427,0.6279537621850695,0.9336384439359268,0.9724749503425452,1.0,5/16,18.08%,CDKN1A;CDK4;TP53;CCNQ;ATF5
prerank,Lymphocyte Proliferation (GO:0046651),-0.24816980893318788,-0.627942508208839,0.9508196721311475,0.9970408636273195,1.0,5/21,21.85%,CTPS1;EMP2;LMBR1L;CD40;FLT3
prerank,Multi-Ciliated Epithelial Cell Differentiation (GO:1903251),-0.3343140763532349,-0.6279102416549213,0.884393063583815,0.996600964187779,1.0,1/6,8.40%,DEUP1
prerank,Negative Regulation Of Activin Receptor Signaling Pathway (GO:0032926),-0.29783054085273036,-0.6267546607836865,0.9220272904483431,0.9969000488387475,1.0,4/9,23.31%,MAGI2;FST;CER1;LEMD3
prerank,N-terminal Protein Amino Acid Modification (GO:0031365),-0.29195411246121605,-0.626376812406326,0.9064748201438849,0.9966913668309726,1.0,6/10,32.85%,NAA35;PFDN1;NAA15;NAA20;NAA16;METAP1D
prerank,Regulation Of Granulocyte Chemotaxis (GO:0071622),0.2531345691709156,0.6261239022063697,0.9465116279069767,0.9733546848400517,1.0,4/17,13.61%,PTK2;IL34;MPP1;CSF1R
prerank,Regulation Of Cardiac Muscle Cell Action Potential Involved In Regulation Of Contraction (GO:0098909),-0.3420258188263401,-0.6256639641462344,0.9105367793240556,0.9966955113562054,1.0,3/6,20.98%,HCN4;CAV1;FGF13
prerank,Very Long-Chain Fatty Acid Metabolic Process (GO:0000038),0.2244593407614916,0.6254260852957719,0.9494252873563218,0.9734499015883187,1.0,12/28,26.59%,ACAA1;HACD2;ACOX1;SLC27A5;ACSBG1;ACSL1;PEX2;CYP4F12;ACOT4;ELOVL1;ABCD3;HACD4
prerank,Cellular Response To Arsenic-Containing Substance (GO:0071243),0.26531934188366346,0.6253810975152048,0.9340909090909091,0.973110464513248,1.0,12/12,73.49%,GSTO2;HSF1;GSTO1;PPIF;DAXX;MKNK2;ZC3H12A;VCP;DHX36;MAPK13;DDX3X;ZFAND1
prerank,Positive Regulation Of Chromosome Organization (GO:2001252),0.2173626157622577,0.6253266727530272,0.9569160997732427,0.9727773021932148,1.0,9/32,27.07%,SIRT6;TINF2;TERF2IP;AURKB;DDX11;TERF2;GNL3;CDK1;NCAPG2
prerank,Proton-Transporting ATP Synthase Complex Assembly (GO:0043461),-0.3165769333297557,-0.6241790304126177,0.8987108655616943,0.9967585254929023,1.0,1/7,6.25%,ATPAF1
prerank,Mitochondrial Proton-Transporting ATP Synthase Complex Assembly (GO:0033615),-0.3165769333297557,-0.6241790304126177,0.8987108655616943,0.9967585254929023,1.0,1/7,6.25%,ATPAF1
prerank,Entrainment Of Circadian Clock By Photoperiod (GO:0043153),0.24422744632659932,0.6241769745011975,0.9478458049886621,0.9731251324844352,1.0,9/19,29.39%,PPP1CC;TP53;PDE6B;PPP1CA;FBXL17;CRY1;MTA1;PPP1CB;PER2
prerank,Regulation Of T-helper 2 Cell Differentiation (GO:0045628),0.307277919471413,0.6231552417648758,0.8960739030023095,0.9734218452464511,1.0,1/7,11.11%,NLRP3
prerank,Regulation Of Megakaryocyte Differentiation (GO:0045652),-0.2571457990678026,-0.6230009607358818,0.9365671641791045,0.9970514941428426,1.0,3/17,15.98%,PF4;RAB7B;CNOT4
prerank,Modification-Dependent Macromolecule Catabolic Process (GO:0043632),-0.3318271753530269,-0.6210859884099638,0.9107468123861566,0.997809217836732,1.0,2/6,23.39%,TUT4;TUT7
prerank,DNA Damage Checkpoint Signaling (GO:0000077),-0.21884014362983648,-0.6209348243660548,0.9790209790209791,0.9974485595177638,1.0,2/32,6.06%,HUS1;ATR
prerank,Mitotic Nuclear Division (GO:0140014),0.20167859553699358,0.6203539406415641,0.9801324503311258,0.9749036239960059,1.0,2/41,3.64%,CHMP2A;INO80
prerank,Positive Regulation Of Translational Initiation (GO:0045948),0.25773419403522757,0.619711668332254,0.9174528301886793,0.9749513739007517,1.0,2/14,8.52%,POLR2G;YTHDF1
prerank,Protein Targeting To Membrane (GO:0006612),-0.19509054955772565,-0.6189638110010014,0.9897260273972602,0.9981989103161181,1.0,11/61,19.06%,PARD3;MYO1C;PEX3;RABGEF1;ARL6;TAOK2;CHM;GOLGA7B;ZDHHC3;ZDHHC23;PEX19
prerank,Ubiquinone Biosynthetic Process (GO:0006744),-0.2692660388961289,-0.6187822420298023,0.9328493647912885,0.9978544437059529,1.0,2/13,12.28%,PDSS2;COQ7
prerank,Regulation Of Bile Acid Biosynthetic Process (GO:0070857),0.3222296329346397,0.6179905103893253,0.8771186440677966,0.9757715928713797,1.0,1/6,7.88%,PROX1
prerank,RNA Polymerase II Preinitiation Complex Assembly (GO:0051123),0.20032052183535906,0.6176061051240792,0.9866369710467706,0.9756449612847212,1.0,2/47,5.94%,TAF10;MED9
prerank,Triglyceride Biosynthetic Process (GO:0019432),0.25708306430085287,0.61640472599163,0.9522673031026253,0.9760753307683694,1.0,4/15,15.69%,PCK2;GPAT4;GCK;GPAT2
prerank,Somatic Recombination Of Immunoglobulin Gene Segments (GO:0016447),-0.30489644203375854,-0.6163612109091535,0.9099264705882353,0.9988776134518963,1.0,1/8,8.75%,MSH2
prerank,Negative Regulation Of Glucose Transmembrane Transport (GO:0010829),-0.29432646722224237,-0.6163302283244749,0.9128856624319419,0.9984411992086598,1.0,3/9,24.29%,GRB10;PID1;SELENOS
prerank,Antiviral Innate Immune Response (GO:0140374),0.2098857278931402,0.6159206059947148,0.9839816933638444,0.975997107846998,1.0,4/37,7.50%,PHB2;RNF135;DHX15;NMB
prerank,Nuclear Membrane Organization (GO:0071763),-0.22915911914038808,-0.6153444522262878,0.9646017699115044,0.9985665616152464,1.0,6/25,24.64%,CHMP1B;CHMP5;CHMP2B;UBXN2A;TOR1AIP1;GPER1
prerank,Negative Regulation Of PERK-mediated Unfolded Protein Response (GO:1903898),-0.35191734606392405,-0.6153024429926243,0.9047619047619048,0.9981356449832842,1.0,1/5,6.89%,PPP1R15A
prerank,Membrane Invagination (GO:0010324),-0.3368485980486414,-0.6124213563469971,0.9214953271028037,0.9993804723050684,1.0,1/6,9.02%,FCHO2
prerank,Telomere Maintenance In Response To DNA Damage (GO:0043247),0.2835854758671399,0.6123923961193508,0.9211087420042644,0.9778078355961219,1.0,4/10,26.49%,APEX1;TERF2IP;TERF2;TFIP11
prerank,Regulation Of Isotype Switching (GO:0045191),0.26332026360602323,0.611848409402813,0.945054945054945,0.9777538969801202,1.0,1/14,3.02%,SLC15A4
prerank,Peptidyl-Amino Acid Modification (GO:0018193),-0.30635341278942946,-0.6115338908510862,0.9255725190839694,0.9994385848117084,1.0,4/8,32.85%,FKBP7;PFDN1;ATP7A;METAP1D
prerank,Tricarboxylic Acid Metabolic Process (GO:0072350),0.2926128565606666,0.6114647213213288,0.9090909090909091,0.9776129291592351,1.0,5/8,37.05%,IDH2;SIRT4;IDH3A;IDH3G;IDH3B
prerank,Regulation Of Glycogen Biosynthetic Process (GO:0005979),0.23319348970480153,0.6113757536561394,0.9629629629629629,0.9772915474954856,1.0,1/21,1.54%,IRS2
prerank,Regulation Of Nephron Tubule Epithelial Cell Differentiation (GO:0072182),0.30298195231843716,0.610872963232508,0.8914893617021277,0.9772549003130321,1.0,1/7,6.04%,GATA3
prerank,Photoperiodism (GO:0009648),0.23604060157047888,0.6105347469843455,0.9426605504587156,0.9770834534695592,1.0,9/20,29.39%,PPP1CC;TP53;PDE6B;PPP1CA;FBXL17;CRY1;MTA1;PPP1CB;PER2
prerank,Respiratory Chain Complex III Assembly (GO:0017062),0.28656173494152204,0.6104951364956333,0.9082774049217002,0.9763602281221655,1.0,1/8,9.33%,UQCC3
prerank,Mitochondrial Respiratory Chain Complex III Assembly (GO:0034551),0.28656173494152204,0.6104951364956333,0.9082774049217002,0.9763602281221655,1.0,1/8,9.33%,UQCC3
prerank,"Maturation Of 5.8S rRNA From Tricistronic rRNA Transcript (SSU-rRNA, 5.8S rRNA, LSU-rRNA) (GO:0000466)",0.2374124534421564,0.6104800428069512,0.9261744966442953,0.9759976501263724,1.0,6/20,22.02%,UTP20;EXOSC7;PES1;LTB4R2;EXOSC3;RRS1
prerank,Negative Regulation Of Cellular Response To Insulin Stimulus (GO:1900077),-0.23237146616562485,-0.6097013438974505,0.9661921708185054,1.0,1.0,5/25,17.90%,TNS2;APLP2;GRB10;PRKCQ;PID1
prerank,Mitochondrial tRNA Processing (GO:0090646),0.32672882672882664,0.6096685188744398,0.8838174273858921,0.9761131880430163,1.0,6/6,67.34%,METTL8;TRIT1;TRNT1;HSD17B10;TRMT10C;PRORP
prerank,Inner Mitochondrial Membrane Organization (GO:0007007),0.21088003405349692,0.6096402168187157,0.9730337078651685,0.9757583289849102,1.0,9/32,20.36%,TMEM11;TIMM10;ROMO1;UQCC3;NDUFA13;TIMM13;LETM1;TRMT10B;TIMM8B
prerank,Antigen Processing And Presentation Of Endogenous Peptide Antigen (GO:0002483),0.2832431456151227,0.60951332432807,0.9269911504424779,0.9754684748690946,1.0,4/10,27.31%,MICA;TAP1;TAP2;HFE
prerank,Very Long-Chain Fatty Acid Biosynthetic Process (GO:0042761),-0.28502124606692025,-0.609122949677406,0.9297912713472486,0.9999499885315776,1.0,3/10,24.06%,ELOVL4;ELOVL7;TECR
prerank,Positive Regulation Of Myoblast Fusion (GO:1901741),-0.3078318618549039,-0.609050297048701,0.925512104283054,0.9995327355544518,1.0,4/8,21.77%,RIPOR2;IL4;EHD1;MAPK14
prerank,Protein Deneddylation (GO:0000338),-0.28724965520215556,-0.6084762053083727,0.9358974358974359,0.9994047784898558,1.0,1/10,6.85%,COPS8
prerank,Synaptic Vesicle Fusion To Presynaptic Active Zone Membrane (GO:0031629),-0.29367324082219287,-0.6072615083947172,0.9216417910447762,0.9996413367703211,1.0,1/9,5.35%,SNAP25
prerank,Regulation Of Phosphatase Activity (GO:0010921),-0.25331325766177853,-0.606683285944299,0.9445407279029463,0.9995218026046331,1.0,2/16,11.95%,PPP1R17;PPP6R2
prerank,COPII-coated Vesicle Cargo Loading (GO:0090110),-0.262427052066916,-0.6063893518306053,0.9402460456942003,0.9992304045701675,1.0,4/14,23.28%,SEC24A;TBC1D20;SEC23A;SEC24B
prerank,Interstrand Cross-Link Repair (GO:0036297),-0.21173680768603126,-0.6052159206485526,0.9781746031746031,0.999449643254058,1.0,2/35,3.27%,ERCC6L2;FANCC
prerank,5S Class rRNA Transcription By RNA Polymerase III (GO:0042791),0.3299839836097042,0.6045004735226125,0.9129464285714286,0.9780894161646212,1.0,2/5,22.62%,GTF3C5;GTF3C4
prerank,Protein K6-linked Ubiquitination (GO:0085020),0.28492902190722585,0.6044086548346355,0.9351851851851852,0.9777690761027104,1.0,5/8,35.37%,RNF6;UBE2D4;RNF4;RNF25;TRIM21
prerank,Positive Regulation Of Mitochondrial Outer Membrane Permeabilization Involved In Apoptotic Signaling Pathway (GO:1901030),0.2722267256445168,0.6038265850153229,0.9369747899159664,0.9777204634079941,1.0,3/10,16.38%,BBC3;BOK;CHCHD10
prerank,Positive Regulation Of Intracellular Estrogen Receptor Signaling Pathway (GO:0033148),0.3120003726970562,0.6031028330964728,0.9004424778761062,0.9777805315413668,1.0,1/6,9.87%,WBP2
prerank,Regulation Of Golgi To Plasma Membrane Protein Transport (GO:0042996),-0.3292422524145077,-0.6030558108137243,0.9155963302752294,1.0,1.0,3/6,23.47%,PKDCC;CNST;ATP2C1
prerank,Ubiquinone Metabolic Process (GO:0006743),-0.2559569677316856,-0.6009000235712877,0.9267857142857143,1.0,1.0,2/14,12.28%,PDSS2;COQ7
prerank,Immunoglobulin Production Involved In Immunoglobulin-Mediated Immune Response (GO:0002381),0.3182838648895059,0.5997168858142253,0.9098712446351931,0.9793619064213882,1.0,2/6,14.09%,GAPT;GNAO1
prerank,Phosphatidylglycerol Biosynthetic Process (GO:0006655),-0.29334713300035486,-0.5996305851116918,0.9204339963833634,1.0,1.0,4/8,34.58%,TAMM41;GPAM;PGS1;PLA2G6
prerank,Negative Regulation Of Oxidative Stress-Induced Neuron Death (GO:1903204),-0.30703674361469846,-0.5981407503893524,0.9280442804428044,1.0,1.0,4/7,38.93%,IL10;PINK1;PRKN;NONO
prerank,Striated Muscle Cell Differentiation (GO:0051146),-0.24132043163644157,-0.597956237649618,0.9581151832460733,1.0,1.0,4/19,20.36%,NRG1;POPDC3;BMP2;BVES
prerank,Positive Regulation Of Intracellular Steroid Hormone Receptor Signaling Pathway (GO:0033145),0.3025413184119027,0.5975496105832556,0.918552036199095,0.9801963505216243,1.0,1/7,9.87%,WBP2
prerank,Response To Nitric Oxide (GO:0071731),0.27591561639581386,0.5966008020638012,0.9207317073170732,0.9803707983171194,1.0,1/10,6.89%,EGLN1
prerank,DNA Strand Resection Involved In Replication Fork Processing (GO:0110025),0.3076646769227312,0.5965950889887313,0.8995726495726496,0.9800008884201878,1.0,2/6,18.60%,SAMHD1;RBBP8
prerank,Fatty Acid Beta-Oxidation Using acyl-CoA Oxidase (GO:0033540),-0.28955470636079433,-0.5965589533110432,0.9402985074626866,1.0,1.0,1/9,7.28%,ACOX2
prerank,Regulation Of Cytoplasmic Translational Elongation (GO:1900247),-0.2996608768617084,-0.5964417747403092,0.9240506329113924,1.0,1.0,5/7,39.35%,DPH3;DPH6;CPEB3;DPH2;DPH7
prerank,ncRNA Transcription (GO:0098781),-0.27950509292832815,-0.5964094513615409,0.9317343173431735,1.0,1.0,2/10,20.57%,SNAPC3;RPAP2
prerank,Oligosaccharide Biosynthetic Process (GO:0009312),0.23319244887552565,0.5955770236211086,0.9678111587982833,0.9801793958741835,1.0,2/20,5.81%,FUT4;ST3GAL6
prerank,Galactolipid Biosynthetic Process (GO:0019375),0.3191324053091615,0.5954452751693208,0.9232456140350878,0.9795018271773575,1.0,5/5,68.10%,B3GALT2;B4GALT3;FA2H;GAL3ST1;UGT8
prerank,Galactosylceramide Biosynthetic Process (GO:0006682),0.3191324053091615,0.5954452751693208,0.9232456140350878,0.9795018271773575,1.0,5/5,68.10%,B3GALT2;B4GALT3;FA2H;GAL3ST1;UGT8
prerank,Regulation Of Ceramide Biosynthetic Process (GO:2000303),0.2860788492158253,0.5949658762944009,0.9152542372881356,0.979391025422216,1.0,3/9,19.97%,PRKCD;ORMDL2;SPHK1
prerank,ER Overload Response (GO:0006983),-0.3068261182375875,-0.5941059610288006,0.9132075471698113,1.0,1.0,3/7,24.96%,GSK3B;SELENOS;DDIT3
prerank,Cardiolipin Metabolic Process (GO:0032048),0.2748782327525493,0.5938856922161903,0.9222222222222223,0.9795959906779749,1.0,3/10,15.95%,PNPLA8;HADHA;SLC27A1
prerank,peptidyl-L-cysteine S-palmitoylation (GO:0018230),0.22761327798384345,0.5937607382008409,0.9680365296803652,0.9789084774283975,1.0,4/19,16.92%,ZDHHC24;ZDHHC4;ZDHHC8;ZDHHC9
prerank,peptidyl-S-diacylglycerol-L-cysteine Biosynthetic Process From Peptidyl-Cysteine (GO:0018231),0.22761327798384345,0.5937607382008409,0.9680365296803652,0.9789084774283975,1.0,4/19,16.92%,ZDHHC24;ZDHHC4;ZDHHC8;ZDHHC9
prerank,DNA Conformation Change (GO:0071103),0.26334824983373195,0.5935293994154621,0.919908466819222,0.9786785093429339,1.0,5/11,25.65%,TOP2A;TOP2B;TOP3A;HHEX;HMGB2
prerank,Exonucleolytic Catabolism Of Deadenylated mRNA (GO:0043928),-0.26487536182790444,-0.5923783692722469,0.935064935064935,1.0,1.0,2/12,15.54%,EXOSC9;DIS3
prerank,Positive Regulation Of Hippo Signaling (GO:0035332),-0.3193959757482943,-0.5905538843092684,0.923217550274223,1.0,1.0,1/6,4.86%,FRMD6
prerank,Deadenylation-Dependent Decapping Of Nuclear-Transcribed mRNA (GO:0000290),0.3001108655995674,0.5889705498544769,0.9153318077803204,0.9807796833653026,1.0,3/7,22.89%,PATL1;DCPS;LSM1
prerank,Phosphatidylethanolamine Biosynthetic Process (GO:0006646),0.274388922553333,0.5888730856517539,0.9266503667481663,0.9804620882646736,1.0,3/9,18.58%,ETNK2;SLC27A1;CEPT1
prerank,DNA Double-Strand Break Processing (GO:0000729),-0.2556195611729951,-0.588446767434497,0.9382716049382716,1.0,1.0,4/13,26.48%,RAD50;RAD52;RNF138;SLX4
prerank,Negative Regulation Of Cartilage Development (GO:0061037),0.2556234997574908,0.5883818509697126,0.9237668161434978,0.9803553190179773,1.0,3/12,16.40%,EFEMP1;TGFBR1;GREM1
prerank,Negative Regulation Of Protein Exit From Endoplasmic Reticulum (GO:0070862),-0.28836068434604184,-0.5879204613061928,0.9405405405405406,1.0,1.0,2/9,20.94%,INSIG1;YOD1
prerank,Dosage Compensation By Inactivation Of X Chromosome (GO:0009048),-0.2657350053797781,-0.5862169193485007,0.946969696969697,1.0,1.0,1/11,4.85%,SMCHD1
prerank,Histone mRNA Catabolic Process (GO:0071044),-0.255190964473727,-0.5852142893362269,0.9391143911439115,1.0,1.0,5/13,27.44%,TENT4B;TUT4;TUT7;EXOSC10;ERI1
prerank,Positive Regulation Of DNA Methylation-Dependent Heterochromatin Formation (GO:0090309),-0.2759810594355795,-0.5851785805380334,0.9506641366223909,1.0,1.0,7/10,43.40%,TASOR;MPHOSPH8;TRIM28;ATF7IP2;PPHLN1;MORC2;RESF1
prerank,[2Fe-2S] Cluster Assembly (GO:0044571),0.2761126873839917,0.5841462762857094,0.9433551198257081,0.9821869270848457,1.0,5/9,29.59%,LYRM4;GLRX5;NDUFAB1;FDX2;HSCB
prerank,Membrane Biogenesis (GO:0044091),-0.3114403075831198,-0.583834271470746,0.9343339587242027,1.0,1.0,3/6,36.65%,SERINC1;SPTBN1;TLCD1
prerank,Positive Regulation Of Type 2 Immune Response (GO:0002830),-0.2570975832154919,-0.5836467351134271,0.951473136915078,1.0,1.0,3/13,24.98%,IL6;IL4;TNFSF4
prerank,Learned Vocalization Behavior Or Vocal Learning (GO:0098598),-0.30925723398786037,-0.5835662787534182,0.9326047358834244,1.0,1.0,1/6,10.04%,STRA6
prerank,Auditory Behavior (GO:0031223),-0.30925723398786037,-0.5835662787534182,0.9326047358834244,1.0,1.0,1/6,10.04%,STRA6
prerank,Dermatan Sulfate Proteoglycan Biosynthetic Process (GO:0050651),0.28725376979067285,0.5823988124809127,0.9,0.9826921924492829,1.0,2/7,13.94%,CSGALNACT2;CHST14
prerank,Pseudouridine Synthesis (GO:0001522),0.25425794152961917,0.5820390332987376,0.9322033898305084,0.9825041144445283,1.0,1/12,6.23%,NHP2
prerank,Regulation Of Chromosome Segregation (GO:0051983),-0.21482692383462682,-0.5811831503037204,0.9779005524861878,1.0,1.0,5/24,30.41%,ZNF207;RMI2;SMC5;SMC6;RAD18
prerank,Suppression Of Viral Release By Host (GO:0044790),0.2571951383366203,0.5810096596371584,0.9406392694063926,0.982648419643511,1.0,2/11,10.54%,TRIM26;TRIM8
prerank,Acute Inflammatory Response (GO:0002526),-0.23229261145050653,-0.5809811354880928,0.9614711033274956,1.0,1.0,9/20,28.98%,ELANE;IL6R;IL6;NLRP6;C2CD4B;VNN1;TNFSF4;MYLK3;HPR
prerank,miRNA Processing (GO:0035196),0.20375325573414535,0.5804266877746576,0.9869565217391304,0.9825769681197137,1.0,10/30,25.38%,NCBP2;ZC3H7B;AGO4;SRRT;TARBP2;PRKRA;HNRNPA2B1;PUM2;PUM1;SPOUT1
prerank,Melanosome Assembly (GO:1903232),0.2278146685142166,0.5802508227011087,0.9506437768240343,0.9822922779417778,1.0,5/17,21.86%,AP1S3;HPS6;HPS3;RAB32;AP1S2
prerank,Detection Of Chemical Stimulus Involved In Sensory Perception (GO:0050907),0.22751753747925585,0.5786843848745411,0.9673202614379085,0.9826842622768929,1.0,1/17,4.52%,PKD2L1
prerank,Mitochondrial Membrane Organization (GO:0007006),-0.21427564923174292,-0.5774914833555973,0.9824253075571178,1.0,1.0,3/27,10.43%,MTX2;DNAJC11;APOOL
prerank,Negative Regulation Of TORC1 Signaling (GO:1904262),-0.22369425017761424,-0.577175585465595,0.9726277372262774,1.0,1.0,6/23,24.52%,NPRL3;SESN1;RNF152;NPRL2;SPAAR;WDR59
prerank,Positive Regulation Of Autophagy Of Mitochondrion (GO:1903599),-0.3072829015190267,-0.5770843039591423,0.9242144177449169,1.0,1.0,4/6,37.77%,CAMKK2;SLC25A4;HTT;PRKN
prerank,Cellular Response To Acidic pH (GO:0071468),0.2799963870266592,0.5767539912660112,0.9228971962616822,0.9832827207330262,1.0,3/8,18.15%,PKD2L1;CHP1;RAB11B
prerank,ncRNA Catabolic Process (GO:0034661),0.20929405865422548,0.5755107346056965,0.9861751152073732,0.9835027776384788,1.0,10/29,25.33%,EXOSC4;TRIR;NUDT16;EXOSC6;NUDT16L1;EXOSC3;ZC3H4;RBM7;DEDD2;SND1
prerank,Signal Release (GO:0023061),0.26579467585094335,0.5749721304487776,0.9311163895486936,0.9833857292422293,1.0,2/9,16.82%,ABCC4;PORCN
prerank,Kinetochore Assembly (GO:0051382),0.2645213771368127,0.5749431538037875,0.9339019189765458,0.9830309120560067,1.0,1/9,6.38%,NPC1
prerank,Positive Regulation Of RNA Metabolic Process (GO:0051254),0.20208746223586957,0.5730220303090972,0.9911504424778761,0.9835897699512854,1.0,10/31,22.95%,RELA;GRSF1;TRMT112;POLR2A;SIRT7;ERN1;HRAS;RBM27;NFKB1;DIMT1
prerank,fatty-acyl-CoA Biosynthetic Process (GO:0046949),0.21133064625749293,0.5726466163732318,0.9752252252252253,0.9833957116753148,1.0,4/22,16.21%,HACD2;PPT1;ACSBG1;ACSL1
prerank,Peptidyl-Lysine Monomethylation (GO:0018026),0.2705261323627261,0.570892626499843,0.9316628701594533,0.9838270563008802,1.0,1/8,7.60%,SETD7
prerank,Regulation Of Chemokine-Mediated Signaling Pathway (GO:0070099),0.28184126967740114,0.5707360632727937,0.9293598233995585,0.9835342477884267,1.0,1/7,3.60%,PADI2
prerank,Regulation Of DNA-templated DNA Replication Initiation (GO:0030174),0.2611476532763129,0.5705228931557502,0.9447004608294931,0.9832543453804077,1.0,5/10,31.08%,WRNIP1;MCM4;MCM2;MCM7;MCM3
prerank,Cellular Response To ATP (GO:0071318),0.24500390387989296,0.5695900811709079,0.9524838012958964,0.9833034603471698,1.0,2/12,12.17%,P2RY11;P2RY12
prerank,Positive Regulation Of mRNA Binding (GO:1902416),-0.31830536413460875,-0.5693471558039469,0.9411764705882353,1.0,1.0,1/5,10.34%,FMR1
prerank,Protein K29-linked Ubiquitination (GO:0035519),-0.31178608456484,-0.568638782349268,0.9397363465160076,1.0,1.0,1/5,10.14%,UBE3C
prerank,protein-DNA Covalent Cross-Linking Repair (GO:0106300),-0.30200106191086495,-0.5683794925051784,0.9495327102803738,1.0,1.0,2/6,23.66%,VCPIP1;GCNA
prerank,DNA Topological Change (GO:0006265),0.28442492115214085,0.5681372277071269,0.9254079254079254,0.9835942974440953,1.0,3/7,18.71%,TOP2A;TOP2B;TOP3A
prerank,Double-Strand Break Repair Via Break-Induced Replication (GO:0000727),-0.26128288061183613,-0.5678451499155591,0.9591474245115453,1.0,1.0,1/11,10.87%,MCMDC2
prerank,Positive Regulation Of Autophagosome Maturation (GO:1901098),0.311298154742635,0.5678043467670454,0.9110169491525424,0.9833680900514032,1.0,5/5,68.88%,SMCR8;UVRAG;TOM1;CALCOCO2;FYCO1
prerank,Mammary Gland Epithelial Cell Differentiation (GO:0060644),-0.29176887648248484,-0.5677100831237245,0.9272030651340997,1.0,1.0,2/7,21.79%,LATS1;AKT2
prerank,mRNA Catabolic Process (GO:0006402),0.18978594469228435,0.5676939216223513,1.0,0.9830524787092685,1.0,15/40,25.33%,EXOSC4;NUDT16;XRN2;AGO4;MRTO4;RNH1;NUDT16L1;ZFP36L2;LSM2;ERN1;DHX34;LSM6;YTHDF2;PDE12;SND1
prerank,ADP Transport (GO:0015866),0.285700597860312,0.5675341335115721,0.9235807860262009,0.982758810828783,1.0,1/6,8.25%,SLC25A24
prerank,Cobalamin Metabolic Process (GO:0009235),-0.28670786891577305,-0.5666930002322486,0.9428571428571428,1.0,1.0,4/7,40.36%,MMADHC;MMACHC;MTR;ABCD4
prerank,Placenta Blood Vessel Development (GO:0060674),-0.2946217964121064,-0.565068503381505,0.9446428571428571,1.0,1.0,3/6,26.69%,PKD2;RBPJ;PKD1
prerank,Positive Regulation Of DNA-directed DNA Polymerase Activity (GO:1900264),0.24615387192817995,0.5650641922704611,0.9483870967741935,0.9831346479695219,1.0,3/12,20.98%,CHTF8;PCNA;GINS4
prerank,Regulation Of DNA-directed DNA Polymerase Activity (GO:1900262),0.24615387192817995,0.5650641922704611,0.9483870967741935,0.9831346479695219,1.0,3/12,20.98%,CHTF8;PCNA;GINS4
prerank,Protein Peptidyl-Prolyl Isomerization (GO:0000413),-0.23522585768755028,-0.5643878494852028,0.9732620320855615,1.0,1.0,5/16,22.80%,NKTR;PPWD1;PPIC;PIN1;FKBP1B
prerank,Positive Regulation Of Centriole Replication (GO:0046601),0.2784388222813924,0.5638062245307996,0.9402985074626866,0.9833142244555945,1.0,3/8,20.58%,PPP1R35;SASS6;NUP62
prerank,Fatty Acid Elongation (GO:0030497),-0.25428872110853684,-0.5622899306889707,0.946969696969697,1.0,1.0,3/11,24.06%,ELOVL4;ELOVL7;TECR
prerank,Somatic Recombination Of Immunoglobulin Genes Involved In Immune Response (GO:0002204),-0.27425414303677753,-0.5609571307641211,0.9632867132867133,1.0,1.0,2/8,16.51%,MSH2;RNF8
prerank,"Wound Healing, Spreading Of Epidermal Cells (GO:0035313)",-0.2822110281723846,-0.5602947134233913,0.9531835205992509,1.0,1.0,1/8,16.72%,COL5A1
prerank,Nucleotide-Excision Repair (GO:0006289),-0.18400863198911344,-0.5596611791761414,0.9981447124304267,1.0,1.0,24/51,39.02%,FANCC;HUS1;ERCC5;USP45;RNF111;USP44;KAT5;RPA3;UVSSA;POLE;SLX4;MMS19;POLD3;GTF2H3;XPC;RAD23B;HUS1B;XPA;COMMD1;RPA4;RPA2;ERCC3;TENT4A;ERCC8
prerank,Epithelial Structure Maintenance (GO:0010669),0.259579677033151,0.5589412605101842,0.9491150442477876,0.985050594633273,1.0,2/10,10.41%,SERPINA3;STRAP
prerank,Resolution Of Recombination Intermediates (GO:0071139),0.3012785709667932,0.5573607823155438,0.9327902240325866,0.9853430661557538,1.0,3/5,25.39%,XRCC3;TOP3A;GEN1
prerank,DNA Methylation (GO:0006306),-0.22345373114947342,-0.5573146863844289,0.9761904761904762,1.0,1.0,3/19,16.07%,N6AMT1;PPM1D;ZDBF2
prerank,Negative Regulation Of Transcription By Competitive Promoter Binding (GO:0010944),-0.2813839520526441,-0.555776979505703,0.9605263157894737,1.0,1.0,2/8,12.97%,DACH1;CREB1
prerank,Positive Regulation Of T Cell Chemotaxis (GO:0010820),-0.26930312866588074,-0.5551845966199312,0.968978102189781,1.0,1.0,1/9,9.33%,STK39
prerank,Meiotic Sister Chromatid Cohesion (GO:0051177),-0.2542810177918027,-0.5549244312749327,0.9572490706319703,1.0,1.0,2/10,17.39%,SGO2;HORMAD2
prerank,Double-Strand Break Repair Via Nonhomologous End Joining (GO:0006303),-0.1883809829656105,-0.5541490344982319,0.9892086330935251,1.0,1.0,8/38,24.63%,NSMCE2;ATM;RNF8;ATP23;SMC5;SMARCAL1;DCLRE1C;KDM2A
prerank,Regulation Of Smooth Muscle Cell Differentiation (GO:0051150),-0.2907215826049597,-0.553568705036551,0.9554730983302412,1.0,1.0,4/6,38.49%,FOXO4;MYOCD;RBPMS2;OLFM2
prerank,Post-Transcriptional Gene Silencing (GO:0016441),0.25287211170512147,0.5532570704621371,0.9615384615384616,0.9867087409774249,1.0,4/11,24.65%,GIGYF2;TARBP2;CELF1;PUM1
prerank,Histone Monoubiquitination (GO:0010390),-0.24627032083532457,-0.5521257979571965,0.9704797047970479,1.0,1.0,4/12,30.91%,WAC;BRCA1;BARD1;RNF2
prerank,Sister Chromatid Segregation (GO:0000819),-0.198713286135683,-0.551805807589975,0.988950276243094,1.0,1.0,3/31,10.68%,ZNF207;LATS1;KNTC1
prerank,CRD-mediated mRNA Stabilization (GO:0070934),-0.2700305334686644,-0.551680012552462,0.9612546125461254,1.0,1.0,2/8,27.50%,IGF2BP3;SYNCRIP
prerank,Mitotic Spindle Elongation (GO:0000022),-0.26881109844508577,-0.5510721615343938,0.9490909090909091,1.0,1.0,4/9,29.00%,AURKC;KIF23;KIF4B;CDCA8
prerank,Mitotic Spindle Midzone Assembly (GO:0051256),-0.26881109844508577,-0.5510721615343938,0.9490909090909091,1.0,1.0,4/9,29.00%,AURKC;KIF23;KIF4B;CDCA8
prerank,mRNA Pseudouridine Synthesis (GO:1990481),0.2640849630876828,0.5475766103340893,0.9439461883408071,0.9886629013134542,1.0,8/8,73.61%,RPUSD2;PUS1;PUS3;TRUB2;RPUSD4;PUS7L;PUS7;TRUB1
prerank,Negative Regulation Of Telomere Maintenance (GO:0032205),0.2296045446144575,0.5475270152878804,0.9605263157894737,0.9883152621102825,1.0,4/14,24.91%,PARP1;TERF2IP;TERF2;ERCC1
prerank,Response To Peptide (GO:1901652),0.19314560565953542,0.5467004266932838,0.9910913140311804,0.9882842751322402,1.0,6/31,19.38%,IRF5;ERBIN;STAT2;EIF2B2;FYN;PRLH
prerank,ATP Transport (GO:0015867),0.24676509886470646,0.5465251469395833,0.9386363636363636,0.9879933538474426,1.0,3/10,23.20%,SLC25A24;CR1;SLC25A23
prerank,Positive Regulation Of Immunoglobulin Mediated Immune Response (GO:0002891),0.2271155078057846,0.5448152492679855,0.9685393258426966,0.9883255041147708,1.0,3/14,16.05%,CD226;NECTIN2;KMT5C
prerank,Cellular Response To UV-A (GO:0071492),-0.26020346005186273,-0.5442098054127291,0.9649805447470817,1.0,1.0,3/9,39.57%,MMP3;MMP1;MMP2
prerank,acyl-CoA Biosynthetic Process (GO:0071616),-0.24001418139397113,-0.5441919221660438,0.9705340699815838,1.0,1.0,5/12,32.08%,DIP2A;PPT2;ACSS1;MLYCD;ACLY
prerank,DNA Integrity Checkpoint Signaling (GO:0031570),-0.18266464146184486,-0.5428053460295854,0.9948096885813149,1.0,1.0,2/40,6.06%,HUS1;ATR
prerank,Establishment Of Protein Localization To Chromatin (GO:0071169),0.2890531909145132,0.5422822216121499,0.9383259911894273,0.9889594881082098,1.0,2/5,19.17%,WBP2;LRWD1
prerank,DNA Geometric Change (GO:0032392),0.19575239162612137,0.5411533057380362,0.9952941176470588,0.989022362850034,1.0,6/26,21.52%,DTD1;ASCC3;HNRNPA2B1;RECQL4;BLM;DDX11
prerank,Regulation Of Response To Stress (GO:0080134),-0.26206221145894204,-0.5410096533616724,0.9738805970149254,1.0,1.0,3/9,27.93%,STOX1;DYRK3;IL10
prerank,Axonemal Central Apparatus Assembly (GO:1904158),-0.2982554073234639,-0.5407042053873957,0.9622980251346499,1.0,1.0,2/5,29.04%,SPAG17;RSPH9
prerank,"tRNA Splicing, Via Endonucleolytic Cleavage And Ligation (GO:0006388)",0.24980495966912686,0.5406528612454147,0.9711934156378601,0.9888607103144521,1.0,1/10,8.07%,RTCB
prerank,Detection Of Visible Light (GO:0009584),-0.23966361212718013,-0.54061273422287,0.9682242990654205,1.0,1.0,1/12,10.75%,TULP1
prerank,Natural Killer Cell Differentiation (GO:0001779),0.27298866856441534,0.5395740321941279,0.9527027027027027,0.988884451736546,1.0,3/7,19.98%,NFIL3;RABL3;PTPRC
prerank,Gamma-Delta T Cell Activation (GO:0046629),0.23403290581681552,0.5391716021480997,0.9623893805309734,0.988664083397625,1.0,12/12,76.61%,MICA;CD3G;JAML;CXADR;CD3E;TRDC;SOX13;TRGC2;TCF7;TRGC1;ITK;MICB
prerank,Natural Killer Cell Mediated Immunity (GO:0002228),0.21761683279288002,0.5358880079183433,0.9798657718120806,0.989510653845644,1.0,2/16,11.19%,FCGR3A;MICA
prerank,Phosphatidylglycerol Metabolic Process (GO:0046471),-0.23130220101373905,-0.5357265699680793,0.9762340036563071,1.0,1.0,6/15,30.08%,PLA2G4A;PLA2G1B;PLA2G4B;MBOAT2;GPAM;PGS1
prerank,"RNA Splicing, Via Endonucleolytic Cleavage And Ligation (GO:0000394)",0.24777968691827568,0.5350258077532287,0.9682875264270613,0.9894654005063168,1.0,2/10,19.20%,RTCB;ERN1
prerank,Positive Regulation Of Mitotic Sister Chromatid Separation (GO:1901970),-0.23368538995281474,-0.5345673495042151,0.9809523809523809,1.0,1.0,5/14,33.31%,NSMCE2;ANAPC7;ANAPC5;CDCA8;CUL3
prerank,Morphogenesis Of An Endothelium (GO:0003159),-0.29440237661106194,-0.5339755724617582,0.9533582089552238,1.0,1.0,2/5,23.98%,CTNNB1;PRKD2
prerank,Regulation Of Leukocyte Mediated Cytotoxicity (GO:0001910),-0.2644779209887578,-0.5332051101500825,0.9680284191829485,1.0,1.0,3/8,31.31%,DNASE1L3;NOS2;DNASE1
prerank,tRNA 5'-Leader Removal (GO:0001682),-0.2463067631415811,-0.5329603595458382,0.9754716981132076,1.0,1.0,6/11,32.67%,RPP38;RPP14;POP4;RPP30;POP5;PRORP
prerank,Regulation Of Histone Modification (GO:0031056),-0.21988994424776118,-0.5319345728012417,0.9809688581314879,1.0,1.0,2/17,15.74%,MTHFR;KAT2A
prerank,succinyl-CoA Metabolic Process (GO:0006104),0.25279591694409353,0.5312226693394586,0.9431578947368421,0.9904385643675918,1.0,1/8,12.19%,NUDT19
prerank,Regulation Of T-helper 1 Cell Differentiation (GO:0045625),0.28656843784625546,0.5298847344108687,0.957983193277311,0.9905343887548131,1.0,3/5,28.71%,MYDGF;JAK3;CCL19
prerank,Protein Retention In ER Lumen (GO:0006621),-0.27825183515964547,-0.5279831198541598,0.9674502712477396,1.0,1.0,1/7,15.57%,PDIA2
prerank,DNA Recombination (GO:0006310),0.1767881177838909,0.5276556295512307,1.0,0.9909262762178536,1.0,13/39,25.94%,ENDOG;XRCC3;RAD51D;RBBP8;TOP3A;XRCC6;TSN;BLM;HDAC10;EXO1;ERCC1;GEN1;XRCC2
prerank,tRNA Modification (GO:0006400),0.16291939615044404,0.5268737653738622,0.9977728285077951,0.9908141823833357,1.0,24/64,31.98%,GON7;MTO1;TRMT112;URM1;TYW1B;THUMPD2;THUMPD1;METTL1;TRMT61A;DUS1L;ELP5;MOCS3;METTL8;CDKAL1;YRDC;KTI12;TPRKB;DUS4L;QTRT1;PUS1;AARS2;OSGEP;FTSJ1;PUSL1
prerank,Negative Regulation Of DNA Biosynthetic Process (GO:2000279),0.18922117379957942,0.5258956255749675,0.9914529914529915,0.9907582162664267,1.0,9/28,22.93%,CDKN1A;TINF2;TP53;STON1;HNRNPC;GNL3L;NIBAN2;TERF2;NAT10
prerank,tRNA Methylation (GO:0030488),-0.1853099527497572,-0.5249381960355904,0.9946236559139785,1.0,1.0,12/35,33.00%,NSUN2;TARBP1;DALRD3;TRMT10A;TRMT44;NSUN6;TRMT1;TRMT1L;TRMT9B;TRDMT1;TRMT12;TRMT6
prerank,Detection Of Chemical Stimulus Involved In Sensory Perception Of Bitter Taste (GO:0001580),0.24480279774625988,0.5246415403581415,0.9676025917926566,0.9904331505654266,1.0,9/9,75.53%,RTP5;TAS2R30;TAS2R14;TAS2R7;PIGR;RTP4;TAS2R4;TAS2R40;RTP1
prerank,Sensory Perception Of Bitter Taste (GO:0050913),0.24480279774625988,0.5246415403581415,0.9676025917926566,0.9904331505654266,1.0,9/9,75.53%,RTP5;TAS2R30;TAS2R14;TAS2R7;PIGR;RTP4;TAS2R4;TAS2R40;RTP1
prerank,Heterocycle Biosynthetic Process (GO:0018130),-0.2552409469868048,-0.5235010822479177,0.9707495429616088,1.0,1.0,2/9,23.54%,LIAS;GPHN
prerank,Golgi Inheritance (GO:0048313),-0.24210660476473464,-0.5227295675693026,0.9783783783783784,1.0,1.0,6/9,39.80%,VCPIP1;VRK1;STK25;STX5;GOLGA2;PLK3
prerank,Positive Regulation Of CREB Transcription Factor Activity (GO:0032793),-0.21937304954783168,-0.5218144955358031,0.9758812615955473,1.0,1.0,4/15,23.98%,CAMK1D;LRP8;CRTC3;PRKD2
prerank,Negative Regulation Of Viral-Induced Cytoplasmic Pattern Recognition Receptor Signaling Pathway (GO:0039532),-0.22152914623595993,-0.5213276153400058,0.9818511796733213,1.0,1.0,4/15,25.45%,RNF125;RAB7B;TSPAN6;RIOK3
prerank,rRNA Base Methylation (GO:0070475),0.268335874350059,0.5209334652181591,0.9541484716157205,0.9912556322335967,1.0,1/7,9.35%,TRMT112
prerank,GPI Anchor Metabolic Process (GO:0006505),-0.19407457415392831,-0.5206412151194533,0.9853747714808044,1.0,1.0,6/25,24.65%,PGAP3;PGAP1;PIGZ;PIGG;PIGN;PIGM
prerank,Regulation Of MDA-5 Signaling Pathway (GO:0039533),-0.2792614147278101,-0.5202269799131672,0.9734982332155477,1.0,1.0,2/6,25.45%,USP17L2;RIOK3
prerank,Positive Regulation Of NLRP3 Inflammasome Complex Assembly (GO:1900227),-0.2101838443371143,-0.5202056202774967,0.9869888475836431,1.0,1.0,7/18,31.00%,MAPK8;TLR6;PPP2CA;DDX3X;NEK7;DHX33;USP50
prerank,Negative Regulation Of Tyrosine Phosphorylation Of STAT Protein (GO:0042532),0.24606690385703991,0.5191137892088333,0.9720430107526882,0.9914534248741522,1.0,4/9,23.86%,PTPN2;SOCS1;SOCS3;PPP2R1A
prerank,Protein Localization To Cytoplasmic Stress Granule (GO:1903608),-0.2761378581448132,-0.5182277505132449,0.962756052141527,1.0,1.0,3/6,30.47%,DDX1;DDX3X;TIA1
prerank,"Maturation Of LSU-rRNA From Tricistronic rRNA Transcript (SSU-rRNA, 5.8S rRNA, LSU-rRNA) (GO:0000463)",0.23530203569964123,0.5180808506459803,0.9493392070484582,0.9914116460693474,1.0,2/10,14.56%,ZNHIT6;PES1
prerank,DNA Biosynthetic Process (GO:0071897),-0.21756666211366518,-0.518072050725013,0.9870848708487084,1.0,1.0,4/15,29.49%,WRN;POLH;POLE;POLD3
prerank,DNA Replication (GO:0006260),0.15636836056125303,0.5177836728396235,1.0,0.9911216153721097,1.0,21/69,29.98%,CDK2AP1;POLE3;WDR18;RFC1;ORC5;POLD2;POLL;STON1;POLE4;RECQL4;BLM;POLG;REV3L;WRNIP1;RNASEH1;CDK1;MCM4;MCM2;DUT;MCM7;RFC2
prerank,Negative Regulation Of Oxidoreductase Activity (GO:0051354),-0.25006973002738025,-0.5164017000369011,0.9769094138543517,1.0,1.0,1/9,9.88%,DRD5
prerank,Resolution Of Meiotic Recombination Intermediates (GO:0000712),-0.22972044705928962,-0.5162367265721899,0.9801801801801802,1.0,1.0,6/12,33.73%,FANCM;HFM1;EME1;SLX4;RMI1;EME2
prerank,GPI Anchor Biosynthetic Process (GO:0006506),-0.18802571201633161,-0.514620832099148,0.9925373134328358,1.0,1.0,7/28,25.42%,PGAP3;PGAP1;PIGZ;PIGG;PIGN;PIGM;PIGK
prerank,Regulation Of Rab Protein Signal Transduction (GO:0032483),0.2648277648277649,0.5143046824233681,0.9495798319327731,0.9918424506728891,1.0,6/6,73.53%,SGSM3;DENND4A;DENND4C;DENND3;DENND4B;ETFA
prerank,Positive Regulation Of Cellular Senescence (GO:2000774),0.24651484361496356,0.5138389955789489,0.9665178571428571,0.9916159528429445,1.0,4/8,32.12%,TP53;B2M;ARG2;CGAS
prerank,Ketone Body Metabolic Process (GO:1902224),0.2822541607691179,0.5132620562908884,0.9545454545454546,0.9914240310673248,1.0,1/5,12.76%,SLC27A5
prerank,Negative Regulation Of Telomere Capping (GO:1904354),-0.2743810059523075,-0.5129947487499107,0.9773156899810964,1.0,1.0,2/6,29.78%,RAD50;SMG6
prerank,Negative Regulation Of Telomere Maintenance Via Telomere Lengthening (GO:1904357),0.19027679188033686,0.5116332280857215,0.9813664596273292,0.991499374266711,1.0,7/23,22.93%,PARP1;TINF2;STON1;HNRNPC;GNL3L;TERF2;NAT10
prerank,Negative Regulation Of Telomerase Activity (GO:0051974),0.2505504468333116,0.5114602914748186,0.967391304347826,0.9911776981458361,1.0,8/8,74.96%,TP53;PARP3;PINX1;MEN1;POT1;TERF1;SRC;PIF1
prerank,Positive Regulation Of Autophagosome Assembly (GO:2000786),-0.2191498927296424,-0.5102626996588822,0.9875444839857651,1.0,1.0,6/15,37.96%,WDR45;WIPI1;MOAP1;RAB3GAP2;LRSAM1;PIP4K2C
prerank,Negative Regulation Of DNA Replication (GO:0008156),0.22695726554877996,0.5101799092033567,0.980561555075594,0.991194603228148,1.0,2/12,10.56%,GTPBP4;S100A11
prerank,Osteoblast Development (GO:0002076),0.24781454380625503,0.5061583930326312,0.967032967032967,0.9919856486621158,1.0,7/7,75.23%,GLI2;LIMD1;PTHLH;CLEC5A;MEN1;LRP5;TNN
prerank,Cardiolipin Biosynthetic Process (GO:0032049),-0.264601913447689,-0.5055483934598417,0.9798534798534798,1.0,1.0,3/6,34.58%,TAMM41;PGS1;PLA2G6
prerank,L-methionine Salvage (GO:0071267),-0.26552452146283484,-0.5026274656250466,0.9737335834896811,1.0,1.0,2/6,20.65%,BHMT2;BHMT
prerank,Peptidyl-Lysine Trimethylation (GO:0018023),0.2218481646421264,0.5026204721642983,0.983132530120482,0.992569595720102,1.0,3/11,23.63%,CSKMT;NFYB;VCPKMT
prerank,Regulation Of Ketone Biosynthetic Process (GO:0010566),0.2608967849582329,0.5005920561559877,0.9707112970711297,0.9927188358331882,1.0,2/6,20.54%,H6PD;CLCN2
prerank,Ribonucleoside Bisphosphate Catabolic Process (GO:0034031),0.2382463411475197,0.5002819583230365,0.9631147540983607,0.9920742266389175,1.0,8/8,76.19%,NUDT19;SUCLG2;SUCLG1;NUDT8;NUDT7;FITM2;MLYCD;SUCLA2
prerank,Purine Nucleoside Bisphosphate Catabolic Process (GO:0034034),0.2382463411475197,0.5002819583230365,0.9631147540983607,0.9920742266389175,1.0,8/8,76.19%,NUDT19;SUCLG2;SUCLG1;NUDT8;NUDT7;FITM2;MLYCD;SUCLA2
prerank,Negative Regulation Of Muscle Cell Apoptotic Process (GO:0010656),0.22964833883815816,0.4989852774707174,0.9701492537313433,0.9920431081022081,1.0,9/9,77.05%,BAG3;IGF1;LYPD3;GRIA4;BMP7;LRP6;ZC3H12A;APOH;DIPK2A
prerank,Protein Acylation (GO:0043543),-0.17321135248113226,-0.49565662717567527,0.9982578397212544,1.0,1.0,12/36,31.22%,CREBBP;ING5;KAT2A;ZDHHC3;ZDHHC23;ZDHHC15;ING4;ZDHHC18;KAT6A;EP300;HHAT;NAA80
prerank,Pituitary Gland Development (GO:0021983),-0.2635622566250516,-0.4927367430602,0.9741219963031423,1.0,1.0,1/6,15.13%,HESX1
prerank,Regulation Of Mitochondrial Fusion (GO:0010635),-0.23462168963893731,-0.4926722376885506,0.9787234042553191,1.0,1.0,2/9,17.90%,PLD6;PID1
prerank,Short-Chain Fatty Acid Metabolic Process (GO:0046459),-0.2712092574686677,-0.48654694511286334,0.9796672828096118,1.0,1.0,2/5,25.15%,MCEE;PCCA
prerank,mRNA Methylation (GO:0080009),0.20448866712223543,0.4847204315635711,0.9891304347826086,0.9950737148103129,1.0,5/14,23.86%,CMTR1;ZC3H13;TRMT61A;PCIF1;METTL8
prerank,DNA Strand Elongation Involved In DNA Replication (GO:0006271),0.2097112571587187,0.4831516167360008,0.9819819819819819,0.9950379516598064,1.0,3/12,19.09%,POLE3;POLD2;PCNA
prerank,DNA Strand Elongation (GO:0022616),-0.22463502013287068,-0.48229089016102794,0.9945255474452555,1.0,1.0,3/11,29.49%,RAD50;RFC4;POLD3
prerank,Cellular Response To Muramyl Dipeptide (GO:0071225),-0.2353322108535164,-0.481084589537707,0.9925233644859813,1.0,1.0,8/8,76.49%,CHMP5;LDOC1;NOD2;PTPN22;NOD1;VIM;TRIM41;RIPK2
prerank,"Regulation Of Nuclear-Transcribed mRNA Catabolic Process, Deadenylation-Dependent Decay (GO:1900151)",0.18470511989630561,0.4810480112535473,0.9977777777777778,0.9951405727158731,1.0,20/20,81.55%,CSDE1;YBX1;ZFP36L2;CNOT7;HNRNPU;ZFP36;PAIP1;HNRNPD;NANOS1;RC3H1;DHX9;TNRC6C;DHX36;ZFP36L1;CNOT1;TNRC6B;TOB1;CPEB3;SYNCRIP;NANOS3
prerank,Positive Regulation Of Translation In Response To Stress (GO:0032056),-0.2649978791520492,-0.4763528813044363,0.9833333333333333,1.0,1.0,1/5,17.07%,EIF2AK4
prerank,Regulation Of Cell Cycle Checkpoint (GO:1901976),0.20781671413491196,0.47270490560830647,0.9910913140311804,0.9964385155491302,1.0,1/11,8.51%,WDR76
prerank,Cell-Cell Junction Maintenance (GO:0045217),0.20351477994366396,0.4700424447732802,0.9934497816593887,0.9965663285298539,1.0,5/12,25.18%,NLGN2;CSF1R;F2R;PARD6A;INAVA
prerank,Telomeric Loop Disassembly (GO:0090657),-0.23331361016129673,-0.4694199746988941,0.988950276243094,1.0,1.0,1/8,8.57%,WRN
prerank,Type I Interferon-Mediated Signaling Pathway (GO:0060337),-0.18018135185115375,-0.4678103782069178,0.996309963099631,1.0,1.0,9/23,34.23%,IFI27;HDAC4;TBK1;IFNAR2;IFITM1;TANK;IFNA2;IFNAR1;SP100
prerank,Double-Strand Break Repair Via Synthesis-Dependent Strand Annealing (GO:0045003),0.25508835339391644,0.46563150094229483,0.9722222222222222,0.9969833441917059,1.0,1/5,13.44%,XRCC3
prerank,Monoacylglycerol Catabolic Process (GO:0052651),0.23529457988710636,0.4646470829530877,0.9763440860215054,0.99678035902625,1.0,4/6,30.52%,FAAH;ABHD6;ABHD16A;MGLL
prerank,RISC Complex Assembly (GO:0070922),-0.2277936109104427,-0.46336729635645724,0.9865125240847784,1.0,1.0,3/8,28.92%,AGO3;AGO2;DICER1
prerank,Insulin-Like Growth Factor Receptor Signaling Pathway (GO:0048009),-0.21483726764430833,-0.4624724691444192,0.9876977152899824,1.0,1.0,4/10,32.79%,IGF1R;TSC2;PIK3R1;PLCB1
prerank,Positive Regulation Of Vascular Endothelial Growth Factor Receptor Signaling Pathway (GO:0030949),-0.22315311415387182,-0.4607541516253983,0.9866666666666667,1.0,1.0,2/9,23.98%,GRB10;PRKD2
prerank,Negative Regulation By Host Of Viral Genome Replication (GO:0044828),-0.22593445234677056,-0.45979025905322746,0.9913494809688581,1.0,1.0,3/8,28.23%,EIF2AK4;SMC5;SMC6
prerank,Regulation Of Sterol Biosynthetic Process (GO:0106118),-0.2264973208518775,-0.45950658317046317,0.990791896869245,1.0,1.0,4/8,31.57%,AQP8;MBTPS2;MBTPS1;ERLIN1
prerank,p38MAPK Cascade (GO:0038066),-0.23067956211898008,-0.4592066385730818,0.989010989010989,1.0,1.0,4/8,36.04%,MAPK11;MAPK14;ZFP36L1;MAP2K6
prerank,Mitotic Cell Cycle Checkpoint Signaling (GO:0007093),-0.1727602748606249,-0.4573158715522845,0.9946332737030411,1.0,1.0,24/24,82.76%,BABAM2;RAD50;BRCA1;BARD1;CHFR;INIP;PLK3;CHEK1;DEPDC1B;UIMC1;NBN;INTS3;MRE11;SETMAR;VPS4A;BABAM1;ZWINT;CHMP4C;NABP1;NABP2;CDK5RAP3;RBBP8;ZFYVE19;AURKB
prerank,DNA Repair-Dependent Chromatin Remodeling (GO:0140861),-0.19163365854037268,-0.4570041973879503,0.9945750452079566,1.0,1.0,4/16,32.36%,RNF8;KAT5;USP3;ASF1A
prerank,Tooth Mineralization (GO:0034505),-0.25822683190509277,-0.4562314313347007,0.996268656716418,1.0,1.0,2/5,24.50%,COL1A1;FAM20A
prerank,Protein Kinase C Signaling (GO:0070528),-0.23111966682079133,-0.45537989709208754,0.9908925318761385,1.0,1.0,3/7,28.67%,AZU1;HTR2B;PDGFB
prerank,Regulation Of Autophagosome Maturation (GO:1901096),-0.19235458972752897,-0.4538545396944474,0.9869402985074627,1.0,1.0,2/15,12.65%,CLEC16A;ATG5
prerank,Homologous Chromosome Segregation (GO:0045143),-0.195723616919594,-0.45180803250478985,0.9851301115241635,1.0,1.0,6/13,37.52%,TERB1;MND1;MEI4;FANCD2;CENPC;RNF212
prerank,Regulation Of Intracellular Steroid Hormone Receptor Signaling Pathway (GO:0033143),-0.17942795330959105,-0.4516719804284505,0.9981684981684982,1.0,1.0,2/21,10.96%,LATS1;KDM4C
prerank,Histone H2A-K119 Monoubiquitination (GO:0036353),0.23757400375878338,0.45069200097751533,0.9933035714285714,0.9986313061019114,1.0,1/6,13.00%,PCGF3
prerank,Long-Chain fatty-acyl-CoA Biosynthetic Process (GO:0035338),-0.19023106786794175,-0.45036041541395405,0.991166077738516,1.0,1.0,5/15,32.03%,ACSL5;ELOVL7;TECR;ACSL6;ELOVL6
prerank,Response To DNA Damage Checkpoint Signaling (GO:0072423),-0.2513166964328126,-0.45029423908805516,0.990909090909091,1.0,1.0,2/5,26.48%,EME1;SLX4
prerank,Establishment Of Protein Localization To Peroxisome (GO:0072663),0.23647008826221924,0.4487245611701817,0.9889135254988913,0.9985463843163157,1.0,4/6,30.85%,PEX12;PEX16;PEX6;LONP2
prerank,Establishment Of Protein Localization To Chromosome (GO:0070199),0.20743633974712172,0.44251790688517834,0.9977116704805492,0.9990184115271065,1.0,3/9,24.00%,WBP2;LRWD1;NABP2
prerank,Dermatan Sulfate Metabolic Process (GO:0030205),-0.24702240181799706,-0.44157657008425516,0.9907235621521335,1.0,1.0,1/5,13.93%,IDUA
prerank,Regulation Of Hydrogen Peroxide Metabolic Process (GO:0010310),0.24116661644309492,0.44060842623836904,0.9890350877192983,0.9988948191306348,1.0,1/5,13.91%,RAC2
prerank,Cellular Response To Type I Interferon (GO:0071357),-0.16553956501919656,-0.4400941548668301,1.0,1.0,1.0,9/24,34.23%,IFI27;HDAC4;TBK1;IFNAR2;IFITM1;TANK;IFNA2;IFNAR1;SP100
prerank,Regulation Of Glycogen Metabolic Process (GO:0070873),-0.2061919183583586,-0.43649247307973843,0.9945454545454545,1.0,1.0,1/10,10.52%,PPP1R3G
prerank,RNA Modification (GO:0009451),-0.14416121968771653,-0.4362041026612285,1.0,1.0,1.0,11/45,30.30%,ADARB1;NSUN2;PARN;METTL3;NSUN6;TRMT1;TRUB1;HENMT1;TRMT9B;PUS7;TRDMT1
prerank,Glycosyl Compound Biosynthetic Process (GO:1901659),-0.2378988249261585,-0.43597239684866906,0.9903846153846154,1.0,1.0,2/5,32.76%,TYW5;TRMT12
prerank,Wybutosine Biosynthetic Process (GO:0031591),-0.2378988249261585,-0.43597239684866906,0.9903846153846154,1.0,1.0,2/5,32.76%,TYW5;TRMT12
prerank,Wybutosine Metabolic Process (GO:0031590),-0.2378988249261585,-0.43597239684866906,0.9903846153846154,1.0,1.0,2/5,32.76%,TYW5;TRMT12
prerank,"Nuclear-Transcribed mRNA Catabolic Process, Deadenylation-Independent Decay (GO:0031086)",-0.2322428928693544,-0.43437493320545845,0.9926470588235294,1.0,1.0,3/6,35.99%,DCP1B;EDC4;ZFP36L1
prerank,Lens Fiber Cell Differentiation (GO:0070306),-0.20084196891191708,-0.4241073247903044,0.9945155393053017,1.0,1.0,10/10,79.94%,TDRD7;CRYGD;WNT7B;PLAAT1;SIX3;WNT7A;HSF4;MAF;PLAAT3;WNT5B
prerank,Translational Readthrough (GO:0006451),0.21323577025189405,0.4239163488646231,0.9978165938864629,0.9999266683261268,1.0,7/7,78.69%,DIO2;SELENOT;SEPSECS;SECISBP2;TRNAU1AP;SECISBP2L;EEFSEC
prerank,Selenocysteine Incorporation (GO:0001514),0.21323577025189405,0.4239163488646231,0.9978165938864629,0.9999266683261268,1.0,7/7,78.69%,DIO2;SELENOT;SEPSECS;SECISBP2;TRNAU1AP;SECISBP2L;EEFSEC
prerank,Protein Repair (GO:0030091),-0.23493108415562056,-0.4236763314751539,0.9947735191637631,1.0,1.0,3/5,36.63%,MSRA;MSRB3;PCMT1
prerank,Negative Regulation Of Telomere Maintenance Via Telomerase (GO:0032211),0.1674194106032056,0.4205271697827062,1.0,0.9998312356436649,1.0,6/18,22.93%,TINF2;STON1;HNRNPC;GNL3L;TERF2;NAT10
prerank,Chromosome Condensation (GO:0030261),0.16010399927414293,0.41946959302950776,1.0,0.9995471895175841,1.0,3/20,19.75%,TOP2A;PHF13;CHMP1A
prerank,Negative Regulation Of Signaling (GO:0023057),-0.1552693698695864,-0.4186835916263403,1.0,1.0,1.0,7/26,31.10%,KIF26A;IGFBP3;ADIPOQ;MPIG6B;LIF;PCSK9;SOCS5
prerank,Organic Hydroxy Compound Catabolic Process (GO:1901616),-0.23264008958141358,-0.41823893066266704,0.9963031423290203,0.999738763659052,1.0,1/5,21.38%,HSD17B6
prerank,Peroxisomal Transport (GO:0043574),0.20597515012338552,0.41505528904212496,0.9956236323851203,0.9995095246349585,1.0,3/7,23.90%,PEX12;PEX16;PEX6
prerank,Error-Prone Translesion Synthesis (GO:0042276),-0.19705511097873413,-0.41049308452299027,0.9962546816479401,0.9998242728756837,1.0,4/9,38.45%,POLH;POLD3;POLI;TENT4A
prerank,Dolichol-Linked Oligosaccharide Biosynthetic Process (GO:0006488),0.1732314071002849,0.4077851407806845,1.0,0.9996653009690066,1.0,14/14,82.69%,ALG3;PDCD6;MPDU1;ALG12;DOLK;DPM1;DHDDS;ALG8;DPAGT1;SRD5A3;DOLPP1;ALG6;ALG9;ALG14
prerank,Negative Regulation Of Vitamin Metabolic Process (GO:0046137),-0.23161391209392235,-0.40744088390598954,0.9960861056751468,0.999576335264559,1.0,3/5,31.61%,PRMT3;GFI1;SNAI2
prerank,Chloride Ion Homeostasis (GO:0055064),-0.1936705541159537,-0.40383956607817617,0.99812382739212,0.9988970968487297,1.0,1/9,15.21%,SLC12A5
prerank,Monoatomic Anion Homeostasis (GO:0055081),-0.1936705541159537,-0.40383956607817617,0.99812382739212,0.9988970968487297,1.0,1/9,15.21%,SLC12A5
prerank,Histone H3-K14 Acetylation (GO:0044154),0.18154695574231638,0.39440975211747337,0.9977324263038548,0.9999815656225987,1.0,3/9,27.29%,WDR5;TADA3;KAT14
prerank,Negative Regulation Of Plasminogen Activation (GO:0010757),-0.203596885960215,-0.38442127003685733,0.9980952380952381,0.9992434154286383,1.0,2/6,31.24%,PLAT;THBS1
prerank,Positive Regulation Of Megakaryocyte Differentiation (GO:0045654),0.17927140952958362,0.37348832080110017,1.0,1.0,1.0,1/8,11.50%,SCIN
prerank,Positive Regulation Of Spindle Checkpoint (GO:0090232),0.16754922815968823,0.3657227650395055,0.9978768577494692,0.999695499895038,1.0,3/11,25.39%,XRCC3;INCENP;GEN1
prerank,Positive Regulation Of Mitotic Cell Cycle Spindle Assembly Checkpoint (GO:0090267),0.16754922815968823,0.3657227650395055,0.9978768577494692,0.999695499895038,1.0,3/11,25.39%,XRCC3;INCENP;GEN1
